"perte_ndvi","pente","topoexp"
0.0641155422199517,0.979500090414374,0.100198850035667
0.0699746432946995,1.6995421002661,0.0962357893586159
0.012438403442502,2.65423289828569,0.0962357893586159
0.0204681782051921,3.88428621929389,0.0962357893586159
0.00697459373623133,5.24428529438733,0.0976068153977394
0.00894133001565933,6.84107174293774,0.0976068153977394
0.00484354142099619,8.80504839496573,0.0976068153977394
0.033048021607101,10.9632181875797,0.123318232595921
0.0155670458916575,12.5209631929319,0.123318232595921
0.0412735817953944,12.9046261694091,0.123318232595921
0.0433266293257475,12.3238088077653,0.149833992123604
0.0599909843876958,11.3170033148107,0.149833992123604
0.0215934477746487,9.94865129034278,0.149833992123604
0.026595083065331,8.2208552400161,0.143864333629608
0.0617182075511664,6.39021686140466,0.143864333629608
0.059216464869678,4.63220690038322,0.143864333629608
0.0334217560011894,3.02950872235478,0.120270229876041
0.0809421506710351,1.547519151719,0.120270229876041
0.0817978004924953,1.64250975837616,0.119334705173969
0.071940103545785,2.35214352332717,0.106512144207954
0.0363567154854536,3.37724206933913,0.106512144207954
0.0304933469742537,4.7606677396268,0.106512144207954
0.0264759785495698,6.13295183194833,0.0976099520921707
0.0576981576159596,7.89378997102272,0.0976099520921707
0.0251139793545008,10.1089452978487,0.0976099520921707
0.0299278681632131,12.3507692399352,0.159007623791695
0.0432463232427835,13.5587320496806,0.159007623791695
0.0780824008397758,13.8203374321179,0.159007623791695
0.0559956319048069,13.2814459803232,0.235463976860046
0.0533731775358319,12.2998049589962,0.235463976860046
0.0553168393671513,11.0612359854869,0.235463976860046
0.0623398888856173,9.4036018831391,0.256631225347519
0.0304039614275098,7.57209591921209,0.256631225347519
0.0298804109916091,5.86037269333309,0.256631225347519
0.0672261696308851,4.46428273104505,0.220367848873138
0.0138950026594102,2.70482130990121,0.220367848873138
0.0584211777895689,9.43092110109012,0.119334705173969
0.0444281809031963,10.1235887220255,0.106512144207954
0.0424687303602695,11.0172749178397,0.106512144207954
0.041225403547287,12.3320351259361,0.106512144207954
0.0365987475961447,13.6925093191702,0.0976099520921707
0.0772873237729073,15.1598343534572,0.0976099520921707
0.0489275869913399,16.5986632610098,0.0976099520921707
0.0764260198920965,17.7095586289739,0.159007623791695
0.130140993744135,17.7515126856888,0.159007623791695
0.0949171259999275,17.6613845844839,0.159007623791695
0.0782835138961673,17.5056298539697,0.235463976860046
0.0473960065282881,17.1096861023155,0.235463976860046
0.0198755674064159,16.597023247721,0.235463976860046
0.0576268169097602,15.6607770926094,0.256631225347519
0.0726514048874378,14.3987827208284,0.256631225347519
0.0783069729804993,12.8763302547012,0.256631225347519
0.0560482442378998,11.152204550012,0.220367848873138
0.00654783146455884,8.75362464127778,0.220367848873138
-0.0114021170884371,5.27811829072322,0.0805311724543571
0.0210472233593464,9.06925912074206,0.0882185623049736
0.0303389988839626,12.4731387988135,0.0882185623049736
0.0510796215385199,14.9988364632022,0.0882185623049736
0.0371522009372711,16.9115776477032,0.119334705173969
0.0329992370679975,18.438593517794,0.119334705173969
0.0480569899082184,19.3470911032843,0.119334705173969
0.0493348380550742,19.7291975541542,0.106512144207954
0.0301324408501387,20.2833274335595,0.106512144207954
0.0407885573804379,21.351954805492,0.106512144207954
0.0865621548146009,22.53394542301,0.0976099520921707
0.10968959890306,23.4732076074291,0.0976099520921707
0.0930774360895157,23.7830897725805,0.0976099520921707
0.185153553262353,23.508496600103,0.159007623791695
0.184115877375007,22.599671970308,0.159007623791695
0.100986063480377,22.2688529282382,0.159007623791695
0.0491057336330414,22.4859624774717,0.235463976860046
0.0415436625480652,22.7062984585998,0.235463976860046
0.100390315055847,22.9067474012334,0.235463976860046
0.117992259562016,22.7763325636746,0.256631225347519
0.0585960149765015,22.3143942277257,0.256631225347519
0.00433321297168732,21.2960040376598,0.256631225347519
0.0258762091398239,19.6262485357951,0.220367848873138
0.0373049869667739,17.0781080338474,0.220367848873138
-0.0247152037918568,13.7788412489811,0.220367848873138
-0.0258385138586164,10.4450086474056,0.158505529165268
0.0215527702821419,7.31908384129883,0.158505529165268
-0.0137201212346554,4.70729647747334,0.158505529165268
0.00412273220717907,2.89433844116225,0.120137199759483
0.00993473932612687,1.48714840716883,0.120137199759483
-0.00440320000052452,8.9343551685005,0.00429701060056686
-0.0135526414960623,12.6561955116978,0.0571063198149204
-0.00890680402517319,15.0382393785521,0.0571063198149204
0.0303200986236334,16.9712245960364,0.0571063198149204
0.0393546242266893,18.8956966653488,0.130743995308876
0.0271601136773825,20.4458148003659,0.130743995308876
0.0312904100865126,21.2636689520599,0.130743995308876
-0.00371152814477682,21.5674781799144,0.128754198551178
0.00504281651228666,22.1237348428577,0.128754198551178
0.0141534865833819,23.2722561046758,0.128754198551178
0.111184262670577,24.4546620174469,0.119438603520393
0.135280940681696,25.1638772282881,0.119438603520393
0.188089853152633,25.0925595114331,0.119438603520393
0.13120798766613,24.4980871219178,0.16933985054493
0.0888742804527283,23.5127425095304,0.16933985054493
0.0259718298912048,23.1866411259933,0.16933985054493
-0.0332037806510925,23.4595615928282,0.261201173067093
-0.0702840089797974,23.8078076389209,0.261201173067093
-0.0228663384914398,24.1793010674621,0.261201173067093
-0.038632333278656,24.2289348516742,0.329722911119461
0.0399474203586578,24.0649348291985,0.329722911119461
0.0555473566055298,23.4535119403579,0.329722911119461
0.0356582403182983,22.0074233065316,0.352540343999863
0.0712395310401917,19.6054419496715,0.352540343999863
-0.00767785729840398,16.3660793850086,0.352540343999863
-0.00684425717918202,13.0135726298671,0.311856776475906
0.0078740157186985,9.57307108422535,0.311856776475906
-0.0232298743212596,6.32432009446658,0.311856776475906
-0.0110632982105017,4.34147683511477,0.189754649996758
-0.0313184824772179,2.64407962213975,0.189754649996758
-0.00202171690762043,16.7511891156761,0.00429701060056686
0.0214169844985008,19.9166602651462,0.0571063198149204
0.0114244781434536,20.5846132445567,0.0571063198149204
-0.0133014209568501,20.8292435831631,0.0571063198149204
-0.0172030627727509,21.7359800704178,0.130743995308876
-0.0283347386866808,22.5779053170114,0.130743995308876
-0.00217635929584503,23.1689282821824,0.130743995308876
0.0139561891555786,23.6933425342518,0.128754198551178
0.103437270969152,24.2893746423482,0.128754198551178
0.0764027573168278,24.7842126026558,0.128754198551178
0.111743874847889,24.8057781052958,0.119438603520393
0.116338118910789,24.3335821765294,0.119438603520393
0.128418654203415,23.583116019264,0.119438603520393
0.123752236366272,22.8451747106666,0.16933985054493
0.0495536923408508,21.9906040270261,0.16933985054493
-0.00569498538970947,21.836464876692,0.16933985054493
-0.0374053716659546,22.3063636133266,0.261201173067093
-0.0447490811347961,22.8735914087051,0.261201173067093
-0.000330746173858643,23.438183562681,0.261201173067093
-0.0584885478019714,23.596196325528,0.329722911119461
0.0133040547370911,23.779285083231,0.329722911119461
0.119693011045456,24.0316731003131,0.329722911119461
0.0804030150175095,23.5718953759114,0.352540343999863
0.0532010793685913,22.2641949988006,0.352540343999863
0.0631107091903687,20.132922495891,0.352540343999863
0.00851391977630556,17.5622885993352,0.311856776475906
-0.0252733356319368,14.2318142871167,0.311856776475906
-0.00201040087267756,10.3349581398282,0.311856776475906
-0.026062382850796,7.47265810790741,0.189754649996758
-0.0189983556047082,4.59883627047899,0.189754649996758
0.00872134417295456,8.96649552959409,0.0618992634117603
-0.018792986869812,15.2683356474459,0.00429701060056686
0.0111811496317387,21.765327826751,0.00429701060056686
0.00808075629174709,25.9740900744904,0.00429701060056686
0.0172721892595291,27.2549475300573,0.0571063198149204
-0.0224867016077042,26.4160525100948,0.0571063198149204
-0.0647553503513336,25.3241888755768,0.0571063198149204
-0.091200590133667,25.1362910841049,0.130743995308876
-0.133798934519291,25.2433518195981,0.130743995308876
-0.0867833942174911,25.7031814563992,0.130743995308876
-0.0188204348087311,26.5448622766624,0.128754198551178
-0.04365074634552,27.0737389623532,0.128754198551178
-0.0352306365966797,26.462046483002,0.128754198551178
0.0106208324432373,24.7990354945937,0.119438603520393
0.000148802995681763,22.8831396125213,0.119438603520393
0.144699156284332,21.4321531436834,0.119438603520393
0.0928524732589722,20.567044169711,0.16933985054493
0.00764018297195435,19.8612158102031,0.16933985054493
-0.0124963521957397,19.9204763749422,0.16933985054493
-0.014134407043457,20.6733992437925,0.261201173067093
0.0142865777015686,21.5366599869981,0.261201173067093
-0.0024535059928894,22.3646354691498,0.261201173067093
-0.0192018151283264,22.6749564335816,0.329722911119461
0.00238639116287231,23.1854404074392,0.329722911119461
0.0679241418838501,24.2598069326584,0.329722911119461
-0.0385409593582153,24.9147361583211,0.352540343999863
-0.0256696045398712,25.0321921354997,0.352540343999863
0.032314658164978,24.3280867254928,0.352540343999863
0.0516498386859894,22.6372820738353,0.311856776475906
0.0657831970602274,19.7798812743718,0.311856776475906
-0.0205847732722759,15.8215602017697,0.311856776475906
-0.00774611439555883,12.2180123347007,0.189754649996758
0.00285670161247253,7.6756176956068,0.189754649996758
0.00864572450518608,15.2979315472803,-0.0482948049902916
0.0122472606599331,21.4247464739197,-0.12315759062767
-0.00455231964588165,26.2692923184696,-0.12315759062767
-0.00738067924976349,28.6333413794087,-0.12315759062767
-0.037653923034668,29.0644773912509,0.0134803215041757
-0.091081291437149,27.8343323979148,0.0134803215041757
-0.111423015594482,26.4242076749605,0.0134803215041757
-0.123416006565094,25.9720391758854,0.10839119553566
-0.144136428833008,25.9753995307139,0.10839119553566
-0.099195808172226,26.5012383692688,0.10839119553566
-0.0427088737487793,27.4437976179058,0.132934853434563
-0.0584396123886108,27.7918206282821,0.132934853434563
-0.0554513335227966,26.6675039564091,0.132934853434563
-0.0313522219657898,24.4335800126849,0.147246360778809
0.0459630489349365,22.1824344982717,0.147246360778809
0.0832611322402954,20.6837349771644,0.147246360778809
0.100473344326019,19.8288722790745,0.154199033975601
0.0287346839904785,19.2450199282613,0.154199033975601
-0.0298168659210205,19.3844591039307,0.154199033975601
-0.0237365961074829,20.1950405891586,0.233663961291313
0.00569713115692139,21.1012236189503,0.233663961291313
-0.00930678844451904,22.0235656426133,0.233663961291313
0.00572574138641357,22.4054196903502,0.331969350576401
0.0210410952568054,22.9416807681097,0.331969350576401
0.0162864923477173,24.1047124610022,0.331969350576401
-0.0696176886558533,25.0177699499609,0.413138657808304
-0.085601806640625,25.8306870801659,0.413138657808304
-0.0362834930419922,26.1090415379096,0.413138657808304
-0.0189706683158875,25.0040015645366,0.460255771875381
-0.0431448817253113,22.7645027720455,0.460255771875381
-0.0466543287038803,19.7502221661098,0.460255771875381
-0.063899427652359,16.8669417809261,0.292273342609406
-0.0774846822023392,11.2537696529224,0.292273342609406
0.0306508783251047,21.4497578167834,-0.0482948049902916
0.00439648516476154,25.979231434683,-0.12315759062767
0.0064943041652441,26.8908336783412,-0.12315759062767
0.0324786752462387,26.6420746508391,-0.12315759062767
-0.0131101906299591,26.8596335359587,0.0134803215041757
-0.0392506718635559,25.7375035926982,0.0134803215041757
-0.129626929759979,24.3209611193821,0.0134803215041757
-0.142827749252319,23.9658497566196,0.10839119553566
-0.130366444587708,24.0032784554496,0.10839119553566
-0.0780028700828552,24.2278122031584,0.10839119553566
-0.013558566570282,24.5260517096772,0.132934853434563
0.0111000537872314,24.1888921328167,0.132934853434563
-0.0259244441986084,23.1175909728576,0.132934853434563
-0.0312190651893616,21.6771120792882,0.147246360778809
0.00649964809417725,20.2858215570734,0.147246360778809
0.0218959450721741,19.2823419835562,0.147246360778809
0.07365882396698,18.5271908830545,0.154199033975601
0.0025097131729126,17.9962024181235,0.154199033975601
-0.0475807785987854,18.1172000652591,0.154199033975601
-0.0584716200828552,18.8339175356807,0.233663961291313
-0.0494351983070374,19.5749778394515,0.233663961291313
-0.0365892052650452,20.4419396870295,0.233663961291313
0.0214973092079163,20.7374734256466,0.331969350576401
-0.010861337184906,21.048119328689,0.331969350576401
-0.0458673238754272,21.8699750093728,0.331969350576401
-0.133436441421509,22.3978795984412,0.413138657808304
-0.117261409759521,23.4484894696377,0.413138657808304
-0.0547589659690857,24.8205747409334,0.413138657808304
-0.0366343259811401,24.5814799052129,0.460255771875381
-0.0453338325023651,23.4358621592034,0.460255771875381
-0.0451417863368988,22.210361108689,0.460255771875381
-0.112655192613602,20.8180488243266,0.292273342609406
-0.105524212121964,14.5830039826484,0.292273342609406
-0.0047483891248703,1.35192514158529,0.0980014353990555
-0.00178441777825356,2.33200567792577,0.090275339782238
0.0153053626418114,3.73712982207689,0.090275339782238
0.0124529823660851,5.63398675403308,0.090275339782238
0.0302727371454239,7.73459367837227,-0.0482948049902916
0.0262345317751169,14.7343142081742,-0.0482948049902916
0.0348004028201103,25.2175046855736,-0.0482948049902916
0.00787298753857613,28.2200480041916,-0.12315759062767
-0.00716193020343781,26.3524395241154,-0.12315759062767
0.0183779299259186,23.8705676949718,-0.12315759062767
0.0435327291488647,24.007105009584,0.0134803215041757
-0.00363487005233765,22.7911621837738,0.0134803215041757
-0.100624829530716,21.1237518772825,0.0134803215041757
-0.113894075155258,20.876172204215,0.10839119553566
-0.0960755944252014,20.8295750216803,0.10839119553566
-0.0858347415924072,20.3623083906415,0.10839119553566
-0.0622101426124573,19.5329759929917,0.132934853434563
-0.00108975172042847,18.2830185742631,0.132934853434563
-0.000677704811096191,17.5504614586682,0.132934853434563
-0.037498414516449,17.5484025358821,0.147246360778809
-0.0198711752891541,17.5466729540818,0.147246360778809
-0.0133265852928162,17.2136351765396,0.147246360778809
0.0311427712440491,16.5623691700409,0.154199033975601
0.0255207419395447,16.045563987819,0.154199033975601
-0.0120877623558044,16.1349627789386,0.154199033975601
-0.0555055141448975,16.725966798374,0.233663961291313
-0.053525447845459,17.2095790500525,0.233663961291313
-0.0158387422561646,18.0246438055603,0.233663961291313
0.0359566807746887,18.2031394252822,0.331969350576401
-0.0397052764892578,18.246557580834,0.331969350576401
-0.0649716854095459,18.711646890248,0.331969350576401
-0.118723809719086,18.7045923686251,0.413138657808304
-0.110574424266815,19.985379162219,0.413138657808304
-0.0976490378379822,22.6456780295594,0.413138657808304
-0.111371576786041,23.38347674897,0.460255771875381
-0.0496956706047058,23.5145534828387,0.460255771875381
0.050088107585907,24.1188059303297,0.460255771875381
-0.025827020406723,23.9604978642791,0.292273342609406
-0.00847098231315613,17.2411061921446,0.292273342609406
-0.0255371928215027,2.38564207599393,0.0608738288283348
0.00939479842782021,3.4195188241621,0.063188299536705
-0.00760428607463837,5.20821282779858,0.063188299536705
0.00140729546546936,7.62668745448248,0.063188299536705
0.0372723005712032,9.98381386169388,-0.0949826538562775
0.0657054241746664,17.0933793573735,-0.0949826538562775
0.0351931049954146,26.4679997078853,-0.0949826538562775
0.0110779404640198,28.8367312072016,-0.19859778881073
-0.0211822986602783,26.6169295251705,-0.19859778881073
-0.0214689970016479,23.8935171624512,-0.19859778881073
0.00476199388504028,24.0119528037993,-0.043169129639864
0.00709831714630127,22.323748977026,-0.043169129639864
-0.0703037679195404,20.1317024417401,-0.043169129639864
-0.104333132505417,19.8418314396729,0.0924075320363045
-0.0787994265556335,19.6347752721791,0.0924075320363045
-0.0619863271713257,18.7319960459981,0.0924075320363045
-0.048078179359436,17.4116182271495,0.122953541576862
-0.0160157084465027,16.033963952221,0.122953541576862
-0.0410714745521545,15.5741918667439,0.122953541576862
-0.0474181175231934,16.1002446928847,0.140004396438599
-0.0483561158180237,16.5951595186615,0.140004396438599
-0.0142390727996826,16.4634142774746,0.140004396438599
0.00606566667556763,15.8262897321262,0.151639074087143
0.00240027904510498,15.3311215219231,0.151639074087143
-0.024192750453949,15.4725642332372,0.151639074087143
-0.0470482707023621,16.0449230894996,0.240612700581551
-0.026647686958313,16.3532751378656,0.240612700581551
0.00578987598419189,17.2494084548174,0.240612700581551
0.0172935128211975,17.4816474342365,0.348695814609528
-0.0169742107391357,17.4850575063562,0.348695814609528
-0.0533498525619507,17.9189789909282,0.348695814609528
-0.066785454750061,17.7769978724108,0.439705908298492
-0.104779899120331,19.2749165259996,0.439705908298492
-0.170183598995209,22.5090251637639,0.439705908298492
-0.186212599277496,23.5900583859185,0.541083037853241
-0.02838534116745,24.4753852382987,0.541083037853241
0.131711214780807,26.2110997552183,0.541083037853241
0.0895942151546478,26.6404060782748,0.368893891572952
-0.05975341796875,19.3969273016271,0.368893891572952
-0.0307334326207638,6.3405034875988,0.0608738288283348
-0.00170106440782547,8.08249415102057,0.063188299536705
-0.0127990245819092,10.1805259095786,0.063188299536705
-0.00576688349246979,12.3891008443917,0.063188299536705
0.0123538039624691,14.0486082705729,-0.0949826538562775
0.0170768946409225,19.6795397686783,-0.0949826538562775
-0.0363953839987516,27.3453296501136,-0.0949826538562775
-0.0458691865205765,29.1493325277392,-0.19859778881073
-0.0228070914745331,27.117006248442,-0.19859778881073
-0.0199747085571289,24.666389738218,-0.19859778881073
-0.0236009955406189,24.556511290292,-0.043169129639864
-0.041495680809021,22.0220605160219,-0.043169129639864
-0.116177529096603,18.9853570707846,-0.043169129639864
-0.128995418548584,18.5716591976574,0.0924075320363045
-0.139049410820007,18.2867528713513,0.0924075320363045
-0.107959061861038,17.3738724594896,0.0924075320363045
-0.0695127844810486,16.2435000639906,0.122953541576862
-0.0410346388816833,15.326040158865,0.122953541576862
-0.133441269397736,15.2705757773031,0.122953541576862
-0.148508489131927,16.0105819562615,0.140004396438599
-0.122523814439774,16.751836546056,0.140004396438599
-0.0937506556510925,17.0982443540927,0.140004396438599
-0.0888506174087524,17.1593675774267,0.151639074087143
-0.0655315518379211,17.204707783002,0.151639074087143
-0.110625863075256,17.3585880790406,0.151639074087143
-0.0769835114479065,17.4833505661542,0.240612700581551
-0.0428510308265686,17.2186329063601,0.240612700581551
-0.0510289669036865,17.860039062993,0.240612700581551
-0.0748551487922668,17.9459831158523,0.348695814609528
-0.0978235006332397,17.7950023583517,0.348695814609528
-0.138868987560272,18.1582257784645,0.348695814609528
-0.0302194952964783,17.9244195390984,0.439705908298492
-0.0533900260925293,19.4970493056566,0.439705908298492
-0.108954131603241,22.9262750743063,0.439705908298492
-0.0957875847816467,24.0993064422499,0.541083037853241
0.0506734251976013,25.5338787729682,0.541083037853241
0.0927801430225372,28.1448266834592,0.541083037853241
0.0911823213100433,28.9859202129517,0.368893891572952
-0.00682720541954041,21.2901738251444,0.368893891572952
-0.0251441784203053,3.81016857892957,0.0852564126253128
-0.0718102473765612,6.57479096979388,0.0608738288283348
-0.0407335087656975,9.94931335263296,0.0608738288283348
-0.0537886489182711,13.1782599243245,0.0608738288283348
-0.0431920886039734,15.6561631881492,0.063188299536705
0.0200957730412483,17.768464647444,0.063188299536705
0.00230732932686806,19.0391141013292,0.063188299536705
-0.0131658799946308,19.4879733737527,-0.0949826538562775
-0.0464554746868089,22.7482942075674,-0.0949826538562775
-0.0596078429371119,28.0869264782873,-0.0949826538562775
0.00620368123054504,29.0003273055156,-0.19859778881073
0.0594855546951294,27.0028700023677,-0.19859778881073
0.0421133041381836,24.7899713018007,-0.19859778881073
0.0200148224830627,24.3678169096147,-0.043169129639864
-0.00853562355041504,20.9675366714754,-0.043169129639864
-0.0696980655193329,16.9730309465504,-0.043169129639864
-0.099285364151001,16.4023348851237,0.0924075320363045
-0.177407443523407,16.0700611879609,0.0924075320363045
-0.157013803720474,15.2975631340425,0.0924075320363045
-0.1104975938797,14.5850154120923,0.122953541576862
-0.0596284866333008,14.2644325097078,0.122953541576862
-0.140619456768036,14.7824754000887,0.122953541576862
-0.129565954208374,15.9016495725452,0.140004396438599
-0.0609142780303955,17.0751043834576,0.140004396438599
-0.0476722717285156,18.2519013325297,0.140004396438599
-0.0864880681037903,19.4898647421652,0.151639074087143
-0.097241222858429,20.4041385769735,0.151639074087143
-0.0721136927604675,20.4563031875932,0.151639074087143
-0.0265713930130005,19.7749896257355,0.240612700581551
-0.0422280430793762,18.7400114200259,0.240612700581551
-0.023798942565918,18.9485305420863,0.240612700581551
-0.00657224655151367,18.7112910355403,0.348695814609528
-0.0609569549560547,18.2712893981113,0.348695814609528
-0.111229240894318,18.4606949793915,0.348695814609528
-0.0279400944709778,18.0617490017361,0.439705908298492
0.0348740220069885,19.6501240245866,0.439705908298492
0.00815165042877197,23.2079415336821,0.439705908298492
-0.046678364276886,24.4553514404263,0.541083037853241
-0.00686395168304443,26.3935174277782,0.541083037853241
0.0304607152938843,29.7480248259187,0.541083037853241
0.0459070801734924,30.934359035416,0.368893891572952
0.0612300932407379,22.8963149921886,0.368893891572952
-0.00695186853408813,6.85713426221718,0.0130390925332904
-0.0287278443574905,9.84921357531156,0.0179272685199976
-0.0301240645349026,13.4085417421794,0.0179272685199976
-0.0303418822586536,16.7422765111326,0.0179272685199976
-0.0100760348141193,19.3105325418601,0.0649965777993202
0.0242136307060719,21.0461165321989,0.0649965777993202
-0.0228221125435084,21.603793074645,0.0649965777993202
-0.0507804955122992,21.496419428759,-0.0246525090187788
-0.0755747146904469,23.6047888982011,-0.0246525090187788
-0.0766163989901543,27.5332695072338,-0.0246525090187788
0.00192743539810181,27.8793237239383,-0.158857256174088
0.0661357641220093,26.1977911463,-0.158857256174088
0.0580765008926392,24.6087719572178,-0.158857256174088
0.0591710209846497,24.2282483430105,-0.0770506635308266
-0.0243628025054932,20.5905996748022,-0.0770506635308266
-0.0631758570671082,16.2774238738263,-0.0770506635308266
-0.083956778049469,15.6285937559043,0.0770415440201759
-0.118150502443314,15.17521117855,0.0770415440201759
-0.109271317720413,14.4016649852899,0.0770415440201759
-0.131935060024261,13.8693130082033,0.101511359214783
-0.0996200442314148,13.8544681260311,0.101511359214783
-0.0777344107627869,14.7736359991507,0.101511359214783
-0.0188491940498352,16.0968755707803,0.100250519812107
-0.0100762844085693,17.42280990025,0.100250519812107
-0.00134247541427612,18.9055507060268,0.100250519812107
-0.0832608938217163,20.5981177059805,0.160271406173706
-0.109135925769806,21.7680393032333,0.160271406173706
-0.00375568866729736,21.6915979982037,0.160271406173706
0.0297285914421082,20.6599766907186,0.284197628498077
-0.0260770320892334,19.4862222953481,0.284197628498077
-0.000347673892974854,19.7982186647869,0.284197628498077
0.0272369980812073,19.5392787728698,0.390980094671249
-0.0319444537162781,19.051673168821,0.390980094671249
-0.0655204653739929,19.2420933123795,0.390980094671249
-0.0843373537063599,18.8289418612081,0.474538654088974
-0.0767902731895447,20.4082995241492,0.474538654088974
-0.102641820907593,23.8916036126434,0.474538654088974
-0.153607487678528,25.1139212648583,0.591413080692291
-0.0847090482711792,27.3887597084107,0.591413080692291
-0.0389246344566345,31.2161812931503,0.591413080692291
-0.00371825695037842,32.594856908466,0.419745117425919
0.0361785888671875,24.2631088844579,0.419745117425919
-0.0160741358995438,13.229408452386,0.0130390925332904
-0.00527578964829445,16.2909544763842,0.0179272685199976
-0.0246498622000217,18.9264043844507,0.0179272685199976
0.00502780824899673,21.0873594831251,0.0179272685199976
-0.0287822745740414,22.6562457834072,0.0649965777993202
-0.0178045444190502,23.1762548536297,0.0649965777993202
-0.0572524927556515,22.8389782083445,0.0649965777993202
-0.061464935541153,22.4126787942257,-0.0246525090187788
-0.0194826424121857,23.7478758511318,-0.0246525090187788
-0.0336696207523346,26.4916079454698,-0.0246525090187788
0.0181772708892822,26.3075361981233,-0.158857256174088
0.0738076567649841,25.0062112619171,-0.158857256174088
0.0852785706520081,24.1627120062248,-0.158857256174088
0.0559452176094055,23.9216715852012,-0.0770506635308266
0.00015723705291748,20.2591500725154,-0.0770506635308266
-0.0590513944625854,15.8997905683415,-0.0770506635308266
-0.144147455692291,15.2776621187416,0.0770415440201759
-0.126375824213028,14.8112043385215,0.0770415440201759
-0.115542203187943,14.230236005108,0.0770415440201759
-0.130121439695358,14.1222217251742,0.101511359214783
-0.0822399854660034,14.5321533034878,0.101511359214783
-0.0322301387786865,15.7529745088453,0.101511359214783
-0.0410279035568237,17.0020787672382,0.100250519812107
-0.0130608081817627,18.0249881100028,0.100250519812107
-0.0218473672866821,19.0200278197004,0.100250519812107
-0.0590578317642212,20.1087545048047,0.160271406173706
-0.0645936131477356,20.5630812056509,0.160271406173706
0.00521689653396606,20.0808852055849,0.160271406173706
0.0937231183052063,18.9418481499903,0.284197628498077
0.0676413178443909,18.0559258177726,0.284197628498077
0.0183010101318359,19.080703225182,0.284197628498077
-0.0497403740882874,19.2615164291231,0.390980094671249
-0.117063224315643,19.1279652210732,0.390980094671249
-0.059123694896698,19.6562027521121,0.390980094671249
-0.00926995277404785,19.4744189859712,0.474538654088974
-0.0488589406013489,21.1879382071513,0.474538654088974
-0.102955043315887,24.6230384258081,0.474538654088974
-0.148638010025024,25.8299340420377,0.591413080692291
-0.0628085732460022,28.4065668761673,0.591413080692291
-0.0496861338615417,32.619246460557,0.591413080692291
0.00658589601516724,34.1330089440007,0.419745117425919
0.0223700404167175,25.535091654988,0.419745117425919
0.0151143334805965,7.23294819088773,0.0659928396344185
-0.00582057982683182,12.4342150056156,0.0130390925332904
0.0076284185051918,18.4140943258242,0.0130390925332904
-0.00815850496292114,25.0563347021604,0.0649965777993202
0.010186642408371,24.1897308288189,-0.0246525090187788
0.00122064352035522,24.488145461116,-0.0246525090187788
-0.0193697512149811,25.6343749485875,-0.0246525090187788
0.0346318483352661,24.5735807902596,-0.158857256174088
0.0966811776161194,23.4521873652623,-0.158857256174088
0.0945504307746887,23.3100797461115,-0.158857256174088
0.0743184685707092,23.1505236470163,-0.0770506635308266
0.0558956265449524,19.4760829529886,-0.0770506635308266
-0.0272713899612427,15.0979809546137,-0.0770506635308266
-0.144535899162292,14.5433717931128,0.0770415440201759
-0.142955839633942,14.190553892063,0.0770415440201759
-0.131729125976562,14.0374795722746,0.0770415440201759
-0.102603524923325,14.7314172565943,0.101511359214783
-0.0773855745792389,15.8644874232114,0.101511359214783
-0.0596373081207275,17.3179290949278,0.101511359214783
-0.0668898224830627,18.3206590744515,0.100250519812107
-0.033682644367218,18.762278004203,0.100250519812107
-0.0367417931556702,18.8122292802523,0.100250519812107
-0.0342171788215637,18.7461853683753,0.160271406173706
-0.0367298722267151,17.9779395659255,0.160271406173706
-0.089756190776825,16.8775362629697,0.160271406173706
-0.0282794237136841,15.5897603568206,0.284197628498077
0.0152623057365417,15.1301452666689,0.284197628498077
-0.0172626376152039,17.1791643185969,0.284197628498077
-0.102667093276978,17.9901297067401,0.390980094671249
-0.164141833782196,18.4141843245472,0.390980094671249
-0.117845833301544,19.465699105184,0.390980094671249
-0.0733314156532288,19.6273467180231,0.474538654088974
-0.0126975178718567,21.5851459096842,0.474538654088974
-0.0322385430335999,25.0852521453018,0.474538654088974
-0.09053635597229,26.3323358618517,0.591413080692291
-0.12164568901062,29.2749025101289,0.591413080692291
-0.0502926111221313,33.9299280806953,0.591413080692291
0.0364999175071716,35.5933204943184,0.419745117425919
0.0612215101718903,26.7592456274656,0.419745117425919
0.00595768541097641,13.2232562852573,0.0659928396344185
-0.0202476195991039,18.8735821384675,0.0130390925332904
-0.0131942182779312,24.444183230909,0.0130390925332904
0.0136315226554871,25.9559158107292,0.0649965777993202
-0.0459266304969788,24.9080039528684,-0.0246525090187788
-0.0690761208534241,24.4945367043914,-0.0246525090187788
-0.0443010926246643,24.3306374950564,-0.0246525090187788
0.0129595398902893,22.4977939709493,-0.158857256174088
0.0864484310150146,21.6284446554154,-0.158857256174088
0.014552116394043,22.3479943606467,-0.158857256174088
-0.0918779969215393,22.3858505324318,-0.0770506635308266
-0.0021929144859314,18.9969521772883,-0.0770506635308266
-0.0229238271713257,14.9767117356877,-0.0770506635308266
-0.0600254535675049,14.5051620687839,0.0770415440201759
-0.117611974477768,14.1957967498893,0.0770415440201759
-0.128574103116989,14.161694711786,0.0770415440201759
-0.104144304990768,15.1888816635124,0.101511359214783
-0.0770133137702942,16.6812461434453,0.101511359214783
-0.0860787630081177,18.1968460876657,0.101511359214783
-0.0435512065887451,19.0526349095395,0.100250519812107
0.0111492872238159,19.1049138811984,0.100250519812107
-0.00332897901535034,18.5685587432429,0.100250519812107
0.0066947340965271,17.8958353879549,0.160271406173706
-0.0409979224205017,16.5659940347908,0.160271406173706
-0.121383607387543,15.3635403505708,0.160271406173706
-0.123774290084839,14.1384523475763,0.284197628498077
-0.0803664326667786,14.0812883501467,0.284197628498077
-0.0609140396118164,16.5798315495585,0.284197628498077
-0.132253348827362,17.5920857407253,0.390980094671249
-0.152498543262482,18.2991136469486,0.390980094671249
-0.150369107723236,19.6349966526649,0.390980094671249
-0.171064019203186,19.9643824123919,0.474538654088974
-0.0860071778297424,22.0033357550118,0.474538654088974
-0.0514179468154907,25.4887229732459,0.474538654088974
-0.0719482898712158,26.7365396784164,0.591413080692291
-0.0622297525405884,30.0432040333572,0.591413080692291
-0.028086245059967,35.16476987257,0.591413080692291
0.0291184782981873,36.9821432813914,0.419745117425919
0.0930047333240509,27.9373054535052,0.419745117425919
0.025209054350853,20.0145170407337,-0.0437856875360012
-0.0566742420196533,25.0166837375166,0.0813077911734581
-0.0571492910385132,24.0916462357396,0.0642557740211487
-0.106444835662842,23.5140984732767,0.0642557740211487
-0.0634985566139221,22.8956955430223,0.0642557740211487
-0.007487952709198,21.0460319610177,-0.0688679739832878
0.0739926695823669,20.661758439238,-0.0688679739832878
0.0468800067901611,22.0789802006316,-0.0688679739832878
-0.0246319174766541,22.223449097858,-0.0640141367912292
0.00569581985473633,19.2506700548795,-0.0640141367912292
0.00120124220848083,15.7853109132129,-0.0640141367912292
-0.051211029291153,15.2577230101221,0.0463786460459232
-0.098086953163147,14.8011492525438,0.0463786460459232
-0.162748783826828,14.5588654464099,0.0463786460459232
-0.0961500406265259,15.4172236954007,0.0689692795276642
-0.0364937782287598,16.7738031750733,0.0689692795276642
-0.0228946805000305,18.0166394490201,0.0689692795276642
0.00408697128295898,18.5642794138375,0.0860602781176567
0.00898849964141846,18.1281276117039,0.0860602781176567
-0.0117935538291931,17.0963973123568,0.0860602781176567
0.0199465751647949,16.0956392310026,0.184190779924393
-0.00851774215698242,14.5703710702885,0.184190779924393
-0.0863752365112305,13.6386874245278,0.184190779924393
-0.0698001980781555,12.6473194127296,0.307684540748596
-0.0482296347618103,13.0198520874082,0.307684540748596
-0.103727102279663,15.8136180083635,0.307684540748596
-0.174724102020264,16.919428422662,0.394749581813812
-0.150434195995331,17.8685091966312,0.394749581813812
-0.113035619258881,19.4867105804712,0.394749581813812
-0.177201569080353,20.0006417915592,0.486522674560547
-0.151602029800415,22.1879626463895,0.486522674560547
-0.0508788228034973,25.7400561150753,0.486522674560547
-0.0594562292098999,27.0033339188782,0.611668765544891
-0.0838003158569336,30.5741296164049,0.611668765544891
-0.0794351100921631,36.040502729611,0.611668765544891
-0.0500791668891907,37.9932187620122,0.470847129821777
-0.0302766859531403,28.9866884172951,0.470847129821777
0.0562654854729772,6.135955427733,0.0702348127961159
0.0281422473490238,10.6296933138817,-0.0437856875360012
0.0348142515867949,18.3566923319855,-0.0437856875360012
0.0524861514568329,26.2373675072339,-0.0437856875360012
-0.126276075839996,23.1846572702255,0.0813077911734581
-0.116542339324951,22.5233420828649,0.0642557740211487
-0.102656781673431,22.2069985484316,0.0642557740211487
-0.0209207236766815,22.0262166542967,0.0642557740211487
-0.0279983878135681,21.0755391001552,-0.0688679739832878
0.053092360496521,21.33438349061,-0.0688679739832878
0.0849997401237488,22.807248080393,-0.0688679739832878
0.0695993900299072,22.7082198441601,-0.0640141367912292
0.0488903522491455,20.0046281204203,-0.0640141367912292
0.0109637379646301,16.9456534250627,-0.0640141367912292
-0.0214623212814331,16.1482665846325,0.0463786460459232
-0.0988054871559143,15.4392729967331,0.0463786460459232
-0.137669146060944,14.9777341564801,0.0463786460459232
-0.110322743654251,15.5863434375053,0.0689692795276642
-0.101318538188934,16.5571384565357,0.0689692795276642
-0.0520982444286346,17.13992012872,0.0689692795276642
-0.0310173630714417,16.999637379834,0.0860602781176567
-0.0349844694137573,15.6694590030655,0.0860602781176567
-0.053012490272522,13.7349139224815,0.0860602781176567
-0.0238412022590637,12.0177772444365,0.184190779924393
-0.0130071043968201,10.0603428176567,0.184190779924393
-0.061022162437439,9.82892273737813,0.184190779924393
-0.0248048305511475,9.47956498034674,0.307684540748596
-0.0505338907241821,10.7276040378767,0.307684540748596
-0.126766383647919,14.0558722883182,0.307684540748596
-0.215157032012939,15.3210111750175,0.394749581813812
-0.227903783321381,16.5727439115086,0.394749581813812
-0.132289886474609,18.5154030256282,0.394749581813812
-0.115961730480194,19.2653529037533,0.486522674560547
-0.133826732635498,21.842710041475,0.486522674560547
-0.0849533379077911,25.751683437445,0.486522674560547
-0.0880300402641296,27.1343708940987,0.611668765544891
-0.0780158638954163,30.5493563792585,0.611668765544891
-0.155453503131866,35.8113752301987,0.611668765544891
-0.119611829519272,37.8613769182014,0.470847129821777
-0.0255038738250732,29.9177590597465,0.470847129821777
0.0975563824176788,13.4726568558726,0.470847129821777
-0.0142193138599396,5.70614159589547,0.144884034991264
-0.0297523830085993,2.8095025751386,0.144884034991264
0.0486155357211828,11.5660222616794,0.0702348127961159
0.00829314440488815,16.7193177077495,-0.0437856875360012
-0.115739464759827,25.3209230259884,-0.0191798619925976
-0.0911028385162354,23.7577468343357,-0.0191798619925976
-0.0921066403388977,23.8251114903144,0.0813077911734581
-0.0897993147373199,23.1170942732338,0.0813077911734581
-0.143634706735611,22.1517733288415,0.0813077911734581
-0.154412597417831,21.6350328730225,0.0642557740211487
-0.0899201035499573,21.4901516496624,0.0642557740211487
-0.0442782342433929,21.6415182863754,0.0642557740211487
-0.0539242029190063,21.2760881807385,-0.0688679739832878
0.00470864772796631,21.7683605579016,-0.0688679739832878
0.0524922013282776,22.9324450087861,-0.0688679739832878
0.0708467364311218,22.5530137293974,-0.0640141367912292
0.10379958152771,20.0663065213061,-0.0640141367912292
0.0694175958633423,17.351934054419,-0.0640141367912292
0.0407049655914307,16.4326787310398,0.0463786460459232
-0.032378077507019,15.7276487824902,0.0463786460459232
-0.0801861584186554,15.3313469789699,0.0463786460459232
-0.136277914047241,15.843010671012,0.0689692795276642
-0.119504570960999,16.4491165122737,0.0689692795276642
-0.0897181034088135,16.4381777210515,0.0689692795276642
-0.0599830150604248,15.8261093681638,0.0860602781176567
-0.0234320759773254,13.9586558651405,0.0860602781176567
-0.0638935565948486,11.5914946584524,0.0860602781176567
-0.0392152667045593,9.51168102541898,0.184190779924393
-0.0636797547340393,7.82045768143046,0.184190779924393
-0.0306161046028137,8.9675944990237,0.184190779924393
0.0225290656089783,9.39324792483084,0.307684540748596
-0.0293979048728943,10.8091400562913,0.307684540748596
-0.128720164299011,13.5952739708814,0.307684540748596
-0.229642152786255,14.6098841980677,0.394749581813812
-0.290787130594254,15.8360154606283,0.394749581813812
-0.218323230743408,17.7284270603654,0.394749581813812
-0.182185590267181,18.4869623380605,0.486522674560547
-0.135227203369141,21.4412612403501,0.486522674560547
-0.0778993964195251,25.8412776971733,0.486522674560547
-0.0600027441978455,27.3935942074207,0.611668765544891
-0.0449292659759521,30.0522348164916,0.611668765544891
-0.0928125977516174,34.2918510329875,0.611668765544891
-0.0566620826721191,36.2034407653018,0.470847129821777
0.0536868572235107,30.0245582201321,0.470847129821777
0.117254391312599,17.2623567728341,0.470847129821777
0.00344674289226532,9.84466946651681,0.144884034991264
-0.0580490119755268,5.70634370813707,0.144884034991264
-0.00140142813324928,17.317644370288,-0.0325179062783718
0.0461279563605785,21.2461188922987,-0.155170172452927
-0.131701171398163,24.8796516295087,-0.064744770526886
-0.161996781826019,23.2235338516078,-0.064744770526886
-0.0910950601100922,23.2371650848495,0.0706415772438049
-0.0533044040203094,22.2911701563322,0.0706415772438049
-0.105198085308075,21.216599131049,0.0706415772438049
-0.111467182636261,20.7749879826845,0.11323681473732
-0.116501361131668,20.5861483372378,0.11323681473732
-0.0997272133827209,20.4674145282116,0.11323681473732
-0.093949168920517,19.7732743084536,0.00928769446909428
-0.0267837643623352,19.8458783195736,0.00928769446909428
0.0434792041778564,20.6210993710306,0.00928769446909428
0.0605186223983765,20.0413048118982,-0.0420295223593712
0.0732096433639526,17.6986299324615,-0.0420295223593712
0.082234263420105,15.2613950462541,-0.0420295223593712
0.0063738226890564,14.4771720969435,-0.00997402798384428
-0.0486296713352203,14.0738938172991,-0.00997402798384428
-0.0435900986194611,14.0092195551986,-0.00997402798384428
-0.0988587737083435,14.6585038653821,0.0188060365617275
-0.120390355587006,15.1067586261888,0.0188060365617275
-0.140041947364807,14.8837670428206,0.0188060365617275
-0.0769583582878113,14.3385649467289,0.105113409459591
-0.0474417209625244,12.544455137735,0.105113409459591
-0.0836853981018066,10.5614398504389,0.105113409459591
-0.00181800127029419,8.86402254937395,0.235178917646408
-0.0777993202209473,8.1501326478109,0.235178917646408
-0.0393111705780029,10.2308574291651,0.235178917646408
0.0323307514190674,10.9217785105674,0.317429721355438
-0.0179256200790405,11.8016959187413,0.317429721355438
-0.144806325435638,13.5914033650968,0.317429721355438
-0.242116510868073,14.2711596870847,0.374171316623688
-0.259892523288727,15.4420813919438,0.374171316623688
-0.234601140022278,17.2259609813806,0.374171316623688
-0.203714191913605,17.9307361936564,0.484033018350601
-0.152204155921936,21.1763148778108,0.484033018350601
-0.100493013858795,26.0243923912332,0.484033018350601
-0.0754281878471375,27.7339428389328,0.594347476959229
-0.0439736247062683,29.4722650433948,0.594347476959229
-0.0311682820320129,32.3431014377464,0.594347476959229
-0.0166791677474976,33.7300085823599,0.499476283788681
0.157911151647568,28.8235531935192,0.499476283788681
0.20005264878273,18.7535468889018,0.499476283788681
0.0403918623924255,12.9405547225512,0.217544719576836
-0.00730949640274048,8.56777103334403,0.217544719576836
0.0311971474438906,3.53112596823643,0.0837942361831665
-0.02597825974226,6.18553150332096,-0.0325179062783718
-0.00269211456179619,13.4544157617049,-0.0325179062783718
-0.0688777565956116,25.3541794460183,-0.156589895486832
-0.0706773400306702,25.1675527792935,-0.064744770526886
-0.12058162689209,23.4287620231829,-0.064744770526886
-0.110965669155121,21.4969813811837,-0.064744770526886
-0.074334979057312,21.3704302330302,0.0706415772438049
-0.0680172145366669,20.0477725025823,0.0706415772438049
-0.0735920071601868,18.8193107610891,0.0706415772438049
-0.0991004407405853,18.5796779389164,0.11323681473732
-0.119058936834335,18.3359341476805,0.11323681473732
-0.103697270154953,17.5443549178459,0.11323681473732
-0.0970507264137268,15.9469202785389,0.00928769446909428
-0.0367582440376282,15.240691409713,0.00928769446909428
0.00454968214035034,15.7179239186788,0.00928769446909428
0.00213444232940674,15.029193982178,-0.0420295223593712
-0.00734227895736694,12.9704037507981,-0.0420295223593712
-0.0325336456298828,10.9485745233418,-0.0420295223593712
-0.090954601764679,10.4139435652272,-0.00997402798384428
-0.102102607488632,10.454188703689,-0.00997402798384428
-0.0809824764728546,10.8100327633609,-0.00997402798384428
-0.0996979475021362,11.5721324778982,0.0188060365617275
-0.109250128269196,11.7010135884228,0.0188060365617275
-0.134145081043243,11.2747855800131,0.0188060365617275
-0.0873640179634094,11.0851729398268,0.105113409459591
-0.0560881495475769,9.44349374231216,0.105113409459591
-0.145134449005127,8.22030696580143,0.105113409459591
-0.0502505302429199,7.41117907658412,0.235178917646408
-0.0530937910079956,8.01035751177878,0.235178917646408
-0.00124216079711914,11.0267520425594,0.235178917646408
-0.010952353477478,12.0316443690955,0.317429721355438
-0.116449415683746,12.5053862596448,0.317429721355438
-0.187247753143311,13.4780378335607,0.317429721355438
-0.240797489881516,13.9186911417166,0.374171316623688
-0.246821492910385,15.202032698504,0.374171316623688
-0.200718820095062,17.0626363410556,0.374171316623688
-0.16405987739563,17.7311092358368,0.484033018350601
-0.155304372310638,21.0827028265977,0.484033018350601
-0.138991117477417,26.1739874460218,0.484033018350601
-0.161216914653778,27.980934224455,0.594347476959229
-0.0985921025276184,29.1189364707237,0.594347476959229
-0.0493987202644348,30.9916430502389,0.594347476959229
-0.0255973041057587,31.8011092244464,0.499476283788681
0.0966654121875763,27.4950646708339,0.499476283788681
0.0561733841896057,19.1738023370381,0.499476283788681
-0.0443396419286728,15.0934739072268,0.217544719576836
0.0764017030596733,10.6546474264622,0.217544719576836
0.0130723677575588,6.90844005535879,0.0837942361831665
-0.0104330442845821,10.1828354732236,-0.0325179062783718
-0.00283747911453247,17.5060653472224,-0.0325179062783718
-0.0309323668479919,24.6412658997734,-0.156589895486832
-0.0461508631706238,24.4100922731298,-0.064744770526886
-0.0527029037475586,22.5865189547571,-0.064744770526886
-0.0827221274375916,20.5193712152537,-0.064744770526886
-0.0551913976669312,20.3089602068672,0.0706415772438049
-0.106217831373215,18.7038370188685,0.0706415772438049
-0.106767296791077,17.3236241123935,0.0706415772438049
-0.0878483653068542,17.2048402883895,0.11323681473732
-0.116121500730515,16.8327262815009,0.11323681473732
-0.122890114784241,15.3787739665952,0.11323681473732
-0.161901503801346,13.0395112141462,0.00928769446909428
-0.140071392059326,11.5508576167943,0.00928769446909428
-0.0515657067298889,11.7393758294876,0.00928769446909428
-0.06523597240448,11.1177333934386,-0.0420295223593712
-0.0631537437438965,10.0964011006206,-0.0420295223593712
-0.10102105140686,9.4180807141941,-0.0420295223593712
-0.135715305805206,9.26493070678704,-0.00997402798384428
-0.147199511528015,9.77434675013325,-0.00997402798384428
-0.0761153101921082,10.6105212856383,-0.00997402798384428
-0.0791385173797607,11.2493540159392,0.0188060365617275
-0.0981484055519104,10.6124379976543,0.0188060365617275
-0.150222659111023,9.5013205995771,0.0188060365617275
-0.0775556564331055,9.36504535834243,0.105113409459591
0.0085756778717041,7.51304921785687,0.105113409459591
-0.0898247957229614,6.96720394760046,0.105113409459591
-0.0821349024772644,6.94931577964735,0.235178917646408
-0.0258364677429199,8.29422440096487,0.235178917646408
-0.0230536460876465,11.6022817662383,0.235178917646408
-0.0561180710792542,12.6994525357534,0.317429721355438
-0.188291430473328,12.8015128049307,0.317429721355438
-0.215254694223404,13.1218225885459,0.317429721355438
-0.242641419172287,13.3822777381697,0.374171316623688
-0.230819851160049,14.938711594924,0.374171316623688
-0.208478391170502,17.1283700586182,0.374171316623688
-0.16727352142334,17.8610558116033,0.484033018350601
-0.181444883346558,21.1803220377696,0.484033018350601
-0.20196732878685,26.2852708607151,0.484033018350601
-0.191805601119995,28.1042258724986,0.594347476959229
-0.0952547192573547,29.0539473621932,0.594347476959229
-0.0325368642807007,30.5851957976468,0.594347476959229
0.0117607414722443,31.1713161641903,0.499476283788681
0.065457209944725,27.2156529957193,0.499476283788681
0.0258345752954483,19.8567007613643,0.499476283788681
0.00633551180362701,16.5476837751548,0.217544719576836
0.107149708084762,11.8653545287979,0.217544719576836
-0.0318349841982126,11.381764331555,0.00969666987657547
-0.0518618226051331,24.5657758111364,-0.136376306414604
-0.00183570384979248,24.1495260690271,-0.0745051503181458
-0.013126015663147,22.1946306629956,-0.0745051503181458
0.00880163908004761,19.9604506183154,-0.0745051503181458
-0.00986558198928833,19.5474842502828,0.0415498092770576
-0.0530553758144379,17.6088384837956,0.0415498092770576
-0.0902493000030518,16.0018704701324,0.0415498092770576
-0.10627481341362,15.9229760316894,0.129623845219612
-0.125748962163925,15.5232828732864,0.129623845219612
-0.135542899370193,14.0357286647053,0.129623845219612
-0.174363285303116,11.7992832883416,0.0862911492586136
-0.146104753017426,9.8822860526397,0.0862911492586136
-0.13500851392746,9.41302458269458,0.0862911492586136
-0.167387664318085,8.4900613228396,-0.0207512900233269
-0.127470850944519,8.40626805442388,-0.0207512900233269
-0.0615438222885132,9.20485036460567,-0.0207512900233269
-0.12078320980072,9.46619119777187,-0.0765711665153503
-0.151391863822937,10.4678147864155,-0.0765711665153503
-0.119984745979309,11.9421074555596,-0.0765711665153503
-0.0604693293571472,12.6598751369701,-0.0372148007154465
-0.0553382039070129,11.4461737896245,-0.0372148007154465
-0.125837087631226,9.63795182931118,-0.0372148007154465
-0.00917094945907593,9.30532748376236,0.115012183785439
0.0393753051757812,7.10891922020733,0.115012183785439
-0.0626323819160461,7.02922954257338,0.115012183785439
-0.134720027446747,7.47851655324335,0.267166674137115
-0.133678317070007,8.97606122110248,0.267166674137115
-0.114836812019348,12.1427639848399,0.267166674137115
-0.136147797107697,13.2094787654674,0.325938612222672
-0.178645223379135,13.0195654585715,0.325938612222672
-0.218215644359589,12.8418343284652,0.325938612222672
-0.229915767908096,12.9269589544367,0.383511513471603
-0.238749772310257,14.7471735580153,0.383511513471603
-0.244028478860855,17.343414556005,0.383511513471603
-0.156393766403198,18.1843692995836,0.495676189661026
-0.127249956130981,21.3930546943702,0.495676189661026
-0.171655774116516,26.3743047441542,0.495676189661026
-0.138218402862549,28.1484199881121,0.573003351688385
-0.0796287059783936,29.0727478742754,0.573003351688385
-0.0558936297893524,30.5639220586869,0.573003351688385
-0.0450449585914612,31.1366489400478,0.505498945713043
0.0385814607143402,27.4705846938493,0.505498945713043
0.0244183093309402,20.697055084297,0.505498945713043
-0.0109192728996277,17.6750553951899,0.261615782976151
0.109054369851947,12.7012874212507,0.261615782976151
-0.0135212326422334,4.0428365732578,0.0793658196926117
0.0177416168153286,7.12723705279275,0.00969666987657547
-0.00609607994556427,12.3866146859333,0.00969666987657547
0.0192920975387096,18.137436783057,0.00969666987657547
-0.0843732953071594,24.0748579626873,-0.136376306414604
-0.050692081451416,23.0430175992848,-0.0745051503181458
-0.00975590944290161,20.5407823873653,-0.0745051503181458
0.0243453979492188,17.6696707524176,-0.0745051503181458
-0.00642052292823792,16.6321866507452,0.0415498092770576
-0.044066458940506,13.8980061833891,0.0415498092770576
-0.0554693341255188,11.6612730279337,0.0415498092770576
-0.105960339307785,11.6965669172976,0.129623845219612
-0.164399921894073,11.4924446921274,0.129623845219612
-0.143411248922348,10.6071642251026,0.129623845219612
-0.188009232282639,9.195586727085,0.0862911492586136
-0.100984871387482,7.43899769186691,0.0862911492586136
-0.129351079463959,6.53215852904302,0.0862911492586136
-0.167434513568878,5.46409208170082,-0.0207512900233269
-0.102539539337158,6.76908429840999,-0.0207512900233269
-0.0847019553184509,9.32527443956918,-0.0207512900233269
-0.101237952709198,10.042462412516,-0.0765711665153503
-0.06233149766922,11.2764758765901,-0.0765711665153503
-0.0262680053710938,12.9871054501317,-0.0765711665153503
0.0209210515022278,13.610041359529,-0.0372148007154465
0.0725122690200806,11.8116616994322,-0.0372148007154465
-0.00237071514129639,9.25644580999721,-0.0372148007154465
0.0262478590011597,8.66935482277222,0.115012183785439
0.0362181067466736,5.89981858963373,0.115012183785439
-0.0341208577156067,6.45062599493877,0.115012183785439
-0.15331095457077,7.60068245999489,0.267166674137115
-0.2409308552742,9.29401950437427,0.267166674137115
-0.209906339645386,12.3213525296715,0.267166674137115
-0.116199791431427,13.5696950889928,0.325938612222672
-0.0779449343681335,13.7091811906666,0.325938612222672
-0.186673909425735,13.6409649271494,0.325938612222672
-0.239233136177063,13.6066205378105,0.383511513471603
-0.167020797729492,15.4325054816209,0.383511513471603
-0.14442253112793,18.2246583015286,0.383511513471603
-0.107936978340149,19.0268778353077,0.495676189661026
-0.0468704700469971,21.8909984755561,0.495676189661026
-0.11026519536972,26.5126976299452,0.495676189661026
-0.15079340338707,28.166206610372,0.573003351688385
-0.138037890195847,29.0290059674165,0.573003351688385
-0.0794539451599121,30.424899442205,0.573003351688385
-0.0958613455295563,30.9674370300243,0.505498945713043
0.0414074957370758,27.581528325671,0.505498945713043
0.0276418626308441,21.3730103434588,0.505498945713043
0.00196415185928345,18.6442245535879,0.261615782976151
0.080322153866291,13.4300616513193,0.261615782976151
0.0217511747032404,8.17425615179263,0.0793658196926117
0.0308837257325649,12.1516994796546,0.00969666987657547
0.0239329934120178,27.5070333955983,-0.136376306414604
0.0102250576019287,25.3522396722566,-0.136376306414604
-0.0672469735145569,22.9613577715136,-0.136376306414604
-0.103473365306854,21.4315594427821,-0.0745051503181458
-0.0330320000648499,18.631227953391,-0.0745051503181458
-0.00795745849609375,15.4959446804981,-0.0745051503181458
0.00274166464805603,14.1085116011151,0.0415498092770576
-0.072081059217453,11.2568212588089,0.0415498092770576
-0.0726232528686523,8.81728319649133,0.0415498092770576
-0.0859682559967041,8.89767606507292,0.129623845219612
-0.126219093799591,8.6578995836133,0.129623845219612
-0.149311572313309,8.35597842474726,0.129623845219612
-0.163811683654785,7.66241537968641,0.0862911492586136
-0.12835681438446,6.03637196124028,0.0862911492586136
-0.185155808925629,4.33338722436206,0.0862911492586136
-0.107224106788635,2.69927868258386,-0.0207512900233269
-0.0115792155265808,5.51868498399923,-0.0207512900233269
-0.0291352868080139,9.95081383379411,-0.0207512900233269
-0.00242769718170166,11.1315689315552,-0.0765711665153503
0.0449355244636536,12.2073450320608,-0.0765711665153503
0.0672313570976257,13.6579350817063,-0.0765711665153503
0.0957440733909607,14.1227552503759,-0.0372148007154465
0.145615994930267,12.06442723429,-0.0372148007154465
0.0459978580474854,9.14838561503329,-0.0372148007154465
0.0327127575874329,8.4138794001742,0.115012183785439
0.0717418789863586,5.14401285108226,0.115012183785439
-0.0543546080589294,6.00130260960372,0.115012183785439
-0.13627952337265,7.56221251985139,0.267166674137115
-0.137930035591125,9.09520381718139,0.267166674137115
-0.166274547576904,11.7110692649148,0.267166674137115
-0.154770791530609,13.1334051637339,0.325938612222672
-0.109587073326111,14.0534817178856,0.325938612222672
-0.183052480220795,14.6422523668892,0.325938612222672
-0.152788668870926,14.6326619175497,0.383511513471603
-0.0846990942955017,16.5136390374488,0.383511513471603
-0.0876357555389404,19.6410602042872,0.383511513471603
-0.0765859484672546,20.5082287941244,0.495676189661026
-0.0968252420425415,22.8813014018349,0.495676189661026
-0.116456359624863,26.8486370677343,0.495676189661026
-0.152015537023544,28.2777489366499,0.573003351688385
-0.175874531269073,29.0229809197331,0.573003351688385
-0.0839548707008362,30.2306643494417,0.573003351688385
-0.0198447704315186,30.7028371643846,0.505498945713043
0.0636912286281586,27.581572002333,0.505498945713043
0.0354599058628082,21.9055104630347,0.505498945713043
-0.00325071811676025,19.4400522184267,0.261615782976151
0.10374391078949,14.0252764813508,0.261615782976151
0.0331078208982944,13.2292521395761,-0.00473377481102943
0.0217978544533253,16.5774464515442,-0.0693845450878143
-0.039110004901886,25.6942654212254,-0.0732128098607063
-0.0097387433052063,23.5401799251965,-0.0732128098607063
-0.0199969410896301,21.1212787896726,-0.0732128098607063
-0.0885024666786194,19.502782330647,-0.0331939905881882
-0.0519549250602722,16.8463004611086,-0.0331939905881882
-0.0303283333778381,13.9628058592921,-0.0331939905881882
-0.067215621471405,12.6104419866185,0.0227511450648308
-0.143697142601013,10.3435832017711,0.0227511450648308
-0.151824802160263,8.45412273739621,0.0227511450648308
-0.0889265835285187,8.56137822587173,0.120457954704762
-0.110345751047134,8.03279071730384,0.120457954704762
-0.12492835521698,8.0055484325673,0.120457954704762
-0.209623217582703,7.607362905305,0.152690514922142
-0.238939166069031,6.12654125649511,0.152690514922142
-0.287603616714478,4.06113340804346,0.152690514922142
-0.137718915939331,1.86818060537474,0.0123759116977453
0.0287531614303589,4.4529133485476,0.0123759116977453
0.131983876228333,10.702299922743,0.0123759116977453
0.175871551036835,12.3997458578859,-0.101795606315136
0.160002171993256,13.1731141849359,-0.101795606315136
0.113614618778229,14.1790164886984,-0.101795606315136
0.135168671607971,14.5056040641206,-0.0526521354913712
0.131856977939606,12.3832983392759,-0.0526521354913712
0.0538311004638672,9.35202510205474,-0.0526521354913712
-0.0202258825302124,8.51514330284373,0.112941220402718
0.0266752243041992,4.91997556192338,0.112941220402718
-0.0955697894096375,5.72592910878309,0.112941220402718
-0.142050802707672,7.39702940347673,0.255733072757721
-0.120390117168427,8.50144285891016,0.255733072757721
-0.158449649810791,10.3851762027698,0.255733072757721
-0.138380885124207,11.4606771689647,0.308642745018005
-0.0713654756546021,12.7298791788218,0.308642745018005
-0.0501231551170349,13.9965757662918,0.308642745018005
-0.0519558787345886,14.2526176085901,0.388304561376572
-0.0798845291137695,16.711257523234,0.388304561376572
-0.0535750985145569,20.6932472442237,0.388304561376572
-0.0539723634719849,21.9405172071261,0.49495005607605
-0.126959502696991,23.935465095697,0.49495005607605
-0.166353493928909,27.2028761882891,0.49495005607605
-0.139171630144119,28.3844081819227,0.555098652839661
-0.0632630586624146,28.9929940520425,0.555098652839661
-0.0142583250999451,29.9791965117289,0.555098652839661
0.0258476436138153,30.3727643750669,0.510025858879089
0.0873654782772064,27.5249669503979,0.510025858879089
0.0723025500774384,22.3791900000322,0.510025858879089
0.00066906213760376,20.1515285112602,0.301937967538834
0.0819381028413773,14.5931192234277,0.301937967538834
0.00606130994856358,4.86035025647129,0.0723049715161324
0.0253228172659874,8.62849370085595,-0.00473377481102943
0.0193287283182144,14.6797649762739,-0.00473377481102943
5.24520874023438e-05,27.8310996896304,-0.141082942485809
-0.0393486618995667,23.8822964984827,-0.141082942485809
-0.05582195520401,22.2971366278158,-0.0732128098607063
-0.0473192930221558,20.2700823430022,-0.0732128098607063
-0.0385919213294983,17.7799091711388,-0.0732128098607063
-0.0585463047027588,16.1261700739637,-0.0331939905881882
-0.0410163998603821,13.6397522940916,-0.0331939905881882
-0.058480441570282,11.0118177529981,-0.0331939905881882
-0.144485831260681,9.84795631140321,0.0227511450648308
-0.244034886360168,8.14119343573682,0.0227511450648308
-0.222874402999878,6.60071942286757,0.0227511450648308
-0.109937995672226,6.6191348071743,0.120457954704762
-0.136268854141235,5.38905182746551,0.120457954704762
-0.165237247943878,5.98367817982865,0.120457954704762
-0.306653201580048,6.33443684066699,0.152690514922142
-0.306621968746185,5.54347300925025,0.152690514922142
-0.258794665336609,4.49339937454084,0.152690514922142
-0.0983089804649353,3.7297874007568,0.0123759116977453
0.0904471874237061,4.77042572550162,0.0123759116977453
0.116479516029358,11.6501218349388,0.0123759116977453
0.130525588989258,13.6657426570031,-0.101795606315136
0.093050479888916,14.1471387284755,-0.101795606315136
0.100895702838898,14.6865066307057,-0.101795606315136
0.120334923267365,14.8111121291429,-0.0526521354913712
0.0624621510505676,12.4819013300595,-0.0526521354913712
-0.00263839960098267,9.09084767030707,-0.0526521354913712
-0.0670738816261292,7.90234598892431,0.112941220402718
-0.0182007551193237,3.61513799812801,0.112941220402718
-0.09737229347229,4.6583011679748,0.112941220402718
-0.10028350353241,6.60908683960596,0.255733072757721
-0.123740017414093,7.57516044939256,0.255733072757721
-0.113609790802002,8.99185283352696,0.255733072757721
-0.0255299210548401,9.42332770895495,0.308642745018005
-0.00714176893234253,10.5621704729493,0.308642745018005
-0.0670434236526489,12.3167332462285,0.308642745018005
-0.136097609996796,12.8959260759161,0.388304561376572
-0.0898311138153076,16.0906274693563,0.388304561376572
-0.0205744504928589,20.8798955091581,0.388304561376572
-0.0452800393104553,22.5259387474268,0.49495005607605
-0.150083720684052,24.3483393397127,0.49495005607605
-0.17432513833046,27.1361202919194,0.49495005607605
-0.0727192461490631,28.1393271707622,0.555098652839661
0.00409924983978271,28.618901997252,0.555098652839661
-0.0119768977165222,29.4068754678091,0.555098652839661
0.0437542200088501,29.7649785598896,0.510025858879089
0.0994973480701447,27.2704391814497,0.510025858879089
0.0898371040821075,22.7786770036943,0.510025858879089
0.0832786858081818,20.882032173158,0.301937967538834
0.0908243805170059,15.6315063539044,0.301937967538834
0.0868542827665806,6.32409463925891,0.301937967538834
0.042278915643692,2.42024780409663,0.12541875243187
0.0429631732404232,1.14207252925147,0.12541875243187
-0.00231621414422989,10.1816784172121,0.0723049715161324
0.00473849847912788,15.2451690737534,-0.00473377481102943
0.0092600304633379,21.6993790954725,-0.00473377481102943
0.0120117664337158,25.228873732929,-0.141082942485809
-0.0644333362579346,21.048824043049,-0.141082942485809
-0.0604680776596069,19.6706353256112,-0.0732128098607063
-0.0542564392089844,17.5793260655359,-0.0732128098607063
-0.115367829799652,14.8270228105536,-0.0732128098607063
-0.0876380205154419,13.0862499277855,-0.0331939905881882
-0.0471972227096558,10.8523434113086,-0.0331939905881882
-0.0610274076461792,8.60162373631389,-0.0331939905881882
-0.122541069984436,7.65814788586862,0.0227511450648308
-0.155972242355347,6.6524582354304,0.0227511450648308
-0.182306408882141,5.76388355689913,0.0227511450648308
-0.184222280979156,5.75974299945703,0.120457954704762
-0.108949840068817,3.52943964941693,0.120457954704762
-0.185685455799103,4.47401005595946,0.120457954704762
-0.314580827951431,5.34791149734015,0.152690514922142
-0.290877342224121,4.92258619672786,0.152690514922142
-0.212292671203613,4.57727810795198,0.152690514922142
-0.0754281282424927,4.82113173662408,0.0123759116977453
0.0211576819419861,6.19530461724202,0.0123759116977453
0.0453910231590271,12.6502358048455,0.0123759116977453
0.0410730242729187,14.580385762441,-0.101795606315136
0.0189087986946106,14.7296800949387,-0.101795606315136
0.0576208233833313,14.8339745336774,-0.101795606315136
0.0669623613357544,14.7573586491775,-0.0526521354913712
0.0220661759376526,12.1195319446352,-0.0526521354913712
-0.0654053092002869,8.26613795135753,-0.0526521354913712
-0.0605816841125488,6.78036355446777,0.112941220402718
-0.0434974431991577,2.41373567520632,0.112941220402718
-0.162334978580475,4.24755793408008,0.112941220402718
-0.144204497337341,6.18779024906366,0.255733072757721
-0.123055934906006,7.50086610633435,0.255733072757721
-0.114724099636078,9.43817510243788,0.255733072757721
0.0182378888130188,10.1763132593561,0.308642745018005
-0.047422468662262,11.502817482887,0.308642745018005
-0.177020847797394,13.3364573824117,0.308642745018005
-0.194133102893829,14.0527200547927,0.388304561376572
-0.184383809566498,16.9651302966236,0.388304561376572
-0.10398280620575,21.1892130416946,0.388304561376572
-0.117510974407196,22.5649345208903,0.49495005607605
-0.138448596000671,24.0950759135716,0.49495005607605
-0.108490824699402,26.5459976393667,0.49495005607605
-0.0211156606674194,27.4177444523994,0.555098652839661
-0.0420416593551636,27.7454123579156,0.555098652839661
-0.136363804340363,28.3312731909379,0.555098652839661
-0.0801334083080292,28.6663654406868,0.510025858879089
-0.108212023973465,26.5587924927738,0.510025858879089
-0.0658971667289734,22.7754965483735,0.510025858879089
-0.00342592597007751,21.2893431694171,0.301937967538834
0.111004218459129,16.8763873355501,0.301937967538834
0.0984689481556416,8.9452064705973,0.301937967538834
0.0608560293912888,4.75992324239471,0.12541875243187
0.0250053480267525,2.6318102617867,0.12541875243187
-0.000687897205352783,15.4577410972883,-0.0203328039497137
-0.0457506775856018,28.1271863555196,-0.139598041772842
0.0093381404876709,27.0855163825894,-0.108515314757824
-0.0527657866477966,23.6195941891688,-0.108515314757824
-0.121339380741119,19.8061800273683,-0.108515314757824
-0.0829533338546753,18.5058412114245,-0.024677399545908
-0.0976773500442505,16.1792658673142,-0.024677399545908
-0.199405163526535,13.1813886032237,-0.024677399545908
-0.13041877746582,11.3525936831458,0.0265440531075001
-0.0738868713378906,9.37408366685128,0.0265440531075001
-0.0603519082069397,7.47842039647708,0.0265440531075001
-0.117058336734772,6.54145628478934,0.0270532127469778
-0.152955174446106,6.13698835539698,0.0270532127469778
-0.196670889854431,6.09900920801443,0.0270532127469778
-0.243023335933685,6.28175207623563,0.0850221142172813
-0.163096606731415,3.87834447097205,0.0850221142172813
-0.107578337192535,4.54721032387603,0.0850221142172813
-0.174975872039795,5.5521586440226,0.157871931791306
-0.209575235843658,5.34154370604668,0.157871931791306
-0.16998553276062,5.23256722077711,0.157871931791306
-0.0552679300308228,5.59653019269792,0.0543231181800365
0.00871467590332031,7.1553853855656,0.0543231181800365
0.0602009892463684,13.1156284303594,0.0543231181800365
0.0313853621482849,14.8790305218339,-0.0609129965305328
0.0151560306549072,14.7724506063331,-0.0609129965305328
-0.0031893253326416,14.5644122522845,-0.0609129965305328
0.0370997190475464,14.371327735735,-0.0129946935921907
0.0209702849388123,11.4670561624981,-0.0129946935921907
-0.0142068862915039,7.2731079688947,-0.0129946935921907
-0.0152401328086853,5.63146722396394,0.135110050439835
-0.0220688581466675,1.74833995294888,0.135110050439835
-0.111976563930511,4.35451564131117,0.135110050439835
-0.158495366573334,6.07737194465587,0.251188516616821
-0.0727140307426453,7.88997027965557,0.251188516616821
-0.0536066889762878,10.5736598796875,0.251188516616821
0.00274014472961426,11.542111974324,0.305150359869003
-0.0719532370567322,12.5915260769927,0.305150359869003
-0.18623673915863,14.0465692009112,0.305150359869003
-0.159120202064514,14.6513533258203,0.373942941427231
-0.219371557235718,17.1702263258666,0.373942941427231
-0.194482564926147,20.782247510242,0.373942941427231
-0.180124640464783,21.9422685070533,0.453186869621277
-0.1699458360672,23.3581239750856,0.453186869621277
-0.1422398686409,25.6398436939698,0.453186869621277
-0.0724773108959198,26.4418038799892,0.504017472267151
-0.0574460029602051,26.6245840874862,0.504017472267151
-0.0994497537612915,26.9886358841345,0.504017472267151
-0.106675088405609,27.2380391750741,0.476684004068375
-0.241166949272156,25.3925370156791,0.476684004068375
-0.239900320768356,22.1032524098204,0.476684004068375
-0.179529875516891,20.8467240345394,0.33944308757782
-0.125179290771484,17.1665359709021,0.33944308757782
0.0144733935594559,10.3728445886281,0.33944308757782
0.0512430965900421,6.63511350071678,0.174392372369766
-0.00424490869045258,4.24609032539901,0.174392372369766
-0.0295790750533342,2.30419880936992,0.0882592499256134
-0.0234275683760643,4.14903192544079,-0.0203328039497137
-0.0260659661144018,11.1919696520603,-0.0203328039497137
-0.029158158111386,19.8997211837463,-0.0203328039497137
-0.0483603477478027,24.519542097803,-0.139598041772842
-0.0216394662857056,23.4573046451582,-0.108515314757824
-0.0691313743591309,20.2037380639969,-0.108515314757824
-0.0789229273796082,16.6678745164976,-0.108515314757824
-0.04353266954422,15.6090776407744,-0.024677399545908
-0.0878835022449493,13.2528893749018,-0.024677399545908
-0.103448480367661,10.4549542564867,-0.024677399545908
-0.0889082551002502,9.2739244622549,0.0265440531075001
-0.140924453735352,7.9516877107974,0.0265440531075001
-0.191076815128326,6.47103439960772,0.0265440531075001
-0.231271266937256,5.57933897753441,0.0270532127469778
-0.211059331893921,5.77831760476155,0.0270532127469778
-0.17738550901413,6.62723249803662,0.0270532127469778
-0.149517834186554,7.06907366956663,0.0850221142172813
-0.0739011764526367,5.10764786178372,0.0850221142172813
-0.0640320181846619,5.87426480298521,0.0850221142172813
-0.101608037948608,7.93998423188097,0.157871931791306
-0.191607177257538,9.41037959866393,0.157871931791306
-0.215717315673828,10.5192385295072,0.157871931791306
-0.132235825061798,11.428839159811,0.0543231181800365
-0.035898745059967,12.582705930552,0.0543231181800365
0.0477777719497681,15.6959734042217,0.0543231181800365
0.14730829000473,16.1594908864312,-0.0609129965305328
0.0635316371917725,15.3044481201114,-0.0609129965305328
-0.0236842632293701,14.564943900667,-0.0609129965305328
-0.000249028205871582,14.0246577591379,-0.0129946935921907
0.028532862663269,10.7983495408335,-0.0129946935921907
-0.00333684682846069,6.35032726839207,-0.0129946935921907
0.0165514945983887,4.51783047521958,0.135110050439835
0.0340661406517029,1.08011783845778,0.135110050439835
-0.00708478689193726,4.82111184085924,0.135110050439835
-0.118267059326172,6.4594513056063,0.251188516616821
-0.0606833100318909,8.56954403365825,0.251188516616821
-0.00723755359649658,11.594601136515,0.251188516616821
0.024842381477356,12.6368329389007,0.305150359869003
-0.0989068150520325,13.6019031054552,0.305150359869003
-0.191337168216705,15.0518850550583,0.305150359869003
-0.114686965942383,15.7967868247888,0.373942941427231
-0.167418658733368,18.0173493340823,0.373942941427231
-0.190989106893539,20.9992473958964,0.373942941427231
-0.136694133281708,21.9466702395721,0.453186869621277
-0.151290893554688,23.0939770134408,0.453186869621277
-0.152118861675262,24.9095670939836,0.453186869621277
-0.149173200130463,25.4562846847645,0.504017472267151
-0.115812838077545,25.466897883487,0.504017472267151
-0.155765175819397,25.6381215009874,0.504017472267151
-0.190404415130615,25.7450199238777,0.476684004068375
-0.201318293809891,23.9317010262239,0.476684004068375
-0.227238297462463,20.8336588283427,0.476684004068375
-0.14552965760231,19.742061723823,0.33944308757782
-0.06467604637146,16.9019206973846,0.33944308757782
0.00163960456848145,11.4885393734229,0.33944308757782
0.0164310559630394,8.55853093402764,0.174392372369766
-0.00494172424077988,5.82914694410133,0.174392372369766
-0.0346618369221687,5.07000564227925,0.0882592499256134
-0.04458874091506,7.7696677642875,-0.0203328039497137
-0.0898743867874146,22.9478388707547,-0.139598041772842
-0.090266227722168,22.5289871951242,-0.139598041772842
-0.0833839178085327,21.28902465362,-0.139598041772842
-0.0855037569999695,20.1601674376466,-0.108515314757824
-0.0509024858474731,17.2959030323708,-0.108515314757824
-0.0358254313468933,14.2347280475596,-0.108515314757824
-0.082817941904068,13.4233300207502,-0.024677399545908
-0.109511077404022,11.1473752570992,-0.024677399545908
-0.0461671650409698,8.59236787274425,-0.024677399545908
-0.0920449197292328,7.98530834684693,0.0265440531075001
-0.0795103013515472,7.04157395251856,0.0265440531075001
-0.201801598072052,5.69841554433638,0.0265440531075001
-0.267549812793732,4.7995475490385,0.0270532127469778
-0.191178858280182,5.54185749563029,0.0270532127469778
-0.135719895362854,7.2630872250107,0.0270532127469778
-0.100972473621368,7.9443073226124,0.0850221142172813
-0.0491549968719482,6.6150543838539,0.0850221142172813
-0.0428887605667114,7.35415342217842,0.0850221142172813
-0.0832948088645935,10.3370223106358,0.157871931791306
-0.201411485671997,13.094079667377,0.157871931791306
-0.164694607257843,14.9836564698265,0.157871931791306
-0.0812501311302185,16.2666874256259,0.0543231181800365
-0.0169723033905029,17.2164216576415,0.0543231181800365
-0.0192517042160034,18.0465244656115,0.0543231181800365
0.075435996055603,16.9186770943303,-0.0609129965305328
0.0920694470405579,15.2637124290526,-0.0609129965305328
0.0299670100212097,14.1383847178863,-0.0609129965305328
0.0113139748573303,13.2540055294026,-0.0129946935921907
-0.00964438915252686,9.83366241132908,-0.0129946935921907
-0.0606589913368225,5.41162992807052,-0.0129946935921907
-0.0564811229705811,3.45069963071265,0.135110050439835
-0.0587261915206909,1.33462835293358,0.135110050439835
-0.1137815117836,5.98469630009433,0.135110050439835
-0.127261579036713,7.74082256749302,0.251188516616821
-0.0878390669822693,9.73009700933472,0.251188516616821
-0.0482694506645203,12.2961926399856,0.251188516616821
-0.0761944055557251,13.0815836899419,0.305150359869003
-0.123502910137177,14.3120200817247,0.305150359869003
-0.0915831327438354,16.3115496158724,0.305150359869003
-0.0429275035858154,17.3548918611037,0.373942941427231
-0.0970402359962463,19.2456037680194,0.373942941427231
-0.0797796845436096,21.5886662933247,0.373942941427231
-0.0729186534881592,22.3534994229986,0.453186869621277
-0.136391222476959,23.1102285743376,0.453186869621277
-0.141233384609222,24.1939356631749,0.453186869621277
-0.166701674461365,24.3520980421663,0.504017472267151
-0.174569457769394,24.2904019646086,0.504017472267151
-0.155362963676453,24.4749082908802,0.504017472267151
-0.168174803256989,24.5374359423256,0.476684004068375
-0.0701228976249695,22.5976651537811,0.476684004068375
-0.0333883166313171,19.3573905726123,0.476684004068375
-0.0798130631446838,18.2360156535769,0.33944308757782
-0.0628513097763062,16.3142898838276,0.33944308757782
-0.0970292985439301,12.5007783789094,0.33944308757782
0.0334508419036865,10.4286888584408,0.174392372369766
-0.0131476074457169,7.28274521011531,0.174392372369766
-0.0653548836708069,7.95345054634827,0.0199407301843166
-0.0594078432768583,10.153872850565,-0.127591356635094
-0.0498725771903992,23.3842338735262,-0.119777254760265
-0.0811188220977783,22.041719838721,-0.119777254760265
-0.0814311504364014,19.7366824334094,-0.119777254760265
-0.12783807516098,18.3656249970893,-0.0679343268275261
-0.115485906600952,15.950798292595,-0.0679343268275261
-0.0900117754936218,13.4987280074174,-0.0679343268275261
-0.0579730570316315,12.7862198020109,-0.00947005767375231
-0.0739826560020447,10.6560985115171,-0.00947005767375231
-0.0541252791881561,8.30520835797113,-0.00947005767375231
-0.0961839556694031,7.77165360202542,0.051211278885603
-0.0642436146736145,6.69157126816006,0.051211278885603
-0.137900412082672,5.24181173529793,0.051211278885603
-0.160621762275696,4.31206221842222,0.049496702849865
-0.160886347293854,5.40092845490872,0.049496702849865
-0.189720094203949,7.84688749191664,0.049496702849865
-0.199560403823853,8.63225964735153,0.037103246897459
-0.040117621421814,7.75134319739822,0.037103246897459
-0.00886482000350952,8.00285635629271,0.037103246897459
-0.103228747844696,10.5161698998142,0.0811205729842186
-0.19316840171814,12.9853081139475,0.0811205729842186
-0.084384560585022,14.7159813261684,0.0811205729842186
-0.0271593332290649,15.9869453467873,0.0685005560517311
-0.0431755185127258,16.8697594771253,0.0685005560517311
0.0335547924041748,16.8887857525819,0.0685005560517311
0.0712413191795349,15.3264706951853,0.0178656093776226
0.08901447057724,13.7183823389965,0.0178656093776226
0.0704544186592102,12.7812176852454,0.0178656093776226
0.0697069764137268,11.8811215534568,0.0525104179978371
-0.0628695487976074,8.53473856647375,0.0525104179978371
-0.176514029502869,4.48875342240677,0.0525104179978371
-0.194409966468811,2.65141760095216,0.171938389539719
-0.219650387763977,2.58121211011508,0.171938389539719
-0.226526141166687,7.33319907673034,0.171938389539719
-0.216907232999802,8.98212926805351,0.282449573278427
-0.145126402378082,10.4225154437229,0.282449573278427
-0.104659616947174,12.3006534981817,0.282449573278427
-0.193431198596954,12.8714992859649,0.369296252727509
-0.141644299030304,14.6573965981592,0.369296252727509
-0.0360768437385559,17.4353833385865,0.369296252727509
-0.109136879444122,18.6628935255101,0.426535427570343
-0.127890229225159,20.0155958099246,0.426535427570343
-0.0254948139190674,21.6373713003522,0.426535427570343
0.012563943862915,22.1620562631963,0.444368273019791
-0.0173133015632629,22.484821202088,0.444368273019791
-0.0764262676239014,22.8726904018829,0.444368273019791
-0.109592735767365,22.7700759728366,0.460413634777069
-0.121046364307404,22.8361837148459,0.460413634777069
-0.0957867503166199,23.2316273446894,0.460413634777069
-0.0179199576377869,23.3834976085305,0.426875978708267
0.0171043872833252,21.3487628214889,0.426875978708267
-0.0133460760116577,17.9631413342027,0.426875978708267
-0.115882396697998,16.8436006626396,0.364355772733688
-0.171274542808533,15.9280876369356,0.364355772733688
-0.163523465394974,13.7747022144823,0.364355772733688
-0.0468667149543762,12.4267529171917,0.272474318742752
0.00505461543798447,8.77748752396219,0.272474318742752
-0.0117389829829335,11.6062902538706,0.0199407301843166
-0.0351215060800314,14.0037500991155,-0.127591356635094
-0.0513476729393005,24.0793552305388,-0.159191489219666
-0.10227382183075,23.0515067690172,-0.159191489219666
-0.101096272468567,22.6077022294521,-0.119777254760265
-0.0498566031455994,20.1422613041393,-0.119777254760265
-0.0625017881393433,17.0211312296838,-0.119777254760265
-0.109082102775574,15.8322843149792,-0.0679343268275261
-0.0999360084533691,13.9840094118544,-0.0679343268275261
-0.0788714289665222,12.0173830461081,-0.0679343268275261
-0.10012423992157,11.376757600452,-0.00947005767375231
-0.123167157173157,9.47219656818421,-0.00947005767375231
-0.131810486316681,7.49237687094475,-0.00947005767375231
-0.175246298313141,7.36110320748515,0.051211278885603
-0.139052927494049,6.5999792090737,0.051211278885603
-0.134333252906799,5.81254938819681,0.051211278885603
-0.131466031074524,5.75474565254393,0.049496702849865
-0.190487444400787,6.74689683080134,0.049496702849865
-0.228938281536102,8.48937389715113,0.049496702849865
-0.187125861644745,8.60528335455823,0.037103246897459
-0.0556204915046692,7.8393333467476,0.037103246897459
-0.0752154588699341,7.60435162991058,0.037103246897459
-0.147148787975311,8.78802181358063,0.0811205729842186
-0.16099750995636,9.82405239019511,0.0811205729842186
-0.0344491004943848,10.8266929430041,0.0811205729842186
-0.0293660759925842,12.1389538164151,0.0685005560517311
-0.0654888153076172,13.3411603183498,0.0685005560517311
0.0107122659683228,13.6910217041379,0.0685005560517311
0.0633412003517151,12.9101416268448,0.0178656093776226
0.0754531621932983,12.0301953899281,0.0178656093776226
0.0628920197486877,11.2274234125859,0.0178656093776226
0.0403730869293213,10.1103558488427,0.0525104179978371
-0.0721098184585571,6.95430960529609,0.0525104179978371
-0.187136828899384,3.78445526755342,0.0525104179978371
-0.229015231132507,2.96147225269308,0.171938389539719
-0.231452584266663,4.07835835934806,0.171938389539719
-0.171411573886871,8.27524194598986,0.171938389539719
-0.151726245880127,9.74285048711988,0.282449573278427
-0.105077683925629,10.864313778372,0.282449573278427
-0.0204365849494934,12.414210220966,0.282449573278427
-0.0870873332023621,12.928583299876,0.369296252727509
-0.0933058261871338,15.1241307248068,0.369296252727509
-0.07099848985672,18.3157071190903,0.369296252727509
-0.171652436256409,19.2898459218787,0.426535427570343
-0.161223709583282,19.8051989529242,0.426535427570343
-0.0664867162704468,20.6770148616563,0.426535427570343
-0.032848060131073,20.989780157529,0.444368273019791
0.00888895988464355,20.9914456687164,0.444368273019791
-0.0242651700973511,20.9810921219911,0.444368273019791
-0.0569204092025757,20.9937072082858,0.460413634777069
-0.0871174335479736,21.3727753231404,0.460413634777069
-0.0335304737091064,22.0355089296466,0.460413634777069
-0.0405051708221436,22.5326967512439,0.426875978708267
-0.0144363641738892,20.9648125906078,0.426875978708267
-0.0499022603034973,18.4350914074473,0.426875978708267
-0.0715925097465515,18.3333032679167,0.364355772733688
-0.169179439544678,19.0924312019989,0.364355772733688
-0.147141337394714,19.082785779808,0.364355772733688
-0.0850808620452881,18.7736427927299,0.272474318742752
-0.0389778465032578,16.2684217405059,0.272474318742752
0.0807294920086861,12.7177185270057,0.272474318742752
0.0995296780019999,10.7303068598873,0.191111192107201
0.0638119392096996,8.92473141076996,0.191111192107201
0.00930867344141006,6.7588868973744,0.191111192107201
-0.0779799423180521,4.26868219109104,0.147200271487236
-0.0858429824002087,1.95746360428275,0.147200271487236
-0.0153408730402589,15.7922385179517,0.0199407301843166
-0.0209067352116108,18.298129080003,-0.127591356635094
0.00337940454483032,23.7144066874424,-0.159191489219666
-0.0364000797271729,21.9712802498198,-0.159191489219666
-0.0431879758834839,20.9208333218294,-0.119777254760265
-0.0492936372756958,18.0100008475492,-0.119777254760265
-0.0953890085220337,14.7829129372324,-0.119777254760265
-0.123360812664032,13.8660844051636,-0.0679343268275261
-0.0809866189956665,12.3500453623589,-0.0679343268275261
-0.0933877229690552,10.6057572309211,-0.0679343268275261
-0.125819683074951,10.0160388747688,-0.00947005767375231
-0.184182643890381,8.66096769967734,-0.00947005767375231
-0.194472432136536,7.34983607904991,-0.00947005767375231
-0.182368278503418,7.52466953363619,0.051211278885603
-0.146501660346985,6.98875875977699,0.051211278885603
-0.144326388835907,6.7217284446281,0.051211278885603
-0.145031869411469,7.47303279239286,0.049496702849865
-0.216294348239899,8.31746211520487,0.049496702849865
-0.220767617225647,8.38527467959955,0.049496702849865
-0.0856848955154419,7.26265974008628,0.037103246897459
-0.0730563998222351,7.05621762587871,0.037103246897459
-0.120145320892334,7.77391370518457,0.037103246897459
-0.187835574150085,8.31965789150729,0.0811205729842186
-0.167495787143707,8.01678366873454,0.0811205729842186
-0.0736691355705261,7.97583962196171,0.0811205729842186
-0.0486480593681335,9.09514257697447,0.0685005560517311
-0.0403364300727844,10.4060999834909,0.0685005560517311
-0.00583738088607788,11.1251620725675,0.0685005560517311
0.00498545169830322,11.1989711935407,0.0178656093776226
0.0427838563919067,10.8309856397544,0.0178656093776226
0.0421659350395203,9.74790490279166,0.0178656093776226
-0.0288570523262024,8.19845067263605,0.0525104179978371
-0.0337414145469666,5.52189534784978,0.0525104179978371
-0.121315240859985,3.44201174690273,0.0525104179978371
-0.149935781955719,3.46015164702591,0.171938389539719
-0.145294964313507,4.91933951881137,0.171938389539719
-0.0864158272743225,8.68980037811706,0.171938389539719
-0.0708827972412109,10.8216089132952,0.282449573278427
-0.0402580499649048,12.968351705105,0.282449573278427
0.0312918424606323,15.0660970077002,0.282449573278427
-0.0222864747047424,15.7433005282838,0.369296252727509
-0.0612891316413879,17.8695292392058,0.369296252727509
-0.145826518535614,21.0149471132527,0.369296252727509
-0.174647867679596,21.8210617415553,0.426535427570343
-0.146224677562714,21.7866324687451,0.426535427570343
-0.127011239528656,22.0199220964549,0.426535427570343
-0.154206931591034,22.0353574152851,0.444368273019791
-0.0950353741645813,21.6063501104195,0.444368273019791
-0.0912029147148132,21.0813932688529,0.444368273019791
-0.130867063999176,21.0060176382701,0.460413634777069
-0.118831038475037,21.2138362034146,0.460413634777069
-0.0804407596588135,21.6705219506025,0.460413634777069
-0.142105340957642,22.4934177344604,0.426875978708267
-0.107459187507629,21.7626363708537,0.426875978708267
-0.0567170381546021,20.5724904767867,0.426875978708267
0.0526476502418518,21.5564875324078,0.364355772733688
-0.0712558627128601,23.4203916662135,0.364355772733688
-0.144532680511475,24.8280134973745,0.364355772733688
-0.109873980283737,25.7092222334763,0.272474318742752
-0.0965709984302521,25.0107808056252,0.272474318742752
-0.00359000265598297,22.7207060891061,0.272474318742752
0.060381967574358,19.9562179242728,0.191111192107201
0.109673537313938,16.9142258040393,0.191111192107201
0.0932735837996006,13.354152786667,0.191111192107201
0.0251789465546608,9.30363092290778,0.147200271487236
-0.0720412340015173,5.03375009690177,0.147200271487236
-0.0428867340087891,24.9986909246668,-0.216235503554344
-0.0215038657188416,24.1547405567982,-0.142209455370903
0.0302833318710327,22.4890498133718,-0.142209455370903
-0.0386859774589539,20.4709124522781,-0.142209455370903
-0.0403636693954468,19.3134335403536,-0.0906484127044678
-0.0630640387535095,16.676929268314,-0.0906484127044678
-0.141785025596619,13.8354690479174,-0.0906484127044678
-0.192907869815826,12.9635117970719,-0.0388348437845707
-0.107791364192963,11.4675600651201,-0.0388348437845707
-0.0905000567436218,9.75700322593088,-0.0388348437845707
-0.120286107063293,9.15349783773131,-0.021469596773386
-0.220543682575226,8.50497452927689,-0.021469596773386
-0.256635069847107,8.05434226898848,-0.021469596773386
-0.149283766746521,8.3401829691359,0.0138081721961498
-0.114825129508972,7.67558704256957,0.0138081721961498
-0.114359438419342,7.18802832240617,0.0138081721961498
-0.123663127422333,7.85518938106963,0.0587972477078438
-0.173658907413483,8.19582145014283,0.0587972477078438
-0.138902902603149,7.25022336330712,0.0587972477078438
-0.0510343313217163,5.52261921537131,0.0301305111497641
-0.0759660601615906,6.2113845861785,0.0301305111497641
-0.138844132423401,8.64061832776113,0.0301305111497641
-0.184648334980011,9.54831336006262,0.0248462799936533
-0.180057108402252,9.23670110363202,0.0248462799936533
-0.159565031528473,9.08066463467888,0.0248462799936533
-0.117084443569183,10.0313608532241,0.0692455694079399
-0.06012362241745,10.9191052866222,0.0692455694079399
-0.0172364711761475,11.1937807402351,0.0692455694079399
0.0120899677276611,11.1488840797279,0.0961111634969711
0.0205726027488708,10.4046981529121,0.0961111634969711
-0.00234401226043701,8.74217285386874,0.0961111634969711
-0.0801553130149841,6.78919207074598,0.118742235004902
-0.0554794669151306,4.68550138269954,0.118742235004902
-0.0343734622001648,3.41043218266,0.118742235004902
-0.00216221809387207,3.46082586290711,0.15809677541256
-0.104464173316956,4.44725290959507,0.15809677541256
-0.0408669114112854,7.38929790258542,0.15809677541256
-0.0584968328475952,9.43509815235922,0.246615990996361
-0.051613986492157,12.021395936116,0.246615990996361
-0.0688230991363525,14.7322405104391,0.246615990996361
-0.177284240722656,15.6236308050034,0.380580753087997
-0.161128520965576,18.0807178470031,0.380580753087997
-0.151382088661194,21.7517710965155,0.380580753087997
-0.171688973903656,22.7444195776493,0.464679777622223
-0.100030839443207,22.5664610836346,0.464679777622223
-0.110826313495636,22.5575748269071,0.464679777622223
-0.213159263134003,22.4885904057161,0.457298845052719
-0.197745144367218,21.752592406203,0.457298845052719
-0.100278317928314,20.7359591023983,0.457298845052719
-0.0896600484848022,20.4847462115552,0.419259697198868
-0.163560807704926,20.2361815107267,0.419259697198868
-0.131586849689484,20.0029800322,0.419259697198868
-0.11564302444458,20.6626309166733,0.366363763809204
-0.142121613025665,20.0459068293115,0.366363763809204
-0.138496160507202,19.1242145837224,0.366363763809204
-0.00959903001785278,20.3698949640744,0.345768332481384
-0.0207230448722839,22.5413032349409,0.345768332481384
-0.118608593940735,24.3136837407853,0.345768332481384
-0.127044677734375,25.3434770639039,0.323534458875656
-0.0851157903671265,25.0901255164658,0.323534458875656
-0.126013517379761,23.2754596241632,0.323534458875656
-0.0862268507480621,20.6526329350766,0.33477059006691
0.0125196278095245,18.0647003278305,0.33477059006691
0.0841453447937965,15.6233283946242,0.33477059006691
0.110753759741783,12.9301237959611,0.247703090310097
0.041620060801506,8.31889203139516,0.247703090310097
-0.00930517911911011,21.3773225407966,-0.216235503554344
0.00928035378456116,20.7316136152328,-0.142209455370903
-0.0131264925003052,19.1172027491847,-0.142209455370903
-0.0930060744285583,17.1568484307301,-0.142209455370903
-0.0604369640350342,16.410335716528,-0.0906484127044678
-0.0416446924209595,14.2740327467344,-0.0906484127044678
-0.14975118637085,11.8683604745646,-0.0906484127044678
-0.188228249549866,11.2520733812058,-0.0388348437845707
-0.128023147583008,9.93935075124264,-0.0388348437845707
-0.0845787525177002,8.41451745257064,-0.0388348437845707
-0.0604754686355591,8.01181951599918,-0.021469596773386
-0.137138724327087,8.17303153395669,-0.021469596773386
-0.186149895191193,8.56627620043058,-0.021469596773386
-0.062093198299408,8.93713108902755,0.0138081721961498
-0.0571202635765076,8.20931486175075,0.0138081721961498
-0.119449019432068,7.73596957158575,0.0138081721961498
-0.147503912448883,8.67471541303393,0.0587972477078438
-0.136120855808258,9.24986020892753,0.0587972477078438
-0.0395097136497498,9.21456384562405,0.0587972477078438
-0.0105884671211243,9.0192017814013,0.0301305111497641
-0.00321179628372192,10.1022511274224,0.0301305111497641
-0.0602830052375793,12.6365500974897,0.0301305111497641
-0.0700962543487549,13.6533165073272,0.0248462799936533
-0.0720314383506775,13.4072247064466,0.0248462799936533
-0.0887746214866638,12.9564910992603,0.0248462799936533
-0.0892662405967712,13.0675672051106,0.0692455694079399
-0.0597072839736938,12.7524726353824,0.0692455694079399
-0.11765331029892,11.8816767206421,0.0692455694079399
-0.070263683795929,11.0312970422867,0.0961111634969711
-0.0213662981987,9.42910511333076,0.0961111634969711
-0.0205389857292175,7.12511709053598,0.0961111634969711
-0.0512157082557678,4.75787524199709,0.118742235004902
-0.0541159510612488,2.54079187622293,0.118742235004902
0.0560517907142639,0.826095215378068,0.118742235004902
0.0352665185928345,0.388869330484188,0.15809677541256
-0.0864784717559814,1.78600443014621,0.15809677541256
-0.0754052400588989,3.72427439430117,0.15809677541256
-0.103196740150452,4.39723133648937,0.246615990996361
-0.0448247194290161,7.13307483769957,0.246615990996361
-0.0984723567962646,10.9101708787385,0.246615990996361
-0.152952253818512,12.2412959892399,0.380580753087997
-0.135449588298798,15.7378084351919,0.380580753087997
-0.11936342716217,20.6614080823344,0.380580753087997
-0.151786208152771,22.2970960732441,0.464679777622223
-0.0996076464653015,22.4906952399729,0.464679777622223
-0.0557063221931458,22.7007872364602,0.464679777622223
-0.0601613521575928,22.7348279919889,0.457298845052719
-0.144298434257507,21.7904057988467,0.457298845052719
-0.158887624740601,20.3792680218852,0.457298845052719
-0.147744476795197,19.9832671785434,0.419259697198868
-0.161403596401215,19.2640028065583,0.419259697198868
-0.134265124797821,18.3509427664375,0.419259697198868
-0.135871410369873,18.9205992981629,0.366363763809204
-0.143837213516235,18.5647071605202,0.366363763809204
-0.184016585350037,17.3544806634545,0.366363763809204
-0.145501017570496,17.3092363335925,0.345768332481384
-0.00894886255264282,18.2270052453928,0.345768332481384
-0.0208237171173096,19.4275100804361,0.345768332481384
-0.0781015753746033,20.1665054388946,0.323534458875656
-0.0448471903800964,20.0859534893019,0.323534458875656
-0.0615202188491821,19.2464200713537,0.323534458875656
-0.121973365545273,18.1526636826685,0.33477059006691
-0.0966986119747162,17.6908071427101,0.33477059006691
-0.0520146638154984,17.7270018474538,0.33477059006691
0.0249494463205338,16.751515346616,0.247703090310097
0.0986697748303413,11.6167713297067,0.247703090310097
-0.0458694100379944,19.0825017911272,-0.216235503554344
-0.0398805141448975,18.4798376596522,-0.142209455370903
-0.0489843487739563,16.8509751837143,-0.142209455370903
-0.0571755170822144,14.8880550612196,-0.142209455370903
-0.039938747882843,14.4720020325587,-0.0906484127044678
-0.0872160196304321,12.6564725573952,-0.0906484127044678
-0.161782085895538,10.5067998886077,-0.0906484127044678
-0.154828071594238,10.0853228966664,-0.0388348437845707
-0.14030909538269,8.95182763588769,-0.0388348437845707
-0.141487896442413,7.6056542147059,-0.0388348437845707
-0.0709481835365295,7.34745055221299,-0.021469596773386
-0.12509423494339,8.21719206792475,-0.021469596773386
-0.120888411998749,9.35837759667191,-0.021469596773386
-0.00489962100982666,9.78580478867561,0.0138081721961498
0.0418174862861633,9.12660424353687,0.0138081721961498
-0.0121229290962219,8.76155830666105,0.0138081721961498
-0.0961216688156128,9.87776128939817,0.0587972477078438
-0.128043234348297,10.7533459475137,0.0587972477078438
-0.0600975155830383,11.8402954726761,0.0587972477078438
-0.00531595945358276,13.4640306178668,0.0301305111497641
0.0470401048660278,15.6107638402488,0.0301305111497641
0.063386082649231,17.6956957997973,0.0301305111497641
0.0732478499412537,18.2438287918839,0.0248462799936533
0.0417656898498535,17.5497130718385,0.0248462799936533
-0.00423324108123779,16.374641698939,0.0248462799936533
-0.0507031679153442,15.4956674023815,0.0692455694079399
-0.094021201133728,14.1173354933255,0.0692455694079399
-0.184065401554108,12.2991889319432,0.0692455694079399
-0.132369220256805,10.6465957166245,0.0961111634969711
-0.0161513686180115,8.39251990172501,0.0961111634969711
-0.022962749004364,5.98861839966548,0.0961111634969711
-0.0400972962379456,3.65978112389151,0.118742235004902
-0.0369450449943542,1.67069730896911,0.118742235004902
0.00415235757827759,2.36194690440004,0.118742235004902
-0.0393524765968323,4.50264998449307,0.15809677541256
-0.117901742458344,6.44826226341197,0.15809677541256
-0.108689725399017,7.19367427351018,0.15809677541256
-0.0920131802558899,6.79062166513782,0.246615990996361
-0.077299177646637,7.65229742607841,0.246615990996361
-0.10177356004715,10.1835636823314,0.246615990996361
-0.134643971920013,10.8782889879757,0.380580753087997
-0.115177631378174,14.1029679593987,0.380580753087997
-0.130982398986816,19.095294360488,0.380580753087997
-0.144868493080139,20.8326988979156,0.464679777622223
-0.125201344490051,21.5407155790962,0.464679777622223
-0.0334539413452148,22.4242693529865,0.464679777622223
0.00783389806747437,22.7221047057455,0.457298845052719
-0.0644602179527283,21.6491853332951,0.457298845052719
-0.147397935390472,19.9815093504071,0.457298845052719
-0.197179198265076,19.492440660741,0.419259697198868
-0.1773761510849,18.2726904899455,0.419259697198868
-0.114168584346771,16.6672169668052,0.419259697198868
-0.158941268920898,17.1963206675254,0.366363763809204
-0.150222361087799,17.5084471312856,0.366363763809204
-0.166207790374756,16.3827884762533,0.366363763809204
-0.118960797786713,15.0742231115151,0.345768332481384
-0.0586935877799988,14.5636757576025,0.345768332481384
-0.0463868379592896,14.9212828101649,0.345768332481384
-0.0588582754135132,15.2308875813976,0.323534458875656
0.0144019722938538,15.0775245392779,0.323534458875656
-0.00995445251464844,14.8904590224586,0.323534458875656
-0.0872935652732849,15.1400880807628,0.33477059006691
-0.0957273244857788,16.9992030946447,0.33477059006691
-0.14020100235939,19.857715807581,0.33477059006691
-0.0719013214111328,20.433812304499,0.247703090310097
0.0052083432674408,14.661838132152,0.247703090310097
-0.0834751129150391,19.0091263366122,-0.309714287519455
-0.0556710362434387,18.2235936585641,-0.181038022041321
-0.0535389184951782,16.4553018911584,-0.181038022041321
-0.0871732831001282,14.3261830350315,-0.181038022041321
-0.0670865178108215,13.8811918811874,-0.101772703230381
-0.131199598312378,12.1129629316183,-0.101772703230381
-0.179586142301559,10.0267125341712,-0.101772703230381
-0.181186825037003,9.61322822091114,-0.0505370795726776
-0.128348410129547,8.55682660498179,-0.0505370795726776
-0.168217957019806,7.30872587364345,-0.0505370795726776
-0.123555064201355,7.06774246473609,-0.0619864799082279
-0.225489616394043,8.54155891759363,-0.0619864799082279
-0.186643362045288,10.4065787445381,-0.0619864799082279
-0.041189968585968,10.9408204725392,-0.0653814300894737
0.00566083192825317,10.4835485353667,-0.0653814300894737
-0.0619552135467529,10.2441670337892,-0.0653814300894737
-0.0952543020248413,11.2069750046565,-0.00707095256075263
-0.109828412532806,11.7550477845802,-0.00707095256075263
-0.0553032159805298,12.496571750403,-0.00707095256075263
0.00869101285934448,13.988803568732,0.0210037268698215
0.0575832724571228,16.0548309454914,0.0210037268698215
0.0641428828239441,17.8385774460327,0.0210037268698215
0.0872139930725098,18.2886062540295,0.0392076522111893
0.04304438829422,17.4189000415875,0.0392076522111893
-0.0194627046585083,16.0691540933546,0.0392076522111893
-0.0870477557182312,15.1441036121316,0.0828516557812691
-0.190121591091156,13.7037131791512,0.0828516557812691
-0.243635296821594,11.8855338798379,0.0828516557812691
-0.126362383365631,10.2040318317888,0.154656231403351
-0.0733323693275452,8.19203564759223,0.154656231403351
-0.0832101106643677,6.70950881860811,0.154656231403351
-0.0875181555747986,5.18671644944215,0.221586346626282
-0.0736945271492004,4.08930486470353,0.221586346626282
-0.0735209584236145,4.4683457213626,0.221586346626282
-0.0549304485321045,5.89081495402266,0.192279800772667
-0.113915979862213,7.01081471454993,0.192279800772667
-0.128866136074066,7.0677909937075,0.192279800772667
-0.134939014911652,6.44445070177434,0.187371462583542
-0.158468127250671,6.92789769341389,0.187371462583542
-0.151309132575989,9.00993654163672,0.187371462583542
-0.109647393226624,9.5479801349866,0.298834174871445
-0.0932744741439819,12.6005265959391,0.298834174871445
-0.107875347137451,17.4180518788985,0.298834174871445
-0.128296673297882,19.1193376263398,0.397338837385178
-0.139263987541199,20.3896710429572,0.397338837385178
-0.118795156478882,22.0779455791286,0.397338837385178
-0.127860069274902,22.6458675008503,0.406612247228622
-0.107142806053162,21.4354467501467,0.406612247228622
-0.109537243843079,19.5511643305826,0.406612247228622
-0.184154033660889,18.9891494202804,0.339300483465195
-0.147019863128662,17.2490908134851,0.339300483465195
-0.102239608764648,14.9497191757592,0.339300483465195
-0.116054832935333,15.4518726085443,0.298949748277664
-0.16607478260994,16.7038398718683,0.298949748277664
-0.20240330696106,16.7180588114358,0.298949748277664
-0.136503159999847,15.8278875583069,0.317551881074905
-0.147496581077576,15.1069690859172,0.317551881074905
-0.107482254505157,14.995230230075,0.317551881074905
-0.0858497023582458,15.0896291599334,0.315264642238617
-0.00221490859985352,14.8284327693021,0.315264642238617
-0.0609040856361389,14.4914595056122,0.315264642238617
-0.128305494785309,14.7132129479843,0.372190237045288
-0.0578196048736572,17.4783439872611,0.372190237045288
-0.0901931524276733,22.3907432517148,0.372190237045288
-0.100019037723541,24.0484883107935,0.278999984264374
-0.0918026566505432,17.5526126500791,0.278999984264374
-0.045734703540802,18.9187752966546,-0.309714287519455
-0.0505944490432739,17.9656220035167,-0.181038022041321
-0.0584766268730164,15.9800797960999,-0.181038022041321
-0.133939146995544,13.6654788592818,-0.181038022041321
-0.0980502963066101,13.3269342796024,-0.101772703230381
-0.125444859266281,11.640728267388,-0.101772703230381
-0.147510468959808,9.64541512256225,-0.101772703230381
-0.193437248468399,9.36536566980778,-0.0505370795726776
-0.138972729444504,8.57304609282092,-0.0505370795726776
-0.138082146644592,7.54167355396838,-0.0505370795726776
-0.131520867347717,7.27482956213712,-0.0619864799082279
-0.24469405412674,9.05915610373543,-0.0619864799082279
-0.19439297914505,11.3093696665368,-0.0619864799082279
-0.0322844684123993,11.7636896884453,-0.0653814300894737
-0.0106891691684723,11.3143880782071,-0.0653814300894737
-0.0246905088424683,10.9691125090664,-0.0653814300894737
-0.0884261131286621,11.5243200853762,-0.00707095256075263
-0.115162074565887,11.5217499912231,-0.00707095256075263
-0.0441679358482361,11.8318573261141,-0.00707095256075263
0.0398743152618408,13.3086719911838,0.0210037268698215
0.0721302032470703,15.1348618301543,0.0210037268698215
0.0412992238998413,16.108033695233,0.0210037268698215
0.0604315400123596,15.8132519790353,0.0392076522111893
0.0157559514045715,14.1313546579234,0.0392076522111893
-0.0778874158859253,12.1958656219472,0.0392076522111893
-0.135843217372894,11.1621011406027,0.0828516557812691
-0.222854137420654,9.87990371860218,0.0828516557812691
-0.251055419445038,8.9218117054817,0.0828516557812691
-0.138422310352325,8.63679944588042,0.154656231403351
-0.110150456428528,8.35324672238023,0.154656231403351
-0.112221360206604,8.84182503097784,0.154656231403351
-0.108737170696259,8.48596888114508,0.221586346626282
-0.0713298320770264,7.72859972190573,0.221586346626282
-0.0331534147262573,7.12478108264369,0.221586346626282
-0.0619121193885803,6.9459630775062,0.192279800772667
-0.123279750347137,6.34486297035289,0.192279800772667
-0.136892914772034,6.09954767859234,0.192279800772667
-0.110166668891907,6.85773607746334,0.187371462583542
-0.11932760477066,8.45395316572328,0.187371462583542
-0.135140657424927,10.4258727041608,0.187371462583542
-0.0538274645805359,10.9367424243273,0.298834174871445
-0.0480237007141113,13.1780270316135,0.298834174871445
-0.0531360507011414,16.9144669671886,0.298834174871445
-0.151009082794189,17.9800293749462,0.397338837385178
-0.19489049911499,19.0404942350883,0.397338837385178
-0.186670362949371,20.8787632402163,0.397338837385178
-0.220190137624741,21.4986621427141,0.406612247228622
-0.168507814407349,20.1884845417274,0.406612247228622
-0.106068909168243,18.1565640281382,0.406612247228622
-0.128296613693237,17.518086982407,0.339300483465195
-0.0993576049804688,15.144796319829,0.339300483465195
-0.142369210720062,11.5777617436106,0.339300483465195
-0.12058436870575,11.1303982108792,0.298949748277664
-0.135069072246552,12.5507815267019,0.298949748277664
-0.191307783126831,13.6132286472452,0.298949748277664
-0.130073726177216,13.5753375097858,0.317551881074905
-0.140736401081085,13.0924165609294,0.317551881074905
-0.131350457668304,12.703340513311,0.317551881074905
-0.0778619647026062,12.3689698593968,0.315264642238617
0.0449182391166687,11.532814395507,0.315264642238617
0.0257880687713623,10.2230863401341,0.315264642238617
0.0629004240036011,9.4116218821624,0.372190237045288
-0.00658261775970459,13.9975774334875,0.372190237045288
-0.130178809165955,21.919864876513,0.372190237045288
-0.122011542320251,25.1158678639717,0.278999984264374
-0.0665483772754669,18.7461177359956,0.278999984264374
-0.00627195835113525,22.6136773616588,-0.309714287519455
-0.012738823890686,21.2962659935875,-0.181038022041321
-0.050525963306427,18.7996068772875,-0.181038022041321
-0.0896934270858765,16.0842982697139,-0.181038022041321
-0.110046595335007,15.3847289361441,-0.101772703230381
-0.126803278923035,13.461576351176,-0.101772703230381
-0.16240394115448,11.3810439749269,-0.101772703230381
-0.256201386451721,10.9915491960814,-0.0505370795726776
-0.182241231203079,10.3915992647629,-0.0505370795726776
-0.214173167943954,9.44534990113909,-0.0505370795726776
-0.21996545791626,8.79827319788173,-0.0619864799082279
-0.180072963237762,10.2051834088186,-0.0619864799082279
-0.0672085285186768,12.2933545558233,-0.0619864799082279
-0.00832986831665039,12.6341009962191,-0.0653814300894737
-0.0721133947372437,12.3363323698467,-0.0653814300894737
-0.0543084144592285,12.0875455009028,-0.0653814300894737
-0.0578674674034119,12.323931950719,-0.00707095256075263
-0.10731703042984,11.9677545625686,-0.00707095256075263
-0.0680369734764099,11.9264974279437,-0.00707095256075263
0.0321439504623413,13.2376186622665,0.0210037268698215
0.0497692823410034,14.2319885036215,0.0210037268698215
0.0485976338386536,13.8542509359016,0.0210037268698215
0.0432829856872559,12.6845152612186,0.0392076522111893
0.00539791584014893,10.4062595169789,0.0392076522111893
-0.0621315836906433,8.06879036711517,0.0392076522111893
-0.115915894508362,6.99055954706927,0.0828516557812691
-0.19908082485199,6.08228411829302,0.0828516557812691
-0.21671986579895,6.04894624993257,0.0828516557812691
-0.139937937259674,7.21815547983664,0.154656231403351
-0.127269685268402,8.35232749945711,0.154656231403351
-0.137747704982758,10.3219194673134,0.154656231403351
-0.103333473205566,11.0900247494392,0.221586346626282
-0.0718146562576294,11.5220165470178,0.221586346626282
0.0166319608688354,11.5722428279979,0.221586346626282
-0.0830123424530029,10.6496498237967,0.192279800772667
-0.13426885008812,8.2602966671467,0.192279800772667
-0.201625525951385,6.5767624383779,0.192279800772667
-0.104902565479279,8.16914565228701,0.187371462583542
-0.110550761222839,11.0674776272126,0.187371462583542
-0.137762188911438,13.518287651555,0.187371462583542
-0.06104576587677,14.6281390648345,0.298834174871445
-0.0720895528793335,16.6612013429391,0.298834174871445
-0.0181959867477417,19.3781318530404,0.298834174871445
-0.0834988951683044,20.0584396658253,0.397338837385178
-0.143655061721802,20.4018811962263,0.397338837385178
-0.188861310482025,20.9736792192321,0.397338837385178
-0.186482846736908,20.6444677032617,0.406612247228622
-0.224564433097839,18.9962615731601,0.406612247228622
-0.134123623371124,16.9570966012901,0.406612247228622
-0.0332943201065063,16.1989570550223,0.339300483465195
-0.0254728198051453,13.4647522194305,0.339300483465195
-0.0962299108505249,9.1106992711495,0.339300483465195
-0.14630663394928,7.68890991589694,0.298949748277664
-0.129107654094696,9.1756036043622,0.298949748277664
-0.141351044178009,11.2837980437428,0.298949748277664
-0.132355868816376,12.0161896080829,0.317551881074905
-0.126817226409912,12.0522092976922,0.317551881074905
-0.190226793289185,12.1586071408881,0.317551881074905
-0.14090883731842,12.1794029764565,0.315264642238617
0.0670160055160522,12.3669747791418,0.315264642238617
0.171251446008682,13.2624939241125,0.315264642238617
0.128517389297485,15.2726722743279,0.372190237045288
-0.000593602657318115,19.3897986380822,0.372190237045288
-0.203027665615082,23.2631930265063,0.372190237045288
-0.184653222560883,23.8208562311005,0.278999984264374
-0.151344269514084,17.1889382386267,0.278999984264374
0.0129285601433367,15.1661283940082,-0.00700884032994509
-0.00706040486693382,16.7062684541062,-0.253894954919815
-0.0399841908365488,23.4339174917691,-0.253894954919815
-0.00478672981262207,29.9213103453051,-0.253894954919815
0.136791050434113,30.9226134498419,-0.342094361782074
0.0724064111709595,27.8999864915552,-0.342094361782074
-0.000403881072998047,23.8045602005145,-0.342094361782074
0.0125160217285156,22.6628009367503,-0.282514840364456
-0.028025209903717,19.919561863154,-0.282514840364456
-0.0641210675239563,16.8855535587426,-0.282514840364456
-0.155677020549774,16.14234862832,-0.195307582616806
-0.115942001342773,13.9916075118418,-0.195307582616806
-0.147276818752289,11.6456964042219,-0.195307582616806
-0.214982509613037,11.2133683089239,-0.105808228254318
-0.211864948272705,10.973281974651,-0.105808228254318
-0.245203256607056,10.4895811352618,-0.105808228254318
-0.266335487365723,9.96108891688666,-0.113354340195656
-0.180900365114212,11.2324315157557,-0.113354340195656
-0.0448378622531891,13.1040538423467,-0.113354340195656
-0.038277804851532,13.4025217063547,-0.157023951411247
-0.116219043731689,13.4435708418706,-0.157023951411247
-0.0658946633338928,13.6021227903701,-0.157023951411247
-0.00522387027740479,13.8709460511007,-0.140931203961372
-0.135521233081818,13.6814770056865,-0.140931203961372
-0.137770473957062,13.7519678674793,-0.140931203961372
0.00725048780441284,14.890259042571,-0.0380178093910217
-0.0039212703704834,14.6489402295545,-0.0380178093910217
0.0125316977500916,12.9963367664821,-0.0380178093910217
0.0151674151420593,11.4263756808509,0.0524167492985725
-0.0447328686714172,9.32721299609107,0.0524167492985725
-0.0591501593589783,7.31854746365574,0.0524167492985725
-0.0800654888153076,6.28388144470043,0.0597438029944897
-0.192371904850006,5.88415576898815,0.0597438029944897
-0.2164546251297,6.3795061049398,0.0597438029944897
-0.215896904468536,7.6130651401036,0.141169935464859
-0.187378346920013,8.26078799030016,0.141169935464859
-0.101582229137421,10.223034037244,0.141169935464859
-0.0708462595939636,11.1315429809415,0.283333003520966
-0.124380052089691,12.4911792985812,0.283333003520966
-0.122727662324905,14.2832538924966,0.283333003520966
-0.124471664428711,14.1288373002121,0.29780638217926
-0.172985523939133,11.6357488722061,0.29780638217926
-0.21707409620285,9.27190318438317,0.29780638217926
-0.13987922668457,10.1727839441856,0.25838565826416
-0.144018232822418,12.5136083174497,0.25838565826416
-0.0914784669876099,14.4033040265844,0.25838565826416
-0.0972663760185242,15.3639839658433,0.286626011133194
-0.12365198135376,17.1714182122502,0.286626011133194
-0.0465123653411865,19.391219575096,0.286626011133194
-0.0878108739852905,19.8899535922849,0.317158937454224
-0.0973094701766968,19.6885342656294,0.317158937454224
-0.023210883140564,19.3017370133427,0.317158937454224
-0.106542944908142,18.4674851401622,0.315230280160904
-0.255896598100662,17.016139833412,0.315230280160904
-0.170129179954529,15.4790519944267,0.315230280160904
0.00301140546798706,14.8959696332808,0.243890687823296
0.0120795369148254,12.2835695096949,0.243890687823296
-0.158537566661835,8.16426382768897,0.243890687823296
-0.217882096767426,6.81319951773365,0.225910410284996
-0.212756991386414,8.61446473584576,0.225910410284996
-0.179167330265045,11.2824108636334,0.225910410284996
-0.16588568687439,12.2491709175548,0.289839863777161
-0.150677382946014,12.68932541006,0.289839863777161
-0.173391878604889,13.4706329806797,0.289839863777161
-0.134937047958374,13.8022430236166,0.335536956787109
0.0588297843933105,14.8448124721843,0.335536956787109
0.153117924928665,17.0199980447602,0.335536956787109
0.0325826406478882,19.2904607125977,0.324199795722961
-0.0859154462814331,21.2417341451162,0.324199795722961
-0.212831854820251,21.3287985281551,0.324199795722961
-0.168616622686386,19.5765140674176,0.197239845991135
-0.172012805938721,13.6115038370645,0.197239845991135
0.0168879230041057,12.2017238345378,-0.00700884032994509
-0.00127478316426277,14.0188222796884,-0.253894954919815
-0.0252769230864942,21.5821855556825,-0.253894954919815
0.0275777131319046,29.0198902228935,-0.253894954919815
0.107953816652298,30.7848137342101,-0.342094361782074
0.102177977561951,29.7814203679464,-0.342094361782074
0.0389851331710815,27.8781521674877,-0.342094361782074
0.0248034000396729,27.3180001455311,-0.282514840364456
-0.00639766454696655,25.1906349577799,-0.282514840364456
-0.0629515051841736,22.2856023560908,-0.282514840364456
-0.122502982616425,20.6395465348643,-0.195307582616806
-0.13352358341217,17.6070499296016,-0.195307582616806
-0.101626247167587,14.4149803969483,-0.195307582616806
-0.112670838832855,13.1315864041363,-0.105808228254318
-0.166260421276093,12.3762519254937,-0.105808228254318
-0.158340752124786,11.9393160322044,-0.105808228254318
-0.163321971893311,11.7032926445038,-0.113354340195656
-0.167819947004318,12.9171661444576,-0.113354340195656
-0.0968841910362244,14.5359845431212,-0.113354340195656
-0.0917148590087891,14.7359226358457,-0.157023951411247
-0.0682252049446106,15.0241369237747,-0.157023951411247
-0.0605753660202026,15.3447989556803,-0.157023951411247
-0.0922911167144775,15.2453064312387,-0.140931203961372
-0.139880657196045,14.7466440802667,-0.140931203961372
-0.0776044726371765,14.4058782529822,-0.140931203961372
-0.0851632356643677,14.89054379895,-0.0380178093910217
-0.111320614814758,12.5828133613286,-0.0380178093910217
-0.00305670499801636,9.08671420206016,-0.0380178093910217
-0.0392225384712219,7.39332877718212,0.0524167492985725
-0.0980581641197205,5.73592327796783,0.0524167492985725
-0.0946802496910095,4.20783625393922,0.0524167492985725
-0.0877982378005981,3.61594918949623,0.0597438029944897
-0.184065520763397,3.97970099297423,0.0597438029944897
-0.200147211551666,4.89681089553857,0.0597438029944897
-0.23165100812912,5.52076828547272,0.141169935464859
-0.193784236907959,4.16737313619118,0.141169935464859
-0.0829886198043823,6.46013244197839,0.141169935464859
-0.0959840416908264,7.60409756285725,0.283333003520966
-0.218892931938171,10.674262463439,0.283333003520966
-0.214589327573776,15.1543118987969,0.283333003520966
-0.152668297290802,16.2901872251841,0.29780638217926
-0.169442623853683,14.1350545273656,0.29780638217926
-0.240776777267456,11.1891070984218,0.29780638217926
-0.228972554206848,10.6956692925016,0.25838565826416
-0.189796447753906,11.6552608992847,0.25838565826416
-0.113186061382294,12.8644485358392,0.25838565826416
-0.113114297389984,14.0147263256044,0.286626011133194
-0.158385932445526,16.1797839480151,0.286626011133194
-0.166866958141327,18.4518916239333,0.286626011133194
-0.177021563053131,19.1373948137039,0.317158937454224
-0.12318617105484,18.8910290978573,0.317158937454224
-0.0890978574752808,18.2796272595695,0.317158937454224
-0.181919574737549,17.5706695271553,0.315230280160904
-0.198743790388107,16.5976160712217,0.315230280160904
-0.178414344787598,15.5625738387949,0.315230280160904
-0.0736386179924011,15.0366113843387,0.243890687823296
-0.112188160419464,12.5239746669975,0.243890687823296
-0.263501137495041,8.71627770859304,0.243890687823296
-0.309759229421616,7.15993716897076,0.225910410284996
-0.259671628475189,8.59162188365221,0.225910410284996
-0.169853389263153,11.393690081008,0.225910410284996
-0.149522542953491,12.5001325346288,0.289839863777161
-0.134699940681458,13.3335247634301,0.289839863777161
-0.105687618255615,14.7809018037747,0.289839863777161
-0.115773677825928,15.4616813876201,0.335536956787109
0.0114381313323975,17.2344438383107,0.335536956787109
0.0295997858047485,20.3047933241032,0.335536956787109
-0.109364449977875,22.2890086446427,0.324199795722961
-0.147913157939911,21.4988814556467,0.324199795722961
-0.117060542106628,18.0780828259578,0.324199795722961
-0.0774686634540558,14.7400829342729,0.197239845991135
-0.0830686688423157,9.91429230788477,0.197239845991135
0.0480545107275248,9.01258379961465,-0.00700884032994509
0.0476390793919563,11.4034032174146,-0.253894954919815
0.00713987182825804,19.2429099734331,-0.253894954919815
-0.0134420841932297,27.3119221975351,-0.253894954919815
0.00433862209320068,30.322613184272,-0.342094361782074
0.0806283950805664,31.8210594863549,-0.342094361782074
0.0399365425109863,32.2058971966878,-0.342094361782074
0.03704833984375,32.443206475879,-0.282514840364456
-0.00991833209991455,31.5686605655725,-0.282514840364456
-0.0191324353218079,29.3190836494392,-0.282514840364456
-0.0614333748817444,26.8362562339977,-0.195307582616806
-0.198704689741135,22.7795088864558,-0.195307582616806
-0.210690289735794,18.5018777889824,-0.195307582616806
-0.10444700717926,16.2272893065699,-0.105808228254318
-0.131557136774063,14.2049478336253,-0.105808228254318
-0.0831349790096283,12.9892044749815,-0.105808228254318
-0.0606718063354492,13.1147376479136,-0.113354340195656
-0.104323536157608,14.6894869842466,-0.113354340195656
-0.114425301551819,16.4496652115669,-0.113354340195656
-0.112691551446915,16.7991143037005,-0.157023951411247
-0.0876011848449707,17.5942358252458,-0.157023951411247
-0.0809575319290161,18.2982340241943,-0.157023951411247
-0.140619695186615,17.9102006471671,-0.140931203961372
-0.177186012268066,17.1058427570056,-0.140931203961372
-0.10602343082428,16.3898139851037,-0.140931203961372
-0.127713084220886,16.2136388780007,-0.0380178093910217
-0.124306797981262,11.6374415559745,-0.0380178093910217
-0.0824645161628723,5.48992567202307,-0.0380178093910217
-0.0997770428657532,3.75769769954925,0.0524167492985725
-0.102543234825134,3.19922804265959,0.0524167492985725
-0.0577394366264343,2.66570259387757,0.0524167492985725
-0.0614283680915833,2.53488547613519,0.0597438029944897
-0.132111191749573,3.38442050966983,0.0597438029944897
-0.10636842250824,4.54969657731749,0.0597438029944897
-0.131324708461761,4.84402846634929,0.141169935464859
-0.160637617111206,1.07927102543902,0.141169935464859
-0.123104810714722,4.63114072211968,0.141169935464859
-0.153758227825165,6.0765903634863,0.283333003520966
-0.222801923751831,9.67419981605164,0.283333003520966
-0.190450370311737,14.6019058941868,0.283333003520966
-0.139551877975464,16.0573226894857,0.29780638217926
-0.207432866096497,14.8757099291128,0.29780638217926
-0.302895665168762,12.9307280894413,0.29780638217926
-0.326633721590042,12.1689159921159,0.25838565826416
-0.182536661624908,12.4281219959167,0.25838565826416
-0.178054958581924,13.1569888100532,0.25838565826416
-0.153943419456482,14.0845696642022,0.286626011133194
-0.144074201583862,16.0155511806937,0.286626011133194
-0.0902863740921021,17.9960434371916,0.286626011133194
-0.127246737480164,18.8033795221448,0.317158937454224
-0.163904964923859,18.7458607780531,0.317158937454224
-0.147825658321381,18.4155153929992,0.317158937454224
-0.183038651943207,18.3441066609185,0.315230280160904
-0.131095826625824,18.1734439473872,0.315230280160904
-0.183891177177429,17.8652653102181,0.315230280160904
-0.166881442070007,17.8022734986454,0.243890687823296
-0.197125375270844,16.1142144376268,0.243890687823296
-0.171973049640656,13.7186296553816,0.243890687823296
-0.178797543048859,12.8696600641883,0.225910410284996
-0.136316001415253,13.5314240885455,0.225910410284996
-0.132470548152924,15.0958109243059,0.225910410284996
-0.170158684253693,15.5738306350743,0.289839863777161
-0.127631843090057,15.9333415531519,0.289839863777161
-0.0639992952346802,16.8580686049092,0.289839863777161
-0.00892049074172974,17.0735783445922,0.335536956787109
-0.00877612829208374,18.8455694861973,0.335536956787109
-0.138610363006592,22.294190468025,0.335536956787109
-0.187125027179718,24.0152725763579,0.324199795722961
-0.203529059886932,21.0553165748147,0.324199795722961
-0.157037198543549,14.7602057466709,0.324199795722961
-0.132505923509598,10.4050942944121,0.197239845991135
-0.0662433505058289,6.72199152285919,0.197239845991135
0.0338983051478863,5.82151740070932,0.0715779140591621
0.0682605877518654,8.92253798765052,-0.0780570283532143
0.0077764168381691,16.1804118069177,-0.0780570283532143
0.00280751287937164,24.077004443108,-0.0780570283532143
0.0383032262325287,27.6732250424118,-0.244106218218803
0.114913642406464,30.6950858775135,-0.244106218218803
0.0705344080924988,32.3489511799877,-0.244106218218803
0.0423438549041748,32.7956059204852,-0.336008369922638
-0.00156360864639282,32.8448651395569,-0.336008369922638
-0.00976669788360596,31.736463021888,-0.336008369922638
-0.0385781526565552,29.593723555171,-0.317694365978241
-0.158018112182617,25.3595507651756,-0.317694365978241
-0.222968339920044,20.7332112924679,-0.317694365978241
-0.141621470451355,18.5175275204789,-0.179935172200203
-0.136310905218124,15.4199695703401,-0.179935172200203
-0.0899750590324402,12.8640650280174,-0.179935172200203
-0.0963326096534729,12.8617026564547,-0.131173655390739
-0.0531467795372009,14.6266184448519,-0.131173655390739
-0.0127740502357483,16.5922065361286,-0.131173655390739
-0.047322690486908,17.0047198154434,-0.210749268531799
-0.134162068367004,18.4376936457057,-0.210749268531799
-0.13130122423172,19.9602883986872,-0.210749268531799
-0.103403627872467,19.7553410779514,-0.247763931751251
-0.13544225692749,19.0860272031409,-0.247763931751251
-0.110437989234924,18.5227815234725,-0.247763931751251
-0.12969696521759,18.331768898457,-0.0964875444769859
-0.171287596225739,12.402539802125,-0.0964875444769859
-0.151881635189056,4.40568391488553,-0.0964875444769859
-0.159636676311493,2.32843798691679,0.0518201366066933
-0.15483957529068,2.50685251341305,0.0518201366066933
-0.134683072566986,2.74742811317222,0.0518201366066933
-0.162376403808594,2.75839854310986,0.0358757190406322
-0.155191004276276,3.52741337382241,0.0358757190406322
-0.0956825017929077,4.63189025937702,0.0358757190406322
-0.108410894870758,4.93023265379947,0.100280798971653
-0.101459085941315,1.53162966410405,0.100280798971653
-0.181840419769287,4.86998911773785,0.100280798971653
-0.206620216369629,6.30009880442527,0.243825003504753
-0.23640900850296,9.18752355400966,0.243825003504753
-0.293438643217087,13.1881958549255,0.243825003504753
-0.254614591598511,14.4165895874189,0.317331820726395
-0.161076366901398,14.3082127617297,0.317331820726395
-0.215485692024231,13.8513451140684,0.317331820726395
-0.2568598985672,13.5292276636399,0.352811634540558
-0.148986220359802,14.2705811857586,0.352811634540558
-0.207854956388474,15.6404661647219,0.352811634540558
-0.263030111789703,16.5917006555662,0.368959158658981
-0.145587354898453,17.7070446458942,0.368959158658981
-0.0621063709259033,18.743582697181,0.368959158658981
-0.131024777889252,19.283716600992,0.329956501722336
-0.152014255523682,19.1534274565572,0.329956501722336
-0.159285724163055,18.7382979842253,0.329956501722336
-0.182514548301697,18.7343110224924,0.280213385820389
-0.180716931819916,18.6758262298996,0.280213385820389
-0.193192422389984,18.4560719504976,0.280213385820389
-0.223687052726746,18.4755094919907,0.197606891393661
-0.21885734796524,16.856451712142,0.197606891393661
-0.139373421669006,14.5740870386561,0.197606891393661
-0.140703558921814,13.8129272460161,0.186905220150948
-0.142289280891418,14.347333731328,0.186905220150948
-0.222668528556824,15.5927522963806,0.186905220150948
-0.191376805305481,15.8861351990848,0.251785039901733
-0.126677870750427,16.082959622568,0.251785039901733
-0.14030534029007,16.7788849224155,0.251785039901733
-0.0979179739952087,16.8238359961379,0.327854633331299
-0.123018324375153,18.9195278279425,0.327854633331299
-0.164739668369293,23.060114832622,0.327854633331299
-0.173024475574493,24.9908116037632,0.272417336702347
-0.157156050205231,20.7806723955653,0.272417336702347
-0.144130706787109,12.5400844549295,0.272417336702347
-0.0808070003986359,7.33959907636435,0.122460447251797
-0.0501287132501602,4.13302816861023,0.122460447251797
0.0422635283321142,2.62854527965449,0.0715779140591621
0.0327475541271269,4.73797958325627,-0.0780570283532143
0.0640431493520737,10.3860585248365,-0.0780570283532143
0.0401076823472977,17.6296271581792,-0.0780570283532143
0.0758174955844879,21.1728131926429,-0.244106218218803
0.109728962182999,25.4183158195009,-0.244106218218803
0.0880541503429413,28.5896451565601,-0.244106218218803
0.0426871180534363,29.6677765003203,-0.336008369922638
0.0213860869407654,31.3075787526157,-0.336008369922638
0.0237131118774414,32.2042428605352,-0.336008369922638
-0.0136532187461853,31.1792706756038,-0.317694365978241
-0.000399947166442871,27.5391535886491,-0.317694365978241
-0.0698503851890564,23.1723469595764,-0.317694365978241
-0.0883884429931641,21.1905323722754,-0.179935172200203
-0.0510469079017639,17.1167254254258,-0.179935172200203
-0.0600706338882446,13.0958503533199,-0.179935172200203
-0.0756019949913025,12.4495995768315,-0.131173655390739
-0.0640568733215332,13.9197132163361,-0.131173655390739
0.0120065808296204,15.9078115202523,-0.131173655390739
-0.0283362567424774,16.4134114774078,-0.210749268531799
-0.113104730844498,18.6251710545058,-0.210749268531799
-0.0801545977592468,21.143454756279,-0.210749268531799
-0.0319083333015442,21.3008131597523,-0.247763931751251
-0.0672107934951782,20.8652133272812,-0.247763931751251
-0.0574507713317871,20.4673932548302,-0.247763931751251
-0.0560685992240906,20.2175381003366,-0.0964875444769859
-0.111844003200531,13.2078321019262,-0.0964875444769859
-0.165329039096832,3.89666930385878,-0.0964875444769859
-0.250090718269348,2.40520406460955,0.0518201366066933
-0.232448816299438,2.98785807055501,0.0518201366066933
-0.276190757751465,3.47920210092806,0.0518201366066933
-0.294241636991501,3.55646543982025,0.0358757190406322
-0.198181927204132,4.13144604699238,0.0358757190406322
-0.153325438499451,5.08516106202567,0.0358757190406322
-0.196571588516235,5.55133415823178,0.100280798971653
-0.21628612279892,3.69923284309035,0.100280798971653
-0.205112457275391,5.91125213704219,0.100280798971653
-0.179287374019623,6.95364633984774,0.243825003504753
-0.26501876115799,8.94183680578396,0.243825003504753
-0.337070226669312,11.8979199864667,0.243825003504753
-0.197643339633942,12.6774306574781,0.317331820726395
-0.0356966257095337,13.2482151786862,0.317331820726395
-0.0745973587036133,14.0550562021485,0.317331820726395
-0.196747720241547,14.2669274835186,0.352811634540558
-0.203472018241882,15.7020232713806,0.352811634540558
-0.270966440439224,17.8440907375189,0.352811634540558
-0.27446648478508,18.7624336484899,0.368959158658981
-0.18483766913414,18.9961264276235,0.368959158658981
-0.105567812919617,19.1664137360313,0.368959158658981
-0.186007618904114,19.5683540226908,0.329956501722336
-0.205651164054871,19.4337357454161,0.329956501722336
-0.302833259105682,18.9280364069143,0.329956501722336
-0.258421301841736,18.9585195128995,0.280213385820389
-0.201478779315948,18.8511560551305,0.280213385820389
-0.201392352581024,18.4001660667299,0.280213385820389
-0.214416205883026,18.167224073578,0.197606891393661
-0.195105910301208,16.2497500918295,0.197606891393661
-0.152787506580353,13.7207617154927,0.197606891393661
-0.109470427036285,12.9715294121156,0.186905220150948
-0.100396573543549,13.7309622054282,0.186905220150948
-0.153981566429138,15.4118916787395,0.186905220150948
-0.155881464481354,16.2647967423579,0.251785039901733
-0.0977205038070679,16.8517089207808,0.251785039901733
-0.0970675945281982,17.5740697430636,0.251785039901733
-0.10926228761673,17.6145701340876,0.327854633331299
-0.125961661338806,19.5261734656279,0.327854633331299
-0.165957152843475,23.2676002357086,0.327854633331299
-0.174933612346649,24.6339045548798,0.272417336702347
-0.0965591669082642,18.9064695194348,0.272417336702347
-0.0939710736274719,8.6632921062922,0.272417336702347
-0.0352519750595093,3.83199558370201,0.122460447251797
-0.0235067128669471,1.83973672616944,0.122460447251797
0.0507945949211717,10.6047930179367,-0.0780570283532143
0.00612226128578186,13.518330037555,-0.244106218218803
0.0648085847496986,18.7808194832825,-0.244106218218803
0.0519952476024628,23.5293317864737,-0.244106218218803
0.0664640963077545,25.322089555527,-0.336008369922638
0.0168032646179199,28.8332851037846,-0.336008369922638
0.0254091024398804,31.8520799862495,-0.336008369922638
-0.0194685459136963,31.8525115341538,-0.317694365978241
-0.0256734490394592,29.1348935690166,-0.317694365978241
-0.0363335013389587,25.5045809707305,-0.317694365978241
-0.0391504764556885,23.7984623667922,-0.179935172200203
-0.0431828498840332,19.080716894974,-0.179935172200203
-0.0180742144584656,13.9147241834629,-0.179935172200203
-0.048725962638855,12.5736518347136,-0.131173655390739
-0.0646384954452515,13.4219072008051,-0.131173655390739
-0.0941255688667297,15.0332623107632,-0.131173655390739
-0.0399703681468964,15.5665353341943,-0.210749268531799
-0.0735087990760803,18.4614535430237,-0.210749268531799
-0.0546186566352844,21.8129068665855,-0.210749268531799
-0.0736602544784546,22.3040813732945,-0.247763931751251
-0.0619590282440186,22.0681104964879,-0.247763931751251
-0.0545809864997864,21.8379836558124,-0.247763931751251
-0.00349658727645874,21.6929680929749,-0.0964875444769859
-0.0639055371284485,14.757972094249,-0.0964875444769859
-0.179251134395599,6.40271043425934,-0.0964875444769859
-0.268021583557129,4.92927366916606,0.0518201366066933
-0.257935762405396,4.6778015974185,0.0518201366066933
-0.31498309969902,4.76538062167857,0.0518201366066933
-0.288383603096008,4.80045329347571,0.0358757190406322
-0.232652634382248,5.18491535570286,0.0358757190406322
-0.204843580722809,6.03162123338694,0.0358757190406322
-0.274142861366272,6.91126671719088,0.100280798971653
-0.28353625535965,6.56611329374659,0.100280798971653
-0.167106330394745,7.7973222798799,0.100280798971653
-0.145508110523224,8.08646313769058,0.243825003504753
-0.305975466966629,9.21488629520723,0.243825003504753
-0.341012120246887,11.4003206800471,0.243825003504753
-0.142070412635803,11.86429854018,0.317331820726395
-0.0077589750289917,12.6644812106845,0.317331820726395
-0.0297712683677673,13.9967800479692,0.317331820726395
-0.104825079441071,14.3753147046265,0.352811634540558
-0.200402408838272,16.3417722646528,0.352811634540558
-0.274231851100922,19.1721899555651,0.352811634540558
-0.219359666109085,20.1215780258466,0.368959158658981
-0.172491133213043,20.0180239074639,0.368959158658981
-0.132750034332275,19.9266586863882,0.368959158658981
-0.195258498191833,20.3170825472323,0.329956501722336
-0.151505470275879,20.0396658589876,0.329956501722336
-0.245071351528168,19.2923378723913,0.329956501722336
-0.29517138004303,19.322121115357,0.280213385820389
-0.230579197406769,19.0196049536396,0.280213385820389
-0.223057687282562,18.0871910173775,0.280213385820389
-0.189138412475586,17.4699511451964,0.197606891393661
-0.160148143768311,15.3242549652378,0.197606891393661
-0.124764204025269,12.6543432134108,0.197606891393661
-0.119113981723785,11.9506877600047,0.186905220150948
-0.122872710227966,13.1645228489251,0.186905220150948
-0.0892634987831116,15.7363976723744,0.186905220150948
-0.153719663619995,17.4458762747692,0.251785039901733
-0.11955338716507,18.503466007176,0.251785039901733
-0.0672321915626526,19.2327392416441,0.251785039901733
-0.0920785069465637,19.3094290571409,0.327854633331299
-0.0726706981658936,20.3125195907556,0.327854633331299
-0.141931533813477,22.0424781670643,0.327854633331299
-0.122536182403564,22.0004474095877,0.272417336702347
-0.0852775573730469,15.7134635356673,0.272417336702347
0.0947176665067673,6.54550282444424,0.0685314014554024
0.0148386172950268,9.85951109695601,-0.0577419474720955
0.0206092521548271,15.6755631897895,-0.0577419474720955
0.0671413578093052,21.1565530385028,-0.0577419474720955
-0.00669881701469421,23.2359957738887,-0.295104473829269
-0.00298509001731873,27.8137720918994,-0.295104473829269
0.0246495604515076,32.0517814391345,-0.295104473829269
-0.0315096974372864,32.3357300678777,-0.378203749656677
-0.0510534048080444,30.2337367304344,-0.378203749656677
-0.00761014223098755,27.3322629236994,-0.378203749656677
-0.00713896751403809,25.8710756678986,-0.241200402379036
-0.0270740985870361,20.7146228854616,-0.241200402379036
-0.0130786299705505,14.8192698338592,-0.241200402379036
-0.0705623030662537,13.2977404376421,-0.14595091342926
-0.0960066914558411,13.6098226363206,-0.14595091342926
-0.160310029983521,14.5615900232072,-0.14595091342926
-0.0719612836837769,14.998286382587,-0.221107289195061
-0.0739521384239197,18.3040777160015,-0.221107289195061
-0.0436335802078247,22.1628154381026,-0.221107289195061
-0.0163918733596802,22.7827173741155,-0.286181569099426
-0.0212948322296143,22.5449867982049,-0.286181569099426
-0.0406801700592041,22.3018696740246,-0.286181569099426
-0.0135279297828674,22.1896769936822,-0.135475665330887
-0.0899108648300171,15.4632354931194,-0.135475665330887
-0.146400153636932,7.3276475404487,-0.135475665330887
-0.178711295127869,5.64469260447985,0.0408832430839539
-0.187352120876312,5.18771996108432,0.0408832430839539
-0.191644012928009,5.07855739183996,0.0408832430839539
-0.245233982801437,5.07144786717629,0.0494351573288441
-0.306602001190186,5.25647396124582,0.0494351573288441
-0.219000935554504,5.8918401419726,0.0494351573288441
-0.156923174858093,6.87185282216748,0.0942945405840874
-0.132550060749054,7.15051523422368,0.0942945405840874
-0.137184202671051,8.02959947250891,0.0942945405840874
-0.108614981174469,7.98039847118586,0.199651330709457
-0.19151782989502,8.81353400273521,0.199651330709457
-0.196020603179932,10.7535915732186,0.199651330709457
-0.12236076593399,11.140599376621,0.285401195287704
-0.0556358695030212,12.040927888252,0.285401195287704
-0.0656868815422058,13.5415744109995,0.285401195287704
-0.0965141952037811,13.9468454962995,0.373464554548264
-0.201448768377304,16.410025903346,0.373464554548264
-0.283569574356079,19.9345957754372,0.373464554548264
-0.189294219017029,21.0593990368188,0.42452746629715
-0.0420494675636292,21.168076280186,0.42452746629715
-0.0465653538703918,21.4023585396573,0.42452746629715
-0.0432361960411072,21.8622139966745,0.383944422006607
-0.0269563794136047,21.2445521872161,0.383944422006607
-0.169884204864502,20.0322846285224,0.383944422006607
-0.21627801656723,19.9180637839164,0.297106802463531
-0.230856001377106,19.2563198564068,0.297106802463531
-0.257530391216278,17.7683587287506,0.297106802463531
-0.247727692127228,16.9063133363754,0.204819321632385
-0.147294521331787,14.8724359772097,0.204819321632385
-0.0553929209709167,12.3998140433449,0.204819321632385
-0.0682239532470703,11.7615737667779,0.211852744221687
-0.106612086296082,13.307198361616,0.211852744221687
-0.101963996887207,16.5409610855134,0.211852744221687
-0.110174417495728,18.5772454298352,0.251206338405609
-0.151497066020966,19.4224451776225,0.251206338405609
-0.0572013854980469,19.7205059887629,0.251206338405609
-0.0599294304847717,19.6465228564891,0.25258857011795
-0.0466945171356201,19.7246288084405,0.25258857011795
-0.0852584838867188,19.3877610196296,0.25258857011795
-0.0825665593147278,17.9821637830232,0.186277776956558
-0.165426820516586,12.3501058544838,0.186277776956558
0.100595199503005,3.10187813793073,0.0685314014554024
0.0597424171864986,5.51557084518169,-0.0577419474720955
0.000126153230667114,10.563068010123,-0.0577419474720955
0.0144145488739014,16.5262828346154,-0.0577419474720955
-0.0423540994524956,19.0359531485211,-0.295104473829269
0.0338000953197479,25.2667979832158,-0.295104473829269
-0.0186411440372467,31.1518161885455,-0.295104473829269
-0.0240922570228577,31.640693508992,-0.378203749656677
-0.0332210659980774,29.9054794300168,-0.378203749656677
-0.0238966345787048,27.7897129182604,-0.378203749656677
-0.0133891105651855,27.0750721319209,-0.241200402379036
-0.0141938924789429,22.2211268006748,-0.241200402379036
-0.127923429012299,16.3106236590307,-0.241200402379036
-0.140327513217926,14.7120800419413,-0.14595091342926
-0.129239708185196,14.3897563425128,-0.14595091342926
-0.172411561012268,14.5071485194306,-0.14595091342926
-0.0740031599998474,14.6041962514043,-0.221107289195061
-0.08718141913414,18.0430836951328,-0.221107289195061
-0.0514802932739258,22.2524503578044,-0.221107289195061
0.0101419687271118,22.9767349016198,-0.286181569099426
0.00592315196990967,22.7435015558316,-0.286181569099426
0.00457507371902466,22.4771059916898,-0.286181569099426
0.00612914562225342,22.3635484827664,-0.135475665330887
-0.0290184020996094,15.7626665510688,-0.135475665330887
-0.0675204992294312,7.45369284620209,-0.135475665330887
-0.0450406074523926,5.45473786400286,0.0408832430839539
-0.0729485750198364,4.8050527545735,0.0408832430839539
-0.181131780147552,4.60337683840641,0.0408832430839539
-0.265078455209732,4.83384071769857,0.0494351573288441
-0.201250791549683,5.09757375539858,0.0494351573288441
-0.0728270411491394,5.50905901943447,0.0494351573288441
-0.0977259278297424,6.14618712513551,0.0942945405840874
-0.132197678089142,6.39096800111583,0.0942945405840874
-0.15172952413559,7.03087868556171,0.0942945405840874
-0.0468442440032959,6.923447052244,0.199651330709457
-0.0307959914207458,7.88251026002668,0.199651330709457
-0.00926172733306885,10.0023055738955,0.199651330709457
-0.0484712719917297,10.5256927379356,0.285401195287704
-0.139817535877228,11.622231465605,0.285401195287704
-0.208487898111343,13.3226258887064,0.285401195287704
-0.168681591749191,13.8073453414651,0.373464554548264
-0.152817606925964,16.6377625297507,0.373464554548264
-0.178129643201828,20.6556519580257,0.373464554548264
-0.102460443973541,21.9210188861839,0.42452746629715
-0.00235217809677124,22.276567166933,0.42452746629715
0.0209356546401978,22.8249659357019,0.42452746629715
0.00832176208496094,23.2402322481265,0.383944422006607
-0.0184325575828552,22.1801008431376,0.383944422006607
-0.179453670978546,20.4480791010007,0.383944422006607
-0.215314149856567,20.1582525988483,0.297106802463531
-0.253957390785217,19.0639576524607,0.297106802463531
-0.236370980739594,16.9632860330281,0.297106802463531
-0.243459761142731,15.9091743951226,0.204819321632385
-0.134501457214355,14.1561244385331,0.204819321632385
-0.0827622413635254,12.204882857035,0.204819321632385
-0.104277908802032,12.0779928378931,0.211852744221687
-0.0899452567100525,14.087021668386,0.211852744221687
-0.130741596221924,17.468475650729,0.211852744221687
-0.110812187194824,19.1512436602282,0.251206338405609
-0.147527515888214,19.1701401660085,0.251206338405609
0.0261847376823425,18.6842250389581,0.251206338405609
0.00636184215545654,18.3306315798596,0.25258857011795
-0.021721363067627,17.6391282717649,0.25258857011795
-0.0750694870948792,15.8387794751532,0.25258857011795
-0.0994752049446106,13.610193729622,0.186277776956558
-0.20626825094223,9.05320529582415,0.186277776956558
-0.087753938511014,10.5763741207589,-0.0577419474720955
-0.0838731974363327,13.3080988983636,-0.295104473829269
-0.0406052097678185,21.9411174297024,-0.295104473829269
-0.0604698956012726,30.1653012760497,-0.295104473829269
-0.0216518044471741,30.950081714702,-0.378203749656677
-0.00820320844650269,29.048304067388,-0.378203749656677
-0.0214070677757263,27.0228896363327,-0.378203749656677
-0.0239397883415222,26.9559355707102,-0.241200402379036
-0.0362372994422913,23.0839696484438,-0.241200402379036
-0.194778442382812,17.9950486967987,-0.241200402379036
-0.177282333374023,16.4217264764202,-0.14595091342926
-0.135226011276245,15.5496957947028,-0.14595091342926
-0.0951166152954102,14.9233220354555,-0.14595091342926
-0.0676664113998413,14.6218125805247,-0.221107289195061
-0.0706965327262878,17.9426528445638,-0.221107289195061
-0.0308402180671692,22.2235991349846,-0.221107289195061
-0.0121632218360901,23.0048439685854,-0.286181569099426
0.0093722939491272,22.8336084343347,-0.286181569099426
0.014729917049408,22.6127481688989,-0.286181569099426
-0.0411375761032104,22.512883817128,-0.135475665330887
-0.049315869808197,16.1061749686363,-0.135475665330887
-0.0356337428092957,7.71624107182045,-0.135475665330887
-0.0693700909614563,5.44008847935481,0.0408832430839539
-0.215877652168274,4.32713776433682,0.0408832430839539
-0.306602984666824,3.77065372833967,0.0408832430839539
-0.297968029975891,4.34092992579586,0.0494351573288441
-0.242419689893723,4.97102347222407,0.0494351573288441
-0.130042195320129,5.29233988801191,0.0494351573288441
-0.126620531082153,5.44216539483959,0.0942945405840874
-0.204606592655182,5.32624687553163,0.0942945405840874
-0.123178005218506,5.76726837621657,0.0942945405840874
-0.0711219310760498,5.71214171369076,0.199651330709457
-0.151052951812744,7.02195850562217,0.199651330709457
0.010388195514679,9.58831060485978,0.199651330709457
0.061335563659668,10.36818564218,0.285401195287704
-0.0406680107116699,11.7554542824125,0.285401195287704
-0.136953711509705,13.7501399923712,0.285401195287704
-0.0991358160972595,14.4333489942401,0.373464554548264
-0.090044379234314,17.3474270483273,0.373464554548264
-0.0590130686759949,21.3529077441455,0.373464554548264
-0.0748164653778076,22.5672375787636,0.42452746629715
-0.112619936466217,23.0119617832222,0.42452746629715
-0.0475038290023804,23.6805136458357,0.42452746629715
-0.11961704492569,23.981682442982,0.383944422006607
-0.159415662288666,22.6890828097791,0.383944422006607
-0.138233840465546,20.7466838859993,0.383944422006607
-0.16621071100235,20.371566162536,0.297106802463531
-0.202610075473785,18.7834654775734,0.297106802463531
-0.199395358562469,15.9811175526024,0.297106802463531
-0.217869281768799,14.7177303719971,0.204819321632385
-0.1446653008461,13.4155028848881,0.204819321632385
-0.0996161103248596,12.2359347701274,0.204819321632385
-0.173625588417053,12.795446230095,0.211852744221687
-0.126027643680573,15.123727655377,0.211852744221687
-0.141552031040192,18.0016762928799,0.211852744221687
-0.1028853058815,18.9503839380212,0.251206338405609
-0.119122684001923,18.1937735544,0.251206338405609
-0.0182061195373535,17.0910995993148,0.251206338405609
-0.0275833010673523,16.5223918524967,0.25258857011795
-0.0828027725219727,15.1312433591248,0.25258857011795
-0.118082225322723,12.2616826506742,0.25258857011795
-0.112521141767502,9.62196091116914,0.186277776956558
-0.085962787270546,6.17677522367131,0.186277776956558
-0.092073529958725,6.56705132236036,0.0694581121206284
-0.0780211202800274,9.74399101204757,-0.208503574132919
-0.00195185840129852,20.0184216839706,-0.208503574132919
-0.00838863849639893,30.3646484469243,-0.208503574132919
-0.0266857147216797,31.4079145571558,-0.365581184625626
0.0121244788169861,28.8775395401437,-0.365581184625626
0.0290006995201111,26.1227385095436,-0.365581184625626
0.00604140758514404,26.1095612147755,-0.248790204524994
-0.00592470169067383,23.1868438437133,-0.248790204524994
-0.0306125283241272,19.1153354785456,-0.248790204524994
-0.0408561825752258,17.7151744081492,-0.16372637450695
-0.0999919176101685,16.5418180404868,-0.16372637450695
-0.0252096056938171,15.49113381346,-0.16372637450695
0.0501595735549927,15.0530991619674,-0.222103238105774
0.0351756811141968,18.205104526753,-0.222103238105774
0.0337576866149902,22.3053068551469,-0.222103238105774
0.00549262762069702,23.0599225674848,-0.289208322763443
0.0222140550613403,22.9560479581474,-0.289208322763443
0.0197959542274475,22.8129552784644,-0.289208322763443
-0.093859851360321,22.7308718390654,-0.161875650286674
-0.0693038702011108,16.6215066126321,-0.161875650286674
-0.0472566485404968,8.47899770788656,-0.161875650286674
-0.127816796302795,6.21053227427952,0.0342656746506691
-0.247673809528351,4.42803714999577,0.0342656746506691
-0.315926939249039,3.26372819507577,0.0342656746506691
-0.23290491104126,3.98431527289372,0.0745187774300575
-0.221560597419739,4.83440841936264,0.0745187774300575
-0.158990323543549,5.23095524392236,0.0745187774300575
-0.217729985713959,5.26677987570084,0.103565074503422
-0.252087295055389,5.0190354762566,0.103565074503422
-0.193915724754333,5.28134269481537,0.103565074503422
-0.209829688072205,5.18789548984158,0.19269971549511
-0.210020124912262,6.68049132668521,0.19269971549511
0.00136101245880127,9.58970228194515,0.19269971549511
0.0735260248184204,10.5038757925079,0.276110619306564
0.0516955256462097,12.0761224516551,0.276110619306564
-0.0209523439407349,14.2963300217512,0.276110619306564
-0.0838574767112732,15.0851579737363,0.376810073852539
-0.148193299770355,17.8620773673541,0.376810073852539
-0.031504213809967,21.6146132805217,0.376810073852539
-0.0542083382606506,22.7296303123825,0.452879726886749
-0.181736648082733,23.243195893352,0.452879726886749
-0.211844503879547,24.0171826036572,0.452879726886749
-0.198334604501724,24.3114738588057,0.432620078325272
-0.156903386116028,23.1260627295314,0.432620078325272
-0.151445508003235,21.3818267726618,0.432620078325272
-0.132248163223267,21.0562759443629,0.337421506643295
-0.202045679092407,18.9919872595984,0.337421506643295
-0.190000534057617,15.5082873786769,0.337421506643295
-0.155535101890564,14.0292782359445,0.251162260770798
-0.111959517002106,13.2742059854383,0.251162260770798
-0.0848014950752258,12.8793789133746,0.251162260770798
-0.112249910831451,13.7280377338616,0.253059446811676
-0.138281106948853,15.8422561656593,0.253059446811676
-0.130968689918518,17.9872691036046,0.253059446811676
-0.0807548761367798,18.4533080113505,0.265378355979919
-0.140169084072113,17.5446302350712,0.265378355979919
-0.154957592487335,16.3876669428158,0.265378355979919
-0.140785813331604,15.8034952464072,0.20129831135273
-0.194770067930222,13.7735624711514,0.20129831135273
-0.167833209037781,9.95178958458274,0.20129831135273
-0.0521734803915024,6.69148175430318,0.127092957496643
0.0248105749487877,3.84029501276649,0.127092957496643
-0.0218126028776169,3.24672652935664,0.0694581121206284
-0.0118013769388199,5.70733122671123,-0.208503574132919
0.004822738468647,17.0720311823373,-0.208503574132919
-0.00946973264217377,29.8374810494695,-0.208503574132919
-0.121121257543564,31.3169283338572,-0.365581184625626
0.022723376750946,28.3416240799051,-0.365581184625626
0.0164245367050171,24.7790168118689,-0.365581184625626
-0.00220388174057007,24.4124708341325,-0.248790204524994
-0.0342498421669006,21.774651150648,-0.248790204524994
-0.0222604870796204,18.3645695786376,-0.248790204524994
0.0215768218040466,17.5478139930272,-0.16372637450695
-0.0504407286643982,16.5972551079755,-0.16372637450695
-0.0433186888694763,15.5223058910163,-0.16372637450695
0.00375443696975708,15.136575833036,-0.222103238105774
0.0136917233467102,18.2388071627941,-0.222103238105774
-0.00166738033294678,22.1872999094876,-0.222103238105774
-0.00694280862808228,22.9405789686293,-0.289208322763443
0.00508737564086914,22.972257317621,-0.289208322763443
0.022775411605835,22.9695661899644,-0.289208322763443
-0.0222024917602539,22.911617531735,-0.161875650286674
0.00462609529495239,17.0570962939097,-0.161875650286674
-0.0680142641067505,9.21002121533214,-0.161875650286674
-0.154745101928711,7.12448403958566,0.0342656746506691
-0.132943570613861,4.74306593845488,0.0342656746506691
-0.113325893878937,2.989164927404,0.0342656746506691
-0.0766900777816772,3.52394129479599,0.0745187774300575
-0.109212040901184,4.09817164288506,0.0745187774300575
-0.109021723270416,4.41102513787068,0.0745187774300575
-0.242084264755249,4.39674099163075,0.103565074503422
-0.246753752231598,4.12803367675493,0.103565074503422
-0.215591013431549,4.66847471695743,0.103565074503422
-0.243719398975372,4.97305991276243,0.19269971549511
-0.140990138053894,6.7626468234352,0.19269971549511
-0.013276994228363,9.77610998217193,0.19269971549511
0.0336781144142151,10.6524950359084,0.276110619306564
0.0353100299835205,12.2105127182946,0.276110619306564
-0.0369434356689453,14.4312381540791,0.276110619306564
-0.0989866256713867,15.0954410362717,0.376810073852539
-0.169825851917267,17.6677728170421,0.376810073852539
-0.0463175773620605,21.2606741779676,0.376810073852539
-0.0839670896530151,22.321302490621,0.452879726886749
-0.221759855747223,22.9366833643723,0.452879726886749
-0.270027965307236,23.8603250426141,0.452879726886749
-0.165852069854736,24.187780207913,0.432620078325272
-0.100850820541382,23.0393176024318,0.432620078325272
-0.152622699737549,21.2741122560878,0.432620078325272
-0.135987520217896,20.7401302760837,0.337421506643295
-0.190105855464935,18.0192200249721,0.337421506643295
-0.122513771057129,13.7781126485336,0.337421506643295
-0.0588071942329407,12.3984425572548,0.251162260770798
-0.0305158495903015,12.3938728723021,0.251162260770798
-0.0319849252700806,12.5727296413079,0.251162260770798
-0.0501242280006409,13.2405593728377,0.253059446811676
-0.145223319530487,14.7116984884435,0.253059446811676
-0.126952648162842,16.1481535733801,0.253059446811676
-0.0212547779083252,16.353275360824,0.265378355979919
-0.0774739384651184,15.4275552633812,0.265378355979919
-0.195349454879761,14.1637167545551,0.265378355979919
-0.237572014331818,13.4196942724983,0.20129831135273
-0.19609534740448,10.6529808197256,0.20129831135273
-0.169434905052185,6.22557466635821,0.20129831135273
-0.0226588249206543,3.52566942349713,0.127092957496643
0.0471624657511711,1.81342595514159,0.127092957496643
-0.0179727450013161,28.7436036318472,-0.208503574132919
-0.0557561814785004,30.4543601362676,-0.365581184625626
-0.0339829921722412,27.5568545041808,-0.365581184625626
-0.0351654291152954,23.8922830235549,-0.365581184625626
0.00715690851211548,23.289821731395,-0.248790204524994
-0.00860124826431274,20.3481693008632,-0.248790204524994
-0.00492990016937256,16.8362884719765,-0.248790204524994
0.0299114584922791,16.4178642968087,-0.16372637450695
0.0163955688476562,15.9876560129184,-0.16372637450695
-0.0162510871887207,15.2937332193883,-0.16372637450695
-0.0680636763572693,15.0449420535003,-0.222103238105774
-0.0326188206672668,18.0681488342597,-0.222103238105774
-0.0238553881645203,21.8300111119849,-0.222103238105774
-0.0100340843200684,22.5834234316683,-0.289208322763443
0.0131520628929138,22.8570475765314,-0.289208322763443
0.0161768794059753,23.1186429714859,-0.289208322763443
0.00713509321212769,23.1088427709664,-0.161875650286674
0.0188856720924377,17.3973794694791,-0.161875650286674
-0.0179914832115173,9.73530518760301,-0.161875650286674
-0.0486133694648743,7.8372307717354,0.0342656746506691
-0.0536997318267822,5.07817461870636,0.0342656746506691
-0.0627754926681519,2.81970438354266,0.0342656746506691
-0.0104506611824036,2.98778478041284,0.0745187774300575
-0.0750081539154053,3.06432443533532,0.0745187774300575
-0.101365625858307,3.22426312302686,0.0745187774300575
-0.162473499774933,3.1464608058541,0.103565074503422
-0.150275588035583,2.77506141843488,0.103565074503422
-0.170438587665558,4.10913953512549,0.103565074503422
-0.182128131389618,5.08575782618363,0.19269971549511
-0.056290328502655,7.18046247052054,0.19269971549511
0.0103250741958618,9.91269367984321,0.19269971549511
0.00733786821365356,10.5815640854357,0.276110619306564
-0.0453150868415833,11.9400255757742,0.276110619306564
-0.174395620822906,13.9516845175982,0.276110619306564
-0.146954596042633,14.4468395195496,0.376810073852539
-0.183935284614563,17.0429367771808,0.376810073852539
-0.043190598487854,20.7640105515829,0.376810073852539
-0.110585033893585,21.862687050011,0.452879726886749
-0.232372224330902,22.6291390725419,0.452879726886749
-0.202147006988525,23.753707902545,0.452879726886749
-0.0831505060195923,24.1200102429507,0.432620078325272
-0.0913421511650085,22.7805867234627,0.432620078325272
-0.21682071685791,20.6918806099351,0.432620078325272
-0.196299910545349,19.9577001206016,0.337421506643295
-0.123787879943848,17.2512107919767,0.337421506643295
-0.0729523897171021,12.9944320141861,0.337421506643295
-0.0346151292324066,11.66687985128,0.251162260770798
-0.0259609520435333,11.8564959129943,0.251162260770798
0.00998049974441528,11.9714723832456,0.251162260770798
-0.102210521697998,12.2071690280741,0.253059446811676
-0.176350474357605,12.9153004100535,0.253059446811676
-0.126941561698914,13.6497059471909,0.253059446811676
-0.0937137007713318,13.6855701151578,0.265378355979919
-0.0493932366371155,12.6994194919051,0.265378355979919
-0.173335194587708,11.2331328660731,0.265378355979919
-0.265914499759674,10.4820074036059,0.20129831135273
-0.166528284549713,7.60184003335526,0.20129831135273
-0.139524698257446,2.85832687542644,0.20129831135273
0.0197676680982113,0.925110358319563,0.127092957496643
-0.0492443852126598,0.656748554866837,0.127092957496643
-0.0493986532092094,27.6822524061492,-0.154756769537926
-0.0776249766349792,29.3600237599899,-0.326482892036438
-0.0812973380088806,27.0191742321205,-0.326482892036438
-0.032733678817749,24.0551086768851,-0.326482892036438
0.0471041202545166,23.5398350787079,-0.218207821249962
0.048007071018219,20.0651245023517,-0.218207821249962
0.014536440372467,15.8802116570167,-0.218207821249962
0.0301313400268555,15.4149905938523,-0.164018467068672
0.0493049621582031,15.5070061368701,-0.164018467068672
-0.00210171937942505,15.3975189839514,-0.164018467068672
-0.0144062638282776,15.2723978265033,-0.218348950147629
0.0361273884773254,18.0414766323871,-0.218348950147629
0.0382296442985535,21.476890700131,-0.218348950147629
0.0145459771156311,22.1801708996115,-0.289605587720871
0.0471306443214417,22.7459890349579,-0.289605587720871
0.0249985456466675,23.3579727215135,-0.289605587720871
0.00182849168777466,23.4179106817787,-0.194665551185608
0.0269602537155151,17.7893444543246,-0.194665551185608
0.0258022546768188,10.2259920349988,-0.194665551185608
-0.0267033576965332,8.39723638479677,0.0305261444300413
-0.12903219461441,5.38301947561283,0.0305261444300413
-0.113767266273499,2.77597283757724,0.0305261444300413
-0.101292431354523,2.81239181299907,0.101049862802029
-0.113652944564819,2.71569939802812,0.101049862802029
-0.105277240276337,2.91115569285644,0.101049862802029
-0.136047899723053,2.85854300763759,0.115503445267677
-0.166424155235291,2.33736162211708,0.115503445267677
-0.139439642429352,4.45625141600489,0.115503445267677
-0.131108999252319,5.70141483413859,0.194773614406586
-0.0968770980834961,7.63290469491252,0.194773614406586
-0.0884264707565308,9.80675615416724,0.194773614406586
-0.11673903465271,10.2513826504264,0.272987872362137
-0.152952671051025,11.3942995206207,0.272987872362137
-0.239208281040192,13.1393952629776,0.272987872362137
-0.13992965221405,13.5361700181083,0.387512862682343
-0.108673691749573,16.3625429761662,0.387512862682343
-0.0493802428245544,20.4041468160464,0.387512862682343
-0.128804385662079,21.5969783634635,0.487309604883194
-0.22637215256691,22.541603690467,0.487309604883194
-0.158027589321136,23.906922227391,0.487309604883194
-0.0949049592018127,24.3382183228302,0.474105805158615
-0.156364738941193,22.669550907209,0.474105805158615
-0.244670569896698,20.0828018456108,0.474105805158615
-0.263074338436127,19.2198575707482,0.387972116470337
-0.145200133323669,17.2974837245552,0.387972116470337
-0.162566602230072,14.1810521908653,0.387972116470337
-0.146531939506531,13.1107165231907,0.326759099960327
-0.113403469324112,12.8317851737512,0.326759099960327
-0.0338651537895203,12.3140622110569,0.326759099960327
-0.0938135981559753,12.2253271956769,0.314548492431641
-0.174248039722443,12.4366471024743,0.314548492431641
-0.161968171596527,12.5299394755664,0.314548492431641
-0.175373256206512,12.3688378014526,0.272291898727417
-0.0687622427940369,11.2387001904019,0.272291898727417
-0.135257124900818,9.52334759186669,0.272291898727417
-0.266278862953186,8.84131127394054,0.176889032125473
-0.197353422641754,6.80505567895219,0.176889032125473
-0.195950001478195,3.4002076647037,0.176889032125473
-0.157167889177799,1.81465265453283,0.132274270057678
-0.189497202634811,1.08005204267075,0.132274270057678
-0.0232961904257536,26.7678176661981,-0.154756769537926
-0.0173354148864746,28.3548979348599,-0.326482892036438
-0.055311918258667,26.4132093016206,-0.326482892036438
0.0111920833587646,24.0521867674931,-0.326482892036438
0.0448892116546631,23.7281115022062,-0.218207821249962
0.0365203022956848,19.9467719945386,-0.218207821249962
-0.00572031736373901,15.3250486959808,-0.218207821249962
-0.00142210721969604,14.7554673300369,-0.164018467068672
0.0356431603431702,15.2528181765441,-0.164018467068672
0.0495132803916931,15.6637534603687,-0.164018467068672
0.00388902425765991,15.6217412852297,-0.218348950147629
0.0267329216003418,18.0463201744703,-0.218348950147629
0.0443434119224548,21.0859756734102,-0.218348950147629
0.0482502579689026,21.7417144073043,-0.289605587720871
0.0650269985198975,22.6925476327925,-0.289605587720871
0.0340278148651123,23.7341540550742,-0.289605587720871
0.0171149969100952,23.8445968812677,-0.194665551185608
0.0308329463005066,18.2389346760583,-0.194665551185608
0.0481127500534058,10.6157198508328,-0.194665551185608
-0.012317955493927,8.71927971097637,0.0305261444300413
-0.150761127471924,5.15942770839149,0.0305261444300413
-0.124180376529694,1.4534088296294,0.0305261444300413
-0.116574168205261,1.79004731449574,0.101049862802029
-0.119318842887878,1.86625811776131,0.101049862802029
-0.0646295547485352,2.51479504476971,0.101049862802029
-0.0305681228637695,2.8427706605235,0.115503445267677
-0.148382604122162,2.53195798798269,0.115503445267677
-0.181383728981018,4.79322741209568,0.115503445267677
-0.13266658782959,5.64400568802048,0.194773614406586
-0.144505023956299,6.92965878252329,0.194773614406586
-0.217955887317657,8.61767002359923,0.194773614406586
-0.206854224205017,8.97353557023128,0.272987872362137
-0.207114934921265,10.1254273542915,0.272987872362137
-0.20818704366684,11.8542872743989,0.272987872362137
-0.129405915737152,12.3722662906097,0.387512862682343
-0.0371015667915344,15.6390191171592,0.387512862682343
-0.166914343833923,20.1093351366778,0.387512862682343
-0.262974560260773,21.4377654111788,0.487309604883194
-0.23236882686615,22.5812905149376,0.487309604883194
-0.153247237205505,24.1885320222076,0.487309604883194
-0.171428143978119,24.6730636138061,0.474105805158615
-0.28834256529808,22.7151706304759,0.474105805158615
-0.331971526145935,19.7143059874473,0.474105805158615
-0.21357524394989,18.7363519639163,0.387972116470337
-0.110845029354095,17.4883303579954,0.387972116470337
-0.127861201763153,15.4334748609384,0.387972116470337
-0.112618267536163,14.6052852628826,0.326759099960327
-0.116323471069336,13.681507444334,0.326759099960327
-0.0815125107765198,12.3202954272437,0.326759099960327
-0.0886051058769226,11.8395635143786,0.314548492431641
-0.102048337459564,11.6949789571308,0.314548492431641
-0.150815844535828,11.4431604920363,0.314548492431641
-0.130420744419098,11.3381639864995,0.272291898727417
-0.0930712223052979,10.0757068836918,0.272291898727417
-0.142289221286774,8.0371551503418,0.272291898727417
-0.29638335108757,7.52898297650321,0.176889032125473
-0.284656286239624,6.66025449273973,0.176889032125473
-0.343195170164108,5.45484296166183,0.176889032125473
-0.353788480162621,5.53932677806557,0.132274270057678
-0.22274824231863,5.85310951674087,0.132274270057678
-0.0156148914247751,26.4595877232019,-0.154756769537926
-0.0777709633111954,27.9953267910999,-0.326482892036438
-0.045135110616684,25.7821388551841,-0.326482892036438
0.0574773550033569,23.1252472209863,-0.326482892036438
0.0779562592506409,22.8685148461653,-0.218207821249962
-0.00113075971603394,19.4486072101838,-0.218207821249962
0.0151901245117188,15.20778954962,-0.218207821249962
-0.0335996747016907,14.5825687824787,-0.164018467068672
-0.0432531237602234,15.2723977697909,-0.164018467068672
0.0127906799316406,16.0125221385794,-0.164018467068672
-0.0704824328422546,16.0167434412619,-0.218348950147629
-0.0157153606414795,17.998578984767,-0.218348950147629
-0.032468855381012,20.5361076609904,-0.218348950147629
0.0157330632209778,21.1466240243718,-0.289605587720871
0.0391422510147095,22.6849748856454,-0.289605587720871
0.0291951298713684,24.3642118291363,-0.289605587720871
0.00871032476425171,24.5487751340927,-0.194665551185608
0.0293819904327393,19.0034805928378,-0.194665551185608
0.0709276795387268,11.4105458889802,-0.194665551185608
-0.00568145513534546,9.60475898478289,0.0305261444300413
-0.151258230209351,5.51284709058255,0.0305261444300413
-0.190145194530487,0.856180888392151,0.0305261444300413
-0.162870764732361,1.27136666060923,0.101049862802029
-0.156145989894867,0.51433323970913,0.101049862802029
-0.0255073308944702,1.52871782971079,0.101049862802029
-0.0234535932540894,2.46190637290718,0.115503445267677
-0.0855733156204224,2.81844781902761,0.115503445267677
-0.0815777182579041,4.28472779915327,0.115503445267677
-0.102889120578766,4.50966431283997,0.194773614406586
-0.149626433849335,5.68511765778467,0.194773614406586
-0.185296833515167,7.56624872268953,0.194773614406586
-0.115199863910675,8.20689133475498,0.272987872362137
-0.1358482837677,9.55977326844572,0.272987872362137
-0.196706354618073,11.419896128395,0.272987872362137
-0.112245798110962,12.2784044421654,0.387512862682343
-0.0535902380943298,15.8750228783687,0.387512862682343
-0.198953926563263,20.5801107786587,0.387512862682343
-0.253993093967438,22.0327220166185,0.487309604883194
-0.167808204889297,23.3574417944189,0.487309604883194
-0.086367666721344,25.1464531679049,0.487309604883194
-0.150248944759369,25.6631522867479,0.474105805158615
-0.281201243400574,23.7001663807248,0.474105805158615
-0.333249628543854,20.6636641884574,0.474105805158615
-0.150811970233917,19.5214673341405,0.387972116470337
-0.0877398252487183,18.2532941873657,0.387972116470337
-0.132253229618073,16.4901434455262,0.387972116470337
-0.123703837394714,16.0410502664812,0.326759099960327
-0.108599841594696,15.4858238307177,0.326759099960327
-0.0879665613174438,14.3913711024338,0.326759099960327
-0.0463809370994568,13.8667110948051,0.314548492431641
-0.0573870539665222,13.5329810482968,0.314548492431641
-0.100039303302765,13.0080013288281,0.314548492431641
-0.0664242506027222,12.5477054563617,0.272291898727417
-0.05067378282547,10.5621967117924,0.272291898727417
-0.140049040317535,7.98385927494097,0.272291898727417
-0.290697515010834,7.98308051029391,0.176889032125473
-0.303144127130508,8.61672881185343,0.176889032125473
-0.373044431209564,10.0824255556238,0.176889032125473
-0.423792630434036,12.6341371661964,0.132274270057678
-0.0486368909478188,17.1314018613618,0.175742283463478
-0.0527648823335767,14.0594292397661,0.186915680766106
0.00363145582377911,10.35184484075,0.186915680766106
-0.0333740431815386,7.05856640769338,0.186915680766106
-0.00509299896657467,4.42989208514031,0.132281646132469
-0.00977019721176475,2.25950938026533,0.132281646132469
-0.00409324839711189,26.6949727655908,-0.147962912917137
-0.0683876872062683,28.235752554943,-0.30445659160614
-0.00782370567321777,25.1934261886446,-0.30445659160614
0.0472510457038879,21.4519924295382,-0.30445659160614
0.068073034286499,21.0758997452692,-0.185081243515015
0.014060914516449,18.4628376924515,-0.185081243515015
0.00912564992904663,15.1767883707678,-0.185081243515015
-0.082127571105957,14.6407976415611,-0.137825801968575
-0.1414515376091,15.4833899918793,-0.137825801968575
-0.0746751427650452,16.4573876672449,-0.137825801968575
-0.073872983455658,16.5005921847628,-0.186593726277351
-0.0317654013633728,17.9476094638644,-0.186593726277351
-0.0187644958496094,19.8578534719973,-0.186593726277351
-0.028384804725647,20.3806102009293,-0.286009728908539
0.0255486965179443,22.6672402854622,-0.286009728908539
0.00700128078460693,25.2048968192885,-0.286009728908539
-0.0541753768920898,25.5430094363411,-0.232235506176949
0.0196612477302551,20.1732763824388,-0.232235506176949
0.0406920909881592,12.8246049666085,-0.232235506176949
5.0961971282959e-05,11.1640940944268,0.0322611443698406
-0.120967924594879,6.37812173085766,0.0322611443698406
-0.181664109230042,1.8601562385758,0.0322611443698406
-0.0707312822341919,2.27168466399889,0.154420465230942
-0.00176525115966797,1.21057907376089,0.154420465230942
-0.0124619603157043,0.908700684692083,0.154420465230942
-0.0835810899734497,2.12075372486052,0.135952651500702
-0.091810941696167,2.95285705239597,0.135952651500702
-0.0576175451278687,3.21127799950941,0.135952651500702
-0.0825629234313965,2.84130835901542,0.175474390387535
-0.101805865764618,4.55875965145832,0.175474390387535
-0.144537329673767,7.00830774533854,0.175474390387535
-0.136663615703583,7.94676274745645,0.249650433659554
-0.148253202438354,9.32786861284478,0.249650433659554
-0.116175830364227,11.137200356654,0.249650433659554
0.0158845782279968,12.1439676150025,0.375463962554932
-0.0275388956069946,15.8863638907074,0.375463962554932
-0.13952225446701,20.777917953361,0.375463962554932
-0.172715544700623,22.3238474948417,0.494706213474274
-0.159360527992249,23.8154760897676,0.494706213474274
-0.123851746320724,25.8067578434358,0.494706213474274
-0.170248925685883,26.3810056691231,0.494995892047882
-0.239142715930939,24.6024580412117,0.494995892047882
-0.252277612686157,21.8073811841337,0.494995892047882
-0.124148011207581,20.6253772300205,0.407495707273483
-0.12881201505661,18.8362263792208,0.407495707273483
-0.226575970649719,16.526443796704,0.407495707273483
-0.189490616321564,16.2077172178013,0.346532642841339
-0.128010511398315,16.3913158052085,0.346532642841339
-0.0931219458580017,16.0753891822702,0.346532642841339
-0.0644701719284058,15.7887614068815,0.348954826593399
-0.0634902119636536,15.6236268769096,0.348954826593399
-0.040802001953125,15.2776801808108,0.348954826593399
-0.100504338741302,14.6452325302597,0.265194118022919
-0.157802283763885,11.681884143074,0.265194118022919
-0.191677212715149,8.12854144962782,0.265194118022919
-0.287812262773514,8.28454217564389,0.128161042928696
-0.279302716255188,9.63559450525865,0.128161042928696
-0.358633905649185,12.5002729877978,0.128161042928696
-0.30972820520401,16.1323993377045,0.126335069537163
-0.053391240304336,22.1865491411897,0.272351533174515
-0.0635463930666447,19.061077583993,0.329589545726776
-0.0630992874503136,14.5705344297194,0.329589545726776
-0.0956270098686218,10.3144825106908,0.329589545726776
-0.0661907568573952,7.18521468162023,0.202750042080879
-0.0010664239525795,4.3247064181092,0.202750042080879
-0.135347842704505,27.0035359569281,-0.147962912917137
-0.0765977203845978,28.539610777885,-0.30445659160614
-0.0628305077552795,24.7379966293208,-0.30445659160614
-0.0246824026107788,20.0018453889576,-0.30445659160614
0.0637360215187073,19.3511435178123,-0.185081243515015
0.0386339426040649,17.1098841583237,-0.185081243515015
-0.00841492414474487,14.3558599587863,-0.185081243515015
-0.0862862467765808,13.9126080847393,-0.137825801968575
-0.0642933249473572,14.9394243537681,-0.137825801968575
-0.0572700500488281,16.1757075796894,-0.137825801968575
-0.0456165075302124,16.3880676473233,-0.186593726277351
-0.00655776262283325,17.5236248791742,-0.186593726277351
0.029062807559967,18.940752378969,-0.186593726277351
0.0177401900291443,19.3125858021733,-0.286009728908539
0.0726097226142883,22.3753250782777,-0.286009728908539
0.00499552488327026,25.8813766868511,-0.286009728908539
-0.0136781930923462,26.4591325074917,-0.232235506176949
0.0433344841003418,21.3174153657317,-0.232235506176949
0.024048924446106,14.3093491329137,-0.232235506176949
-0.0136322975158691,12.881123378279,0.0322611443698406
-0.0894331932067871,7.48639872268713,0.0322611443698406
-0.0995159149169922,3.2979483351145,0.0322611443698406
0.0325291156768799,3.75282360710239,0.154420465230942
0.0827427506446838,2.73909825737215,0.154420465230942
-0.000205457210540771,1.48397402613586,0.154420465230942
-0.12597644329071,1.18838732644763,0.135952651500702
-0.0924035310745239,1.60446938928437,0.135952651500702
-0.0609350204467773,1.38486481504673,0.135952651500702
-0.0967682600021362,1.28277250305521,0.175474390387535
-0.147359549999237,3.48517882242593,0.175474390387535
-0.208691954612732,6.19447056587658,0.175474390387535
-0.212873637676239,7.28560665359185,0.249650433659554
-0.2125164270401,8.65372990072731,0.249650433659554
-0.0817897915840149,10.3268369242551,0.249650433659554
0.034820020198822,11.1945457131944,0.375463962554932
-0.0438368320465088,14.9804586161677,0.375463962554932
-0.109701693058014,20.130519173328,0.375463962554932
-0.182981163263321,21.7405183659819,0.494706213474274
-0.175097972154617,23.3918750009543,0.494706213474274
-0.141524583101273,25.643830934554,0.494706213474274
-0.159357190132141,26.3318044478681,0.494995892047882
-0.192380607128143,24.7996959324466,0.494995892047882
-0.20354825258255,22.3753596277093,0.494995892047882
-0.147042453289032,21.3678827443731,0.407495707273483
-0.223815083503723,19.0671494125988,0.407495707273483
-0.319983869791031,15.8761285378272,0.407495707273483
-0.300215542316437,15.1552665375932,0.346532642841339
-0.193062484264374,15.5326710795971,0.346532642841339
-0.197225391864777,15.6957240455631,0.346532642841339
-0.201182425022125,15.7105931710433,0.348954826593399
-0.164584338665009,16.0140230718017,0.348954826593399
-0.137420535087585,16.3991725084703,0.348954826593399
-0.18300199508667,16.2800835241939,0.265194118022919
-0.201461136341095,12.9966643116099,0.265194118022919
-0.176098793745041,9.47064774833512,0.265194118022919
-0.328322976827621,10.28001311181,0.128161042928696
-0.347141563892365,12.1581465670891,0.128161042928696
-0.345260173082352,15.2299313608016,0.128161042928696
-0.257429301738739,18.1385770613484,0.126335069537163
-0.0582073628902435,21.2907202757597,0.272351533174515
-0.0204054117202759,20.0755426900707,0.329589545726776
-0.0570051670074463,16.4452644837242,0.329589545726776
-0.0517252683639526,12.4710024609722,0.329589545726776
-0.0681633055210114,9.83284204023391,0.202750042080879
0.0365508049726486,6.68818004209604,0.202750042080879
-0.102159602567554,27.1062152170924,-0.147962912917137
-0.134569000452757,28.6319798481594,-0.30445659160614
-0.0924983620643616,24.7703427361618,-0.30445659160614
-0.00695681571960449,19.9764949866564,-0.30445659160614
0.0577226877212524,19.3422573811457,-0.185081243515015
0.0466507077217102,17.1746208840683,-0.185081243515015
0.00322067737579346,14.5234488187155,-0.185081243515015
-0.0799521207809448,14.1263046236904,-0.137825801968575
-0.0603237152099609,14.8466330166073,-0.137825801968575
-0.0681906342506409,15.6354442181639,-0.137825801968575
-0.125741124153137,15.6770253124831,-0.186593726277351
-0.053328812122345,16.7552202305361,-0.186593726277351
0.0350484848022461,18.1133577963508,-0.186593726277351
0.00351721048355103,18.3829140673859,-0.286009728908539
0.0394399166107178,22.1722074361231,-0.286009728908539
0.0647504925727844,26.5941688547018,-0.286009728908539
0.0699407458305359,27.4319305404234,-0.232235506176949
0.0711206793785095,22.5537863811416,-0.232235506176949
0.0551189184188843,15.9844400397392,-0.232235506176949
-0.0122445821762085,14.8481953005292,0.0322611443698406
-0.0372408628463745,9.33985920781088,0.0322611443698406
-0.0466733574867249,5.92937111509416,0.0322611443698406
-0.0489324927330017,6.30516957633085,0.154420465230942
0.0241389870643616,5.51160596167087,0.154420465230942
0.010777473449707,4.47911889326518,0.154420465230942
-0.0918802618980408,3.5948480551309,0.135952651500702
-0.027292013168335,2.58743591133715,0.135952651500702
-0.0353896021842957,2.05024876258611,0.135952651500702
-0.143903136253357,2.28395013038955,0.175474390387535
-0.251877307891846,3.45337381969717,0.175474390387535
-0.280041038990021,5.71144829573349,0.175474390387535
-0.277654379606247,6.88825206216823,0.249650433659554
-0.211187899112701,8.37916541584308,0.249650433659554
-0.0980732440948486,9.98315791047963,0.249650433659554
-0.0538703203201294,10.5557203191963,0.375463962554932
-0.074418842792511,14.1653736386306,0.375463962554932
-0.0653122663497925,19.4208657122601,0.375463962554932
-0.197934150695801,21.0339632937605,0.494706213474274
-0.108013242483139,22.7571696948529,0.494706213474274
-0.0980653464794159,25.1743484918833,0.494706213474274
-0.101171165704727,25.972426436302,0.494995892047882
-0.156000018119812,24.7244675011674,0.494995892047882
-0.230036973953247,22.7137480939763,0.494995892047882
-0.197279036045074,21.9233544965918,0.407495707273483
-0.23289966583252,19.3449653560641,0.407495707273483
-0.286365151405334,15.5369126892043,0.407495707273483
-0.312948286533356,14.3334028522018,0.346532642841339
-0.255767464637756,14.5100894479274,0.346532642841339
-0.303290605545044,14.7902289030134,0.346532642841339
-0.333231180906296,15.097614673546,0.348954826593399
-0.282017946243286,15.8827215965446,0.348954826593399
-0.259610444307327,16.9919077480715,0.348954826593399
-0.15063351392746,17.7073536972973,0.265194118022919
-0.115094929933548,15.367656129092,0.265194118022919
-0.156741917133331,13.7774672517143,0.265194118022919
-0.365253835916519,15.5534686526665,0.128161042928696
-0.445788979530334,17.6052552048587,0.128161042928696
-0.330636262893677,19.7219094957109,0.128161042928696
-0.20205357670784,20.9231912829866,0.126335069537163
-0.0386831164360046,18.8081043353266,0.272351533174515
0.0083429217338562,20.0535861138358,0.329589545726776
0.00250709056854248,17.6616466924059,0.329589545726776
-0.0775215625762939,14.3400478960998,0.329589545726776
-0.0753298699855804,12.2672148809019,0.202750042080879
0.0023171454668045,8.98840581317545,0.202750042080879
-0.00469001848250628,3.80911854176331,0.202750042080879
0.0138888889923692,1.43262491327366,0.102821134030819
-0.0472912713885307,0.75769382995623,0.102821134030819
-0.0277571526821703,1.54976976520878,0.102821134030819
0.0156860421411693,3.04588831022794,0.0876459553837776
0.0275116423144937,4.74632603302105,0.0876459553837776
0.0095504941418767,6.6807240079249,0.0876459553837776
-0.0136886150576174,8.75593587235218,0.142889559268951
-0.0124594364315271,9.98772443621265,0.142889559268951
-0.0117406640201807,9.32659130760313,0.142889559268951
-0.0545009188354015,6.79255309156061,0.142889559268951
-0.0642877165228128,3.51395793726143,0.148737356066704
-0.169873259961605,27.0133235814505,-0.147962912917137
-0.080323439091444,28.5258222596037,-0.30445659160614
-0.179770261049271,25.2769191714352,-0.30445659160614
0.0172981023788452,21.3082627940475,-0.30445659160614
0.0144818425178528,20.9275369853331,-0.185081243515015
-0.005470871925354,18.4838912971581,-0.185081243515015
-0.0528000593185425,15.4418548778003,-0.185081243515015
-0.0764703750610352,15.00564229691,-0.137825801968575
-0.00655084848403931,15.0480601758947,-0.137825801968575
0.00975394248962402,14.8710613831218,-0.137825801968575
-0.0658208131790161,14.5127444050999,-0.186593726277351
-0.00779896974563599,15.8327214474898,-0.186593726277351
0.00572192668914795,17.621625719574,-0.186593726277351
-0.00306957960128784,17.9452883520658,-0.286009728908539
0.00446438789367676,22.3717779901505,-0.286009728908539
0.0434219241142273,27.5187383730255,-0.286009728908539
0.0537002086639404,28.52136430004,-0.232235506176949
0.0869064331054688,23.804458866403,-0.232235506176949
0.0783213376998901,17.4714052758696,-0.232235506176949
0.020213782787323,16.424443954458,0.0322611443698406
-0.0330934524536133,10.5651065784613,0.0322611443698406
-0.14491868019104,7.23237644686526,0.0322611443698406
-0.143152475357056,7.71441196794824,0.154420465230942
-0.0430652499198914,7.083592350955,0.154420465230942
-0.0398470759391785,6.24068256044085,0.154420465230942
-0.086443305015564,5.45178206518592,0.135952651500702
-0.0231659412384033,4.22912950804995,0.135952651500702
0.0335134863853455,3.34609014902788,0.135952651500702
-0.0907767415046692,3.14516693953526,0.175474390387535
-0.171712696552277,3.61602821586805,0.175474390387535
-0.185409247875214,5.22274762135985,0.175474390387535
-0.214455187320709,6.37698552792192,0.249650433659554
-0.175879657268524,8.07149880919055,0.249650433659554
-0.0812247395515442,9.87339169604457,0.249650433659554
-0.0606460571289062,10.3668909700278,0.375463962554932
-0.0986032783985138,13.8363488579559,0.375463962554932
-0.0888818502426147,19.0519657406341,0.375463962554932
-0.113810002803802,20.6382373635013,0.494706213474274
-0.0800522267818451,22.3258170326752,0.494706213474274
-0.10710608959198,24.7199397712279,0.494706213474274
-0.12356898188591,25.5369361506251,0.494995892047882
-0.128648370504379,24.5404469803122,0.494995892047882
-0.215077638626099,22.9054844822137,0.494995892047882
-0.243770003318787,22.2792577013913,0.407495707273483
-0.235864639282227,19.6077311996488,0.407495707273483
-0.258442640304565,15.5580190146021,0.407495707273483
-0.262772917747498,14.1337673741603,0.346532642841339
-0.313030660152435,13.9971418932022,0.346532642841339
-0.331260412931442,13.9994685092191,0.346532642841339
-0.33463317155838,14.3398981629339,0.348954826593399
-0.309069216251373,15.2163350311667,0.348954826593399
-0.274504482746124,16.4867324874611,0.348954826593399
-0.108673572540283,17.6682209792716,0.265194118022919
-0.255349665880203,16.2120829363088,0.265194118022919
-0.186335802078247,16.103279891873,0.265194118022919
-0.285793125629425,18.4248350245646,0.128161042928696
-0.351803481578827,20.4509001788201,0.128161042928696
-0.22067603468895,21.8497117581539,0.128161042928696
-0.110113531351089,22.0681408660922,0.126335069537163
0.000530481338500977,18.3302941824353,0.272351533174515
0.0203876495361328,20.5598084843634,0.329589545726776
-0.00629568099975586,18.7252128213942,0.329589545726776
-0.109683454036713,15.8106373631306,0.329589545726776
-0.0898927450180054,14.0625891691085,0.202750042080879
-0.0499830991029739,10.744450296878,0.202750042080879
0.0374513063579798,5.18554444231946,0.202750042080879
0.0265988777391613,2.40522935410882,0.102821134030819
-0.00413259165361524,1.06590052548798,0.102821134030819
-0.00449127820320427,2.84118578326571,0.102821134030819
0.0130958370864391,5.07278696002145,0.0876459553837776
0.0644594877958298,7.16715027345222,0.0876459553837776
-0.0122996625723317,13.586307729013,0.142889559268951
-0.0440042116679251,13.2428478783707,0.142889559268951
-0.0536110270768404,11.273140822904,0.142889559268951
-0.0330027798190713,6.89573704189198,0.148737356066704
-0.0492793992161751,26.4883943751471,-0.128968685865402
-0.299421489238739,28.021073581653,-0.315773040056229
-0.146754801273346,25.7818457839958,-0.315773040056229
0.0139526724815369,22.950045488079,-0.315773040056229
0.0151979923248291,22.4901072551403,-0.238119840621948
-0.102446675300598,19.2154536779122,-0.238119840621948
-0.166863739490509,15.3138231783392,-0.238119840621948
-0.108386874198914,14.927776441031,-0.147297158837318
-0.0168085098266602,14.5775635449079,-0.147297158837318
0.0337445139884949,13.8836934048821,-0.147297158837318
0.00128376483917236,13.5685813027085,-0.150097072124481
0.0640766620635986,15.3426742847887,-0.150097072124481
0.0557225942611694,17.6298019176074,-0.150097072124481
0.0349662899971008,18.053307212977,-0.26518303155899
0.0391318202018738,22.9325439666488,-0.26518303155899
0.0190145373344421,28.5911292820584,-0.26518303155899
0.0208209753036499,29.7383953470021,-0.234863370656967
0.101166903972626,25.2293305838626,-0.234863370656967
0.0989428758621216,19.2133598295324,-0.234863370656967
0.00704169273376465,18.2428701437641,0.06120790168643
-0.0461171269416809,12.2667087716535,0.06120790168643
-0.152908980846405,9.07081412261603,0.06120790168643
-0.12493222951889,9.34240954604445,0.231146141886711
-0.0654659867286682,8.58779325678429,0.231146141886711
-0.117908716201782,7.69234509640356,0.231146141886711
-0.110866904258728,6.82201597704816,0.187958970665932
-0.0446575880050659,5.27782694012818,0.187958970665932
0.066467821598053,3.84186942229599,0.187958970665932
-0.0210362672805786,3.11739463310424,0.170874491333961
-0.146934449672699,3.0377292043641,0.170874491333961
-0.152863025665283,3.85972368319033,0.170874491333961
-0.140219807624817,4.35421250147746,0.216354012489319
-0.159892380237579,5.98756022339291,0.216354012489319
-0.0897873640060425,8.2441138954213,0.216354012489319
-0.0540705919265747,8.84203678083259,0.324797183275223
-0.0771896839141846,12.6270958349065,0.324797183275223
-0.107773125171661,18.022432367178,0.324797183275223
-0.145873010158539,19.6445374737767,0.43523907661438
-0.103047370910645,21.3092271646588,0.43523907661438
-0.0981617867946625,23.6650602968901,0.43523907661438
-0.118443667888641,24.5478542149069,0.464554458856583
-0.0982630550861359,23.9144707670639,0.464554458856583
-0.102966278791428,22.7875497852655,0.464554458856583
-0.114329636096954,22.4337820208193,0.416748285293579
-0.167115569114685,19.9742080908691,0.416748285293579
-0.214608013629913,16.0552701625188,0.416748285293579
-0.268682539463043,14.4503736734617,0.349470138549805
-0.344080030918121,13.7533235543446,0.349470138549805
-0.363428324460983,13.0203957256563,0.349470138549805
-0.329235583543777,12.8899280220535,0.311932057142258
-0.320261031389236,13.2001282388161,0.311932057142258
-0.322235226631165,13.8742050605223,0.311932057142258
-0.215478837490082,14.8734963577709,0.183075278997421
-0.25827619433403,13.249405969821,0.183075278997421
-0.201957702636719,13.7383511545213,0.183075278997421
-0.216361999511719,16.3435726057447,0.0435750260949135
-0.202797174453735,18.2240282739051,0.0435750260949135
-0.222605377435684,19.5037893895638,0.0435750260949135
-0.171394616365433,19.8002569253435,0.10124433785677
0.00627273321151733,19.2451110391455,0.310562193393707
0.00289982557296753,21.6923376919398,0.411290138959885
-0.0238447189331055,20.3411354106831,0.411290138959885
-0.0594149231910706,17.9552230035768,0.411290138959885
-0.0849054455757141,16.4143592707915,0.300979256629944
0.00270122289657593,13.1077790453485,0.300979256629944
0.029673408716917,7.7122836524044,0.300979256629944
-0.00668348465114832,5.00482388098193,0.115777209401131
0.0152063658460975,3.37621504070292,0.115777209401131
0.00633236020803452,5.45815614082968,0.115777209401131
-0.0138129834085703,8.23093764416479,0.0382147207856178
0.00690836552530527,10.1838123201355,0.0382147207856178
-0.0712379738688469,14.8211788459756,0.196153596043587
-0.0457443073391914,15.824499504518,0.196153596043587
0.00497105717658997,16.4195195633093,0.196153596043587
-0.0211923141032457,12.187477988526,0.296494990587234
-0.0404750555753708,24.8257340490751,-0.128968685865402
-0.215049833059311,26.6751740372145,-0.315773040056229
-0.0259950160980225,26.3499058449656,-0.315773040056229
0.00999128818511963,25.3853510374793,-0.315773040056229
0.0168349742889404,24.8982032725951,-0.238119840621948
-0.0610349774360657,21.4749886596046,-0.238119840621948
-0.191334903240204,17.2018388810173,-0.238119840621948
-0.132109224796295,16.3521871799461,-0.147297158837318
-0.12115067243576,15.3256263759811,-0.147297158837318
-0.118593871593475,14.3090540423652,-0.147297158837318
-0.0835763812065125,14.5687121023424,-0.150097072124481
0.000239074230194092,16.9619297025279,-0.150097072124481
0.0464237332344055,19.655654431469,-0.150097072124481
0.00117266178131104,20.4861264108537,-0.26518303155899
0.0164400935173035,25.2473964574656,-0.26518303155899
0.0305753946304321,30.6382659407241,-0.26518303155899
-0.00416082143783569,31.7759200772142,-0.234863370656967
0.0678935647010803,27.663217000852,-0.234863370656967
0.0614634156227112,22.2759691291171,-0.234863370656967
0.018973171710968,21.2901472131267,0.06120790168643
-0.0267986059188843,15.8079770146258,0.06120790168643
-0.109983325004578,13.1351091666451,0.06120790168643
-0.0408474206924438,12.8437703866412,0.231146141886711
-0.061182975769043,11.6784330112731,0.231146141886711
-0.100946009159088,10.4820431710871,0.231146141886711
-0.0598638653755188,9.33412792836385,0.187958970665932
-0.095402717590332,7.41353129356302,0.187958970665932
-0.0630164742469788,5.1385676502957,0.187958970665932
-0.116704821586609,3.38533016055698,0.170874491333961
-0.135971128940582,2.70615808180695,0.170874491333961
-0.119974970817566,3.35969088981908,0.170874491333961
-0.0425307154655457,3.95276794072998,0.216354012489319
-0.0765612721443176,6.14005674557598,0.216354012489319
-0.0642722249031067,8.83310973083132,0.216354012489319
-0.0474355816841125,9.79121280014683,0.324797183275223
-0.0504499673843384,13.1345971271235,0.324797183275223
-0.115954875946045,17.6152736996749,0.324797183275223
-0.194346815347672,18.7750515701345,0.43523907661438
-0.115995854139328,19.8784677037955,0.43523907661438
-0.0940961837768555,21.6484866892494,0.43523907661438
-0.0675414502620697,22.3751372889506,0.464554458856583
-0.0750280022621155,22.2120211161406,0.464554458856583
-0.0218178033828735,21.860506783248,0.464554458856583
-0.0171922147274017,22.031249606162,0.416748285293579
-0.0685514211654663,20.4577180241783,0.416748285293579
-0.11195832490921,17.3636412406926,0.416748285293579
-0.188792705535889,15.5603398318679,0.349470138549805
-0.26788204908371,14.0582456044921,0.349470138549805
-0.361793220043182,12.3768430506825,0.349470138549805
-0.412558734416962,11.6874142771131,0.311932057142258
-0.348050624132156,10.9818723169512,0.311932057142258
-0.333656311035156,10.1014072174358,0.311932057142258
-0.300061464309692,10.2183487650952,0.183075278997421
-0.25944310426712,7.24578985585533,0.183075278997421
-0.251409113407135,8.27129468188554,0.183075278997421
-0.128253817558289,11.2545062229998,0.0435750260949135
-0.153530895709991,12.6625326186925,0.0435750260949135
-0.245391130447388,13.9242440258599,0.0435750260949135
-0.200801491737366,14.6285512451594,0.10124433785677
-0.132137060165405,13.4882439358222,0.10124433785677
-0.0599960684776306,12.4728151257391,0.10124433785677
-0.00120997428894043,12.3271209302075,0.310562193393707
0.0165241956710815,13.7880890557247,0.310562193393707
-0.011246919631958,19.2478265184355,0.310562193393707
-0.00823259353637695,22.3618196616889,0.411290138959885
-0.0392290353775024,22.3384211181506,0.411290138959885
-0.105027496814728,21.3587646080122,0.411290138959885
-0.105265021324158,20.4063236944453,0.300979256629944
0.000980347394943237,17.5783396424902,0.300979256629944
-0.024424091912806,13.2114357687555,0.300979256629944
-0.00528985913842916,10.8457306731411,0.115777209401131
-0.0131098194979131,9.14757225016361,0.115777209401131
-0.0445519722998142,10.7876372620449,0.115777209401131
-0.0554305016994476,17.786637852427,0.196153596043587
-0.0560397207736969,19.8637163176676,0.196153596043587
-0.0599680244922638,22.7029786370108,0.196153596043587
-0.0281895846128464,21.0457123135447,0.296494990587234
0.00750312954187393,16.4988852880532,0.296494990587234
-0.0456138397566974,10.7837430043533,0.296494990587234
-0.0649685692042112,5.56881647616469,0.178976863622665
-0.0204856209456921,21.7719507656725,-0.128968685865402
-0.0206142663955688,24.0021385863245,-0.315773040056229
-0.0790336728096008,26.0685030486829,-0.315773040056229
-0.0867235660552979,27.3422577282232,-0.315773040056229
0.0578805208206177,27.1201787942333,-0.238119840621948
0.0908704996109009,24.4941477189981,-0.238119840621948
-0.0686706900596619,20.9998224960166,-0.238119840621948
-0.147586464881897,19.8412912761301,-0.147297158837318
-0.130452871322632,17.9091458336106,-0.147297158837318
-0.206556499004364,16.1779417465846,-0.147297158837318
-0.226620733737946,16.6908484575676,-0.150097072124481
-0.0523644089698792,19.3050247117121,-0.150097072124481
0.0500655770301819,22.0463588598555,-0.150097072124481
-0.0233007669448853,23.1486520913122,-0.26518303155899
0.0198260545730591,27.5230923529256,-0.26518303155899
0.0562900304794312,32.2898740222312,-0.26518303155899
0.0330909490585327,33.2867616528808,-0.234863370656967
0.0431148409843445,29.3082285791579,-0.234863370656967
0.0198688507080078,24.1359970796992,-0.234863370656967
0.0480500459671021,23.0423806364605,0.06120790168643
-0.00660866498947144,17.7010361980084,0.06120790168643
-0.0863535404205322,15.5373132906923,0.06120790168643
-0.0452126264572144,15.1324818586556,0.231146141886711
-0.0797346234321594,13.7688656823097,0.231146141886711
-0.0637078285217285,12.4291738075573,0.231146141886711
0.0506665706634521,11.1774565916776,0.187958970665932
-0.0514729022979736,9.18875595835321,0.187958970665932
-0.055499792098999,6.66083031579091,0.187958970665932
-0.0738776326179504,4.75278502499896,0.170874491333961
-0.0801090002059937,4.43515731787424,0.170874491333961
-0.0283617377281189,5.56160261356945,0.170874491333961
0.0218493938446045,6.89624983634466,0.216354012489319
-0.040077269077301,9.34604664142706,0.216354012489319
-0.121686697006226,11.8230110890613,0.216354012489319
-0.113085031509399,12.9249163764784,0.324797183275223
-0.106065928936005,15.286168372384,0.324797183275223
-0.123233675956726,18.1140302250586,0.324797183275223
-0.16576874256134,18.5197750526342,0.43523907661438
-0.140715569257736,18.6420593155787,0.43523907661438
-0.0760747492313385,19.2146228710436,0.43523907661438
-0.057566225528717,19.4430241458039,0.464554458856583
-0.0496002733707428,19.7237865744085,0.464554458856583
-0.021933525800705,20.2023860414307,0.464554458856583
-0.0710038542747498,20.8451808631826,0.416748285293579
-0.107856422662735,20.5933199716197,0.416748285293579
-0.0547130107879639,19.1342219000669,0.416748285293579
-0.0777581334114075,17.7558608722346,0.349470138549805
-0.263419628143311,15.82826410088,0.349470138549805
-0.360930234193802,13.6070411726453,0.349470138549805
-0.435027778148651,12.8865714634181,0.311932057142258
-0.355371028184891,11.3595357807184,0.311932057142258
-0.26803982257843,8.6860969397595,0.311932057142258
-0.306141376495361,7.57847328139214,0.183075278997421
-0.292292982339859,3.41828546588532,0.183075278997421
-0.234443962574005,6.3787265194027,0.183075278997421
-0.0667898058891296,9.59872201120582,0.0435750260949135
-0.0548694729804993,10.5017510764311,0.0435750260949135
-0.158116638660431,11.5504824338052,0.0435750260949135
-0.136842131614685,12.3415319175511,0.10124433785677
-0.104336977005005,10.8085453585639,0.10124433785677
-0.0712168216705322,9.83085360716467,0.10124433785677
0.00815379619598389,10.551807693835,0.310562193393707
-0.0250027179718018,12.720503672996,0.310562193393707
-0.0486600399017334,18.1817591704899,0.310562193393707
-0.0394072532653809,21.6297352899935,0.411290138959885
-0.131844758987427,22.9097988959497,0.411290138959885
-0.21706748008728,23.3847928483579,0.411290138959885
-0.194465845823288,23.0783367348146,0.300979256629944
-0.069830521941185,20.6576494669913,0.300979256629944
-0.0505245830863714,16.8454347550913,0.300979256629944
-0.048645157366991,14.5818421510608,0.115777209401131
-0.0470758369192481,12.5868092847758,0.115777209401131
-0.0244421735405922,14.2385266165984,0.115777209401131
-0.0362199246883392,19.6543864471448,0.196153596043587
-0.0274292826652527,21.711551590775,0.196153596043587
-0.049671858549118,25.4773652459774,0.196153596043587
-0.0351669490337372,26.1971589061146,0.296494990587234
0.0105275958776474,23.7588715297218,0.296494990587234
-0.00223635043948889,18.2846688139662,0.296494990587234
-0.0777937863022089,11.2347530955193,0.178976863622665
0.0206401124596596,17.9915634985629,-0.0510362684726715
-0.0553250163793564,20.2444231205565,-0.2921482026577
-0.160032242536545,24.4351497350233,-0.2921482026577
-0.177563518285751,27.8695945666791,-0.2921482026577
-0.0100562572479248,27.9852684580044,-0.34444522857666
0.0750610828399658,26.3584379262835,-0.34444522857666
-0.033860981464386,24.2303250653167,-0.34444522857666
-0.082664430141449,23.3917269734204,-0.269394129514694
-0.122239172458649,20.9331218668169,-0.269394129514694
-0.258817970752716,18.4086504414817,-0.269394129514694
-0.233491718769073,18.6609598174079,-0.227535143494606
-0.0809759497642517,21.0260008893276,-0.227535143494606
0.0223220586776733,23.5907649693721,-0.227535143494606
0.0160556435585022,24.8264005384987,-0.275532722473145
0.0287399291992188,28.9264484898503,-0.275532722473145
0.0443640351295471,33.2197456532049,-0.275532722473145
0.0510154366493225,34.1772186778331,-0.207415014505386
0.0443169474601746,30.2956397385008,-0.207415014505386
0.0441352725028992,25.3364242682639,-0.207415014505386
0.0337905287742615,24.4081892503234,0.120153747498989
0.0262858271598816,19.5406623084344,0.120153747498989
-0.0516027212142944,18.279689335692,0.120153747498989
-0.111576974391937,18.1821417675518,0.337241590023041
-0.196243643760681,16.9977099313733,0.337241590023041
-0.1212238073349,15.6193334282559,0.337241590023041
0.0322133898735046,14.1175964469167,0.317858546972275
-0.00371450185775757,12.0500399998442,0.317858546972275
0.0257845520973206,9.58877531565063,0.317858546972275
0.00226253271102905,7.69304126011522,0.270938515663147
0.0315427184104919,7.0826552514339,0.270938515663147
0.091813325881958,7.602036694362,0.270938515663147
5.30481338500977e-05,8.36329541747267,0.259418696165085
-0.0176548361778259,10.2078110311293,0.259418696165085
-0.112749755382538,12.1940312556579,0.259418696165085
-0.150496184825897,13.1570066646244,0.30017164349556
-0.131180286407471,15.0489257731468,0.30017164349556
-0.102381378412247,17.1316329025624,0.30017164349556
-0.121523886919022,17.396806540678,0.340675860643387
-0.0967011451721191,17.0207573157491,0.340675860643387
-0.0678185224533081,16.6499511307743,0.340675860643387
-0.0450872480869293,16.3715411765533,0.3571637570858
-0.044503778219223,16.7907839184135,0.3571637570858
-0.0626086890697479,17.6749126532389,0.3571637570858
-0.128721296787262,18.4342387367865,0.394087284803391
-0.0916144251823425,19.4850028534504,0.394087284803391
-0.0887138843536377,20.1684729020539,0.394087284803391
-0.0684647560119629,19.8858254957739,0.39246654510498
-0.225478231906891,18.0090634577764,0.39246654510498
-0.289159685373306,15.4895746194787,0.39246654510498
-0.301932990550995,14.6078714036545,0.290416032075882
-0.357816308736801,12.0207987823686,0.290416032075882
-0.285690069198608,7.72872318492942,0.290416032075882
-0.306883901357651,5.94155001158502,0.0655787140130997
-0.294468820095062,1.33071988351506,0.0655787140130997
-0.185842514038086,6.99529522456802,0.0655787140130997
-0.0309791564941406,10.2241668822619,-0.0682998448610306
-0.0265418291091919,10.9659521254831,-0.0682998448610306
-0.0593898892402649,11.8450653283198,-0.0682998448610306
-0.0878841876983643,12.5365161139065,0.0532175041735172
-0.102540373802185,10.5811454795489,0.0532175041735172
-0.0909451842308044,9.11971045607222,0.0532175041735172
-0.0464664697647095,9.96865485652623,0.26966068148613
-0.11375492811203,11.9449449311423,0.26966068148613
-0.0724601745605469,16.5945904484937,0.26966068148613
-0.133557200431824,19.7419434345414,0.391568183898926
-0.197144329547882,21.6574999461825,0.391568183898926
-0.207363545894623,23.2697704672415,0.391568183898926
-0.244339346885681,23.7514383597124,0.34822490811348
-0.149630218744278,21.923416787469,0.34822490811348
-0.0280072540044785,18.8413565791565,0.34822490811348
-0.0299276740988716,17.1355143455322,0.14999358355999
0.0107812434434891,15.3019584009882,0.14999358355999
0.0543859414756298,17.0525960680106,0.14999358355999
0.0297659635543823,20.9788782478575,0.201868817210197
0.0752373933792114,22.0858752394702,0.201868817210197
-0.0353280305862427,25.1100380034979,0.201868817210197
-0.119692772626877,26.6761223970604,0.417517751455307
-0.0692761540412903,27.1879233313081,0.417517751455307
-0.0299606770277023,25.1805428291447,0.417517751455307
-0.0581097528338432,18.5328962804694,0.368482798337936
-0.00453655421733856,14.2170043525848,-0.0510362684726715
-0.106454730033875,16.4383792228951,-0.2921482026577
-0.0687846690416336,22.6116239958185,-0.2921482026577
-0.0862373411655426,28.1512504558796,-0.2921482026577
-0.0439431667327881,28.6317517074199,-0.34444522857666
0.0258499383926392,27.749804758195,-0.34444522857666
-0.00234931707382202,26.6498904106899,-0.34444522857666
-0.0198361277580261,26.1424178950171,-0.269394129514694
-0.106895923614502,23.9506988508035,-0.269394129514694
-0.207044720649719,21.3882807761264,-0.269394129514694
-0.150876224040985,21.2568336025456,-0.227535143494606
-0.0610039234161377,23.345108233404,-0.227535143494606
0.0108869671821594,25.9352790423895,-0.227535143494606
0.0287169814109802,27.628572067486,-0.275532722473145
0.024095356464386,31.5252061266059,-0.275532722473145
0.0423300266265869,35.2403038768064,-0.275532722473145
0.0526540875434875,36.2465920522483,-0.207415014505386
0.0447667241096497,32.917261215845,-0.207415014505386
0.0414915084838867,28.8620715965989,-0.207415014505386
0.0482714176177979,28.442919935529,0.120153747498989
0.044996976852417,24.9677392463531,0.120153747498989
-0.0485770702362061,24.6341059343788,0.120153747498989
-0.132753908634186,24.9068652820339,0.337241590023041
-0.164497256278992,24.2081058414135,0.337241590023041
-0.0613464713096619,22.7960759016913,0.337241590023041
0.0405697226524353,20.6274671188702,0.317858546972275
0.0416035056114197,17.9438414466577,0.317858546972275
-0.0342628955841064,15.0357505489355,0.317858546972275
-0.0580024123191833,12.5482631428443,0.270938515663147
0.0196663737297058,10.945216062437,0.270938515663147
0.0249552130699158,10.2952246765017,0.270938515663147
-0.026055634021759,10.1249106079166,0.259418696165085
0.00792229175567627,10.9715674788676,0.259418696165085
-0.047030508518219,12.2322443078637,0.259418696165085
-0.188776433467865,12.9792330804696,0.30017164349556
-0.196000099182129,14.6586096454439,0.30017164349556
-0.1441590487957,16.5943556211153,0.30017164349556
-0.115814685821533,17.2133384469337,0.340675860643387
-0.0615472793579102,16.7916553226519,0.340675860643387
-0.0648587346076965,15.8596929577439,0.340675860643387
-0.0253763794898987,15.1275917619568,0.3571637570858
-0.0439472496509552,14.9211825229648,0.3571637570858
-0.0632654130458832,15.0241891917375,0.3571637570858
-0.0846752822399139,15.1171093280928,0.394087284803391
-0.050275057554245,17.0538732984491,0.394087284803391
-0.115639388561249,19.7178892696338,0.394087284803391
-0.0834672451019287,20.5586152263686,0.39246654510498
-0.14786970615387,19.2919687346752,0.39246654510498
-0.242332488298416,17.229411475899,0.39246654510498
-0.248574793338776,16.4077143741115,0.290416032075882
-0.276782661676407,13.0987231870813,0.290416032075882
-0.270142436027527,7.93043180143918,0.290416032075882
-0.293983101844788,6.30868271870666,0.0655787140130997
-0.282180905342102,3.24762760391718,0.0655787140130997
-0.204267024993896,8.49230656497063,0.0655787140130997
-0.0968619585037231,11.3454854588919,-0.0682998448610306
-0.0212476849555969,11.4494234625766,-0.0682998448610306
-0.0490630865097046,11.7691844576326,-0.0682998448610306
-0.0697184205055237,12.1636102777163,0.0532175041735172
-0.0845680832862854,9.51316008465109,0.0532175041735172
-0.105972230434418,7.0751500885985,0.0532175041735172
-0.0796416997909546,8.32480745608493,0.26966068148613
-0.12906801700592,10.5318254892883,0.26966068148613
-0.142503291368484,14.7299383981562,0.26966068148613
-0.163840174674988,17.5643153991923,0.391568183898926
-0.165183961391449,19.7960746898386,0.391568183898926
-0.180653750896454,22.4931034404813,0.391568183898926
-0.258801370859146,24.3591042205354,0.34822490811348
-0.199931591749191,24.3069060915834,0.34822490811348
-0.134762182831764,23.4284803970653,0.34822490811348
-0.0815053358674049,23.4513921966333,0.14999358355999
0.0196252465248108,23.0854533710135,0.14999358355999
0.0577816066797823,24.3915446041948,0.14999358355999
0.0208165049552917,24.4142376697568,0.201868817210197
0.12963730096817,24.4773844070732,0.201868817210197
0.00555956363677979,26.1787359566952,0.201868817210197
-0.0541719198226929,27.837680041137,0.417517751455307
-0.0756283402442932,30.951976020273,0.417517751455307
-0.105438262224197,32.4161833344472,0.417517751455307
-0.0345298647880554,29.132271968433,0.368482798337936
0.0162198543548584,22.598585828191,0.368482798337936
-0.0273128225235268,17.3517401122966,0.368482798337936
-0.0663237981498241,12.9768861795735,0.221860885620117
-0.0724879615008831,8.97095525703091,0.221860885620117
-0.0704641658812761,5.63098525312385,0.221860885620117
-0.0431724837981164,2.87959311852096,0.145432382822037
-0.0161412879824638,10.609518440912,-0.0510362684726715
-0.135734163224697,12.9464997349344,-0.2921482026577
-0.0883503351360559,20.8956537439719,-0.2921482026577
0.0537058860063553,28.3696083365984,-0.2921482026577
0.0187390446662903,29.1403059955067,-0.34444522857666
0.0469591617584229,28.541805607678,-0.34444522857666
0.0384058356285095,27.8577956469371,-0.34444522857666
-0.00205552577972412,27.5955990185311,-0.269394129514694
-0.0414891242980957,26.6522605648208,-0.269394129514694
-0.0657854080200195,25.3789939538696,-0.269394129514694
-0.0807904601097107,25.1565152960191,-0.227535143494606
0.00920981168746948,26.7963990113693,-0.227535143494606
0.0361125469207764,29.1073098965596,-0.227535143494606
0.0513181090354919,30.8658401443341,-0.275532722473145
0.0502891540527344,34.1164880561854,-0.275532722473145
0.0657657384872437,37.0265391880292,-0.275532722473145
0.0463862419128418,37.9824854297895,-0.207415014505386
0.0264895558357239,34.9550879431024,-0.207415014505386
0.00597184896469116,31.3533056789827,-0.207415014505386
0.0530633330345154,31.2087271090123,0.120153747498989
0.0484287738800049,28.3087683791405,0.120153747498989
-0.105838775634766,28.3212578535193,0.120153747498989
-0.165963351726532,28.8389910263341,0.337241590023041
-0.070078432559967,28.6282977104223,0.337241590023041
-0.00316452980041504,27.6110557236665,0.337241590023041
0.0284651517868042,25.3235293745455,0.317858546972275
0.0278850793838501,22.4159791500206,0.317858546972275
-0.0136751532554626,19.3804556738483,0.317858546972275
-0.0669586658477783,16.7807002933337,0.270938515663147
-0.0581157207489014,14.7055338923739,0.270938515663147
0.0115242600440979,13.3278661983538,0.270938515663147
-0.0201513767242432,12.6891880990233,0.259418696165085
-0.0290949940681458,12.7852110734466,0.259418696165085
-0.0726518034934998,13.2807060056748,0.259418696165085
-0.206738650798798,13.7391751698554,0.30017164349556
-0.202485799789429,15.2189738488754,0.30017164349556
-0.166613399982452,17.0685581231361,0.30017164349556
-0.143174350261688,17.9286620072186,0.340675860643387
-0.090397447347641,17.4062388322976,0.340675860643387
-0.113049894571304,16.184142598866,0.340675860643387
-0.112266808748245,15.5324197828931,0.3571637570858
-0.114161819219589,14.8885174439727,0.3571637570858
-0.0862850248813629,13.83988878599,0.3571637570858
-0.104515343904495,12.9473773376708,0.394087284803391
-0.140004396438599,15.0159913532753,0.394087284803391
-0.116370499134064,18.5971799437468,0.394087284803391
-0.0749394297599792,19.8836693999795,0.39246654510498
-0.105116069316864,19.5267629711607,0.39246654510498
-0.206528782844543,18.721413557121,0.39246654510498
-0.261174023151398,18.3023980328579,0.290416032075882
-0.241381466388702,14.7374445073325,0.290416032075882
-0.206799745559692,9.29932846157435,0.290416032075882
-0.276150286197662,8.13195098850301,0.0655787140130997
-0.267815172672272,5.8507858325586,0.0655787140130997
-0.214925646781921,11.0981946194658,0.0655787140130997
-0.11093944311142,13.9143496607707,-0.0682998448610306
-0.0289051532745361,13.2872361421102,-0.0682998448610306
-0.0859262943267822,12.7771038107508,-0.0682998448610306
-0.0709357857704163,12.7625710549921,0.0532175041735172
-0.0742806196212769,9.73849035520393,0.0532175041735172
-0.0602278113365173,6.13171931858373,0.0532175041735172
-0.0912035703659058,7.20211629777171,0.26966068148613
-0.0954080820083618,9.35868373665663,0.26966068148613
-0.151287734508514,13.1758801517468,0.26966068148613
-0.156635642051697,15.8278514006052,0.391568183898926
-0.104576468467712,18.0163381245025,0.391568183898926
-0.137985944747925,21.0318390689032,0.391568183898926
-0.223206102848053,23.7977213345641,0.34822490811348
-0.253832161426544,25.2759921920853,0.34822490811348
-0.224561423063278,26.0961194989652,0.34822490811348
-0.233563184738159,27.261624206323,0.14999358355999
-0.119621306657791,27.8841754782467,0.14999358355999
-0.044279158115387,28.9372531512618,0.14999358355999
-0.0807768404483795,29.498918759085,0.0236579440534115
-0.0452887713909149,28.8090636045211,0.0236579440534115
-0.0613703727722168,28.2537273390314,0.0236579440534115
0.0318267345428467,27.9601704563578,0.201868817210197
0.055212140083313,26.5869618946312,0.201868817210197
0.106782972812653,26.1618820160369,0.201868817210197
0.00928336381912231,27.0947777648499,0.201868817210197
0.0456410050392151,28.4557638899987,0.417517751455307
-0.116167962551117,32.2329020704907,0.417517751455307
-0.117852389812469,35.3579978844518,0.417517751455307
0.0055219829082489,35.2401580675984,0.368482798337936
0.046992614865303,31.8105752844109,0.368482798337936
0.00132594630122185,26.4421613246692,0.368482798337936
-0.017714673653245,20.5765026628669,0.221860885620117
-0.0244756559841335,14.7871349256975,0.221860885620117
-0.0297761587426066,10.0890518843402,0.221860885620117
-0.0275220850016922,6.07465822350776,0.145432382822037
-0.0358521491289139,7.20892012158057,0.0447826646268368
-0.138765382580459,9.58806417463304,-0.213401958346367
-0.163301195949316,18.9237490134709,-0.213401958346367
-0.0368136987090111,28.2763167002828,-0.213401958346367
-0.0233003497123718,29.3321442907445,-0.388247638940811
0.00053936243057251,28.9002013518581,-0.388247638940811
0.0554405450820923,28.346351369048,-0.388247638940811
0.0284903645515442,28.0628447772309,-0.390126973390579
-0.00884389877319336,28.4926339997149,-0.390126973390579
0.0224093794822693,29.063656730192,-0.390126973390579
0.0102916359901428,29.2902460895828,-0.365578085184097
0.0548201203346252,30.652982540713,-0.365578085184097
0.00843268632888794,32.4853253420913,-0.365578085184097
0.0449880957603455,33.864646184006,-0.345316290855408
0.0723240375518799,36.0577313844218,-0.345316290855408
0.0505902767181396,38.0129047812348,-0.345316290855408
0.00218993425369263,38.8081755970089,-0.217042550444603
-0.0118158459663391,35.6155926342314,-0.217042550444603
-0.00984537601470947,31.6687132865093,-0.217042550444603
0.030235230922699,31.2787803828941,0.145802870392799
-0.00380390882492065,27.8626037412669,0.145802870392799
-0.137099146842957,27.7448734292786,0.145802870392799
-0.123252391815186,28.3365528844437,0.419808387756348
-0.0593504905700684,28.6311558162167,0.419808387756348
-0.0347805023193359,28.6118169855186,0.419808387756348
-0.0481924414634705,26.9582685063227,0.45960807800293
0.0176029205322266,24.5273328297615,0.45960807800293
0.0218988060951233,22.0036017173124,0.45960807800293
-0.0648165941238403,19.9222408024154,0.420872718095779
-0.079146683216095,17.8837192001214,0.420872718095779
0.0337701439857483,16.1329963841317,0.420872718095779
-0.0984602570533752,15.2869643451292,0.383541435003281
-0.0582802891731262,14.8680127078559,0.383541435003281
0.00715720653533936,14.6985270900984,0.383541435003281
-0.121378660202026,14.8525395647446,0.372325211763382
-0.164771914482117,16.0691225832504,0.372325211763382
-0.186553418636322,17.645271257159,0.372325211763382
-0.164311975240707,18.3484310202158,0.341952264308929
-0.164582550525665,17.258640038712,0.341952264308929
-0.170561373233795,15.4009195097354,0.341952264308929
-0.15333679318428,14.7216420964982,0.28162670135498
-0.22769632935524,13.7155427267733,0.28162670135498
-0.139827519655228,11.9597684110667,0.28162670135498
-0.117775529623032,10.7602645916397,0.319106847047806
-0.146195709705353,13.0818831174265,0.319106847047806
-0.108274787664413,17.1727164662069,0.319106847047806
-0.0266364812850952,18.5982851817298,0.388170212507248
-0.0764831304550171,19.1019110269179,0.388170212507248
-0.136589854955673,19.7144365588845,0.388170212507248
-0.197094708681107,19.8498503831114,0.319462269544601
-0.232089817523956,16.249972503536,0.319462269544601
-0.207287490367889,10.4625497966401,0.319462269544601
-0.28125125169754,8.60137909577435,0.0596802309155464
-0.207557559013367,3.67396507757399,0.0596802309155464
-0.110256910324097,11.746431573554,0.0596802309155464
-0.0108580589294434,15.767582941458,-0.110881485044956
-0.0148463249206543,15.0524287978704,-0.110881485044956
-0.0659011602401733,14.061105293069,-0.110881485044956
-0.060384213924408,13.7875620944927,-0.0219496674835682
-0.0522131323814392,10.7989786473831,-0.0219496674835682
0.00747132301330566,6.68330289782905,-0.0219496674835682
-0.0323092341423035,7.14609801014368,0.16631518304348
-0.112722277641296,8.81736775118521,0.16631518304348
-0.199624001979828,12.1140650949582,0.16631518304348
-0.150665819644928,14.7254789815571,0.295729577541351
-0.106800436973572,16.763990550088,0.295729577541351
-0.116780877113342,19.4109237055427,0.295729577541351
-0.141924321651459,22.0661497940338,0.285046398639679
-0.259283483028412,23.8962410103774,0.285046398639679
-0.279907524585724,25.1917507117837,0.285046398639679
-0.216245114803314,26.584472776351,0.145277082920074
-0.136004447937012,27.5104482789095,0.145277082920074
-0.0632851123809814,28.6060234389722,0.145277082920074
-0.0176624059677124,29.0344035773259,0.0550877898931503
0.0104665160179138,28.405947230407,0.0550877898931503
-0.079308807849884,27.8588873285465,0.0550877898931503
-0.00188571214675903,27.4342897451734,0.203568294644356
0.0744841694831848,25.8865687810222,0.203568294644356
0.0524296164512634,25.3484076217758,0.203568294644356
0.000139236450195312,26.206239653944,0.203568294644356
0.0247843861579895,27.2769492473454,0.422179371118546
-0.073120653629303,30.3689133755849,0.422179371118546
-0.05269455909729,33.0754249449656,0.422179371118546
-0.0444918870925903,33.7331719654254,0.475770145654678
0.0274559557437897,31.9288972210947,0.475770145654678
0.0646638423204422,28.040349541933,0.475770145654678
0.0118582285940647,23.1721673286588,0.418104082345963
-0.0294673293828964,17.7450754017222,0.418104082345963
-0.00351319462060928,13.6211465684578,0.418104082345963
-0.0176714230328798,9.47245826679195,0.244356274604797
-0.079785430803895,4.20782243722517,0.0447826646268368
-0.104145608842373,5.71510778962455,-0.213401958346367
-0.179458849132061,16.2038904054745,-0.213401958346367
-0.0784929320216179,27.4081461184958,-0.213401958346367
-0.022797703742981,28.8003991143428,-0.388247638940811
-0.00703251361846924,29.0000206642146,-0.388247638940811
0.044120728969574,29.0614499937208,-0.388247638940811
0.046963632106781,28.8639020530559,-0.390126973390579
0.0170090198516846,30.3780422804155,-0.390126973390579
0.0472155809402466,32.3521856409738,-0.390126973390579
0.0483946204185486,33.0484049909054,-0.365578085184097
0.0248926877975464,34.1779012864951,-0.365578085184097
-0.0100592374801636,35.4852932632138,-0.365578085184097
0.0157833099365234,36.4117913176194,-0.345316290855408
0.0345814228057861,37.7270158491464,-0.345316290855408
0.0076032280921936,38.9991287747607,-0.345316290855408
-0.0134683847427368,39.7405485790302,-0.217042550444603
0.0165990591049194,36.2261741034155,-0.217042550444603
0.0265859365463257,31.5225948991489,-0.217042550444603
0.0222365856170654,30.4362847900985,0.145802870392799
-0.0196307301521301,26.0721332927227,0.145802870392799
-0.0915033221244812,25.7181859696394,0.145802870392799
-0.0941563248634338,26.4604506652164,0.419808387756348
-0.10796719789505,27.4848677147479,0.419808387756348
-0.142655909061432,28.8587595579222,0.419808387756348
-0.094672679901123,28.20368967851,0.45960807800293
-0.00667935609817505,26.6011161246905,0.45960807800293
0.0549013614654541,24.8943538481954,0.45960807800293
-0.00258761644363403,23.5202865889781,0.420872718095779
-0.0647698044776917,21.7770893014671,0.420872718095779
0.0127774477005005,19.9015724017487,0.420872718095779
-0.0732842683792114,18.7645182402762,0.383541435003281
-0.0158061981201172,17.7271241184204,0.383541435003281
0.0734835267066956,16.7622083129635,0.383541435003281
-0.0598898530006409,16.3210901781917,0.372325211763382
-0.115645706653595,16.8819589516352,0.372325211763382
-0.155286371707916,17.8480592709657,0.372325211763382
-0.146190285682678,18.1824409793477,0.341952264308929
-0.138796389102936,16.5595985153199,0.341952264308929
-0.077475368976593,14.2437275082471,0.341952264308929
-0.116966784000397,13.781102273015,0.28162670135498
-0.15331906080246,12.8057155661323,0.28162670135498
-0.155506491661072,11.100150150027,0.28162670135498
-0.144516050815582,10.4168165746766,0.319106847047806
-0.136240303516388,12.6712618537487,0.319106847047806
-0.0883669555187225,16.2861903479242,0.319106847047806
-0.086433082818985,17.3627434081678,0.388170212507248
-0.110507786273956,18.0575575926732,0.388170212507248
-0.166297614574432,19.3101895184874,0.388170212507248
-0.208169311285019,19.8396435327079,0.319462269544601
-0.196678340435028,16.6696014735777,0.319462269544601
-0.165812849998474,11.5423073363394,0.319462269544601
-0.171020030975342,9.81359029499648,0.0596802309155464
-0.112348914146423,4.82117668387865,0.0596802309155464
-0.0646215081214905,12.2404631989621,0.0596802309155464
0.0100165605545044,16.3210848462462,-0.110881485044956
0.00078505277633667,15.5932739523082,-0.110881485044956
-0.0121261477470398,14.5597733118742,-0.110881485044956
0.0192824006080627,14.16320341513,-0.0219496674835682
0.0511028170585632,11.3617623754788,-0.0219496674835682
0.0370156764984131,7.06749108293045,-0.0219496674835682
-0.00252771377563477,7.00629768563376,0.16631518304348
-0.0504832863807678,8.18151713964714,0.16631518304348
-0.147413372993469,10.9674921161598,0.16631518304348
-0.113354742527008,13.5990934134726,0.295729577541351
-0.0930747389793396,15.5514045021943,0.295729577541351
-0.0823512673377991,17.7371774264828,0.295729577541351
-0.0821569561958313,19.8489163225505,0.285046398639679
-0.169820189476013,21.4386132073691,0.285046398639679
-0.203445553779602,22.9060860455449,0.285046398639679
-0.105196833610535,24.6448479288926,0.145277082920074
-0.0748627781867981,26.0886409230101,0.145277082920074
-0.051214337348938,27.4866566210742,0.145277082920074
-0.0172080397605896,28.0266925591301,0.0550877898931503
-0.0495059490203857,27.4717720554053,0.0550877898931503
-0.0454583764076233,26.5642519412788,0.0550877898931503
-0.000140726566314697,25.3898464512226,0.203568294644356
0.0978962182998657,23.0098343651491,0.203568294644356
0.0499755144119263,21.9686499922056,0.203568294644356
0.0261344313621521,22.600626885175,0.203568294644356
-0.0182856917381287,23.2065169156599,0.422179371118546
-0.0373857021331787,25.5723682624481,0.422179371118546
-0.0189955234527588,27.3804005776911,0.422179371118546
-0.0761823058128357,28.1269851287522,0.475770145654678
-0.0815032124519348,28.3273338043001,0.475770145654678
-0.0671359002590179,27.2519411186177,0.475770145654678
-0.0549960732460022,24.5698180015947,0.418104082345963
-0.0336966961622238,20.566027491083,0.418104082345963
-0.0121008306741714,17.3871310532194,0.418104082345963
0.0049789696931839,12.8791334787436,0.244356274604797
-0.0994592867791653,2.36079830978763,0.0447826646268368
-0.161259626038373,3.21773518061325,-0.213401958346367
-0.167646082118154,14.4407288901707,-0.213401958346367
-0.0892543569207191,26.5527806701834,-0.213401958346367
-0.00268937647342682,28.0768251394789,-0.388247638940811
-0.076080858707428,29.4157894982617,-0.388247638940811
0.0197983980178833,30.7686696847472,-0.388247638940811
0.0305874943733215,30.870497057614,-0.390126973390579
0.0345414280891418,32.8331853137867,-0.390126973390579
0.00480788946151733,35.2270291133461,-0.390126973390579
0.0157057642936707,36.0175547475254,-0.365578085184097
-0.051885724067688,36.7708679534516,-0.365578085184097
-0.000926852226257324,37.5519530123269,-0.365578085184097
0.0147749781608582,38.1685036836199,-0.345316290855408
0.0224809050559998,39.0905853040664,-0.345316290855408
-0.00199943780899048,40.0855043031655,-0.345316290855408
-0.00968289375305176,40.8030742455379,-0.217042550444603
0.0686518549919128,36.7314493096586,-0.217042550444603
0.0643196702003479,31.1032098462533,-0.217042550444603
0.0314449071884155,29.4565300348756,0.145802870392799
-0.0018799901008606,24.6653050437218,0.145802870392799
-0.0186099410057068,24.2765270248838,0.145802870392799
-0.107111394405365,25.107542281549,0.419808387756348
-0.223351299762726,26.7126237363821,0.419808387756348
-0.202429533004761,29.1190687265753,0.419808387756348
-0.119491577148438,29.1037455779847,0.45960807800293
-0.0813571810722351,28.0056256189422,0.45960807800293
-0.0080227255821228,26.8030578153441,0.45960807800293
-0.0450137257575989,25.892267213996,0.420872718095779
-0.117757499217987,24.5481643770295,0.420872718095779
-0.000602245330810547,22.9267133708084,0.420872718095779
0.0364618897438049,21.829947949424,0.383541435003281
-0.00683456659317017,20.6568437406456,0.383541435003281
0.00530201196670532,19.4268031701302,0.383541435003281
-0.094799816608429,18.6879628013889,0.372325211763382
-0.0703096389770508,18.6284791979717,0.372325211763382
-0.0856210589408875,18.9143766290318,0.372325211763382
-0.129497289657593,18.9608458757697,0.341952264308929
-0.0676715970039368,17.3976392099309,0.341952264308929
-0.0635297894477844,15.1796578853864,0.341952264308929
-0.122023403644562,14.6807584082165,0.28162670135498
-0.0999879837036133,13.3920224032291,0.28162670135498
-0.16930741071701,11.5547750771925,0.28162670135498
-0.117336988449097,11.440420306783,0.319106847047806
-0.124293804168701,13.5255204724395,0.319106847047806
-0.156837463378906,16.0464318645111,0.319106847047806
-0.165377974510193,16.5036532204529,0.388170212507248
-0.147955745458603,16.5746030694263,0.388170212507248
-0.19213205575943,17.1574826905655,0.388170212507248
-0.210929870605469,17.657090162856,0.319462269544601
-0.208135008811951,15.5789717580219,0.319462269544601
-0.111592233181,12.6449315494351,0.319462269544601
-0.0564591884613037,12.5941012261725,0.0596802309155464
-0.0368419885635376,10.7742283492769,0.0596802309155464
-0.0234829187393188,13.7269896342873,0.0596802309155464
-0.0190451145172119,15.4719333591112,-0.110881485044956
0.000828385353088379,14.4474719225107,-0.110881485044956
0.04179447889328,13.947270174978,-0.110881485044956
0.0692242383956909,13.7857605885405,-0.0219496674835682
0.0855793356895447,11.7408992026238,-0.0219496674835682
0.0321102142333984,8.50247658377949,-0.0219496674835682
-0.00121790170669556,8.27831639548839,0.16631518304348
0.017742931842804,8.42410142341422,0.16631518304348
-0.0623973608016968,10.1556908478892,0.16631518304348
-0.0769147276878357,12.7031258967936,0.295729577541351
-0.0685596466064453,14.6623204002435,0.295729577541351
-0.0936213135719299,16.5875934260711,0.295729577541351
-0.0900682806968689,18.2834717051052,0.285046398639679
-0.0880123972892761,19.6086324041791,0.285046398639679
-0.0891110897064209,21.1934224182488,0.285046398639679
-0.0573113560676575,23.2187160273035,0.145277082920074
-0.044158399105072,25.0878620220729,0.145277082920074
-0.098389208316803,26.6957226465911,0.145277082920074
-0.0450689196586609,27.2924409251289,0.0550877898931503
-0.0200483202934265,26.6986330904213,0.0550877898931503
-0.00484752655029297,25.3260049173802,0.0550877898931503
0.0345999002456665,23.4420808686322,0.203568294644356
0.094813346862793,20.5843328349597,0.203568294644356
0.0145320296287537,19.5063504722287,0.203568294644356
0.0736860632896423,20.0637875872744,0.203568294644356
0.0171759128570557,20.3885408218353,0.422179371118546
-0.0410487651824951,22.3366469732176,0.422179371118546
-0.0614670515060425,23.4944599531521,0.422179371118546
-0.137603342533112,24.25106319618,0.475770145654678
-0.14064884185791,25.9141696605033,0.475770145654678
-0.0959543585777283,26.5752928537815,0.475770145654678
-0.109606623649597,25.464939873572,0.418104082345963
-0.0986299514770508,23.1809731003759,0.418104082345963
-0.0815394520759583,21.125412972812,0.418104082345963
-0.0508758723735809,16.1292119388133,0.244356274604797
-0.0688146315515041,1.38952629822592,0.0942825824022293
-0.0998273342847824,2.30706712802549,-0.15779159963131
-0.076985981548205,13.476987072908,-0.15779159963131
-0.0446985447779298,25.9225848717438,-0.15779159963131
0.0051182433962822,27.4369348728283,-0.402287989854813
-0.116875916719437,30.0123704611293,-0.402287989854813
0.0671219229698181,32.778889355277,-0.402287989854813
0.0132743120193481,33.1427904383551,-0.452533215284348
0.0152580738067627,35.1179156619569,-0.452533215284348
0.0453401803970337,37.4578524127453,-0.452533215284348
0.0493826866149902,38.169590677364,-0.45054617524147
-0.0455023050308228,38.5742455717362,-0.45054617524147
0.051115870475769,38.9942153170459,-0.45054617524147
0.0543729066848755,39.5280996896222,-0.412352442741394
0.0615053176879883,40.3024835513097,-0.412352442741394
0.028632640838623,41.0683399874601,-0.412352442741394
0.010123610496521,41.5951313273707,-0.254599124193192
0.0746778845787048,36.7242379260028,-0.254599124193192
0.0654909014701843,30.1787263759811,-0.254599124193192
0.0485703349113464,28.5044386552294,0.130787715315819
0.0487223267555237,24.0512894897415,0.130787715315819
-0.0128019452095032,23.9285610457795,0.130787715315819
-0.0735399127006531,24.7834185541293,0.447977542877197
-0.1523317694664,26.7177193916026,0.447977542877197
-0.149773985147476,29.6925857568072,0.447977542877197
-0.1317298412323,29.9351961193115,0.532058894634247
-0.156558096408844,29.0032220944169,0.532058894634247
-0.162614941596985,27.9357482458615,0.532058894634247
-0.169190049171448,27.1034301389169,0.517561912536621
-0.106831550598145,25.9153928868033,0.517561912536621
-0.0141386985778809,24.4957297058782,0.517561912536621
-0.00868445634841919,23.5061843491595,0.489531874656677
-0.0776504874229431,22.3863764157192,0.489531874656677
-0.0544669032096863,21.1913862159233,0.489531874656677
-0.0754698514938354,20.4729645939521,0.455997169017792
-0.0548186898231506,20.0383773656214,0.455997169017792
-0.029044508934021,19.7777778998423,0.455997169017792
-0.0653172731399536,19.6611353514035,0.410159558057785
-0.0585129857063293,18.4749919783784,0.410159558057785
-0.0966518521308899,16.776902842578,0.410159558057785
-0.11681467294693,16.2902060733989,0.333550453186035
-0.0908932089805603,14.4266400933744,0.333550453186035
-0.119888961315155,11.7423158506421,0.333550453186035
-0.0586782693862915,11.1652897902653,0.312535971403122
-0.0733077526092529,12.5399704285845,0.312535971403122
-0.106989204883575,14.1382887069191,0.312535971403122
-0.127871453762054,14.3894181886347,0.35569179058075
-0.180858671665192,14.1846360656061,0.35569179058075
-0.238175630569458,14.3092625430674,0.35569179058075
-0.262170851230621,14.9402437564426,0.328024923801422
-0.165173947811127,13.9039311042928,0.328024923801422
-0.040798008441925,12.3164316099486,0.328024923801422
-0.00601077079772949,12.592824687445,0.151171177625656
-0.0328633785247803,11.4118501694032,0.151171177625656
-0.0211960077285767,12.5915533450353,0.151171177625656
-0.0154256820678711,13.0319360657534,-0.0385647900402546
0.0330547094345093,12.3538902741669,-0.0385647900402546
0.0907032489776611,12.8950430786525,-0.0385647900402546
0.089713454246521,13.1598846926423,-0.0615144520998001
0.0473661422729492,12.0801688822677,-0.0615144520998001
0.000997841358184814,10.4891274735777,-0.0615144520998001
-0.00670504570007324,10.5621914576902,0.0578253418207169
0.015403687953949,9.55362739514561,0.0578253418207169
-0.00279158353805542,9.62790481336094,0.0578253418207169
-0.0722751617431641,11.8391069311197,0.180376559495926
-0.0800420641899109,13.846525659753,0.180376559495926
-0.105985701084137,15.7823926860974,0.180376559495926
-0.0825651884078979,17.5020720063257,0.167260557413101
-0.0919681191444397,18.9520669252191,0.167260557413101
-0.103607535362244,20.7806258966813,0.167260557413101
-0.0786506533622742,22.9040237898965,0.0865361616015434
-0.0618617534637451,24.8481756834196,0.0865361616015434
-0.0404935479164124,26.3678232624441,0.0865361616015434
-0.00666433572769165,26.8445904788401,0.0859036967158318
0.000274717807769775,26.1415826766946,0.0859036967158318
-0.0172721147537231,24.5919382332359,0.0859036967158318
0.0108330249786377,22.6633623783742,0.244452029466629
0.0488009452819824,20.242997770883,0.244452029466629
0.00902068614959717,19.7685205372223,0.244452029466629
0.0900970697402954,20.3899023606314,0.244452029466629
0.0415382385253906,20.677138997689,0.413824021816254
-0.0409599542617798,22.4485102440902,0.413824021816254
-0.0787233710289001,23.4508120030713,0.413824021816254
-0.0934755206108093,24.2892138839286,0.506770133972168
-0.0892311930656433,26.2136265654902,0.506770133972168
-0.0893628597259521,27.004027661364,0.506770133972168
-0.10112988948822,26.4410266819901,0.530114710330963
-0.116195976734161,25.5536738913804,0.530114710330963
-0.136472463607788,24.5655419706092,0.530114710330963
-0.120232820510864,19.1267294901153,0.325950384140015
0.00378262437880039,25.7594252048547,-0.15779159963131
0.00185823068022728,27.2574858399028,-0.402287989854813
-0.0682905912399292,30.7271021308034,-0.402287989854813
0.0467097759246826,34.5262666400115,-0.402287989854813
0.0422467589378357,35.1740872830254,-0.452533215284348
0.0607914328575134,37.1411931032195,-0.452533215284348
0.103883326053619,39.3479962555074,-0.452533215284348
0.113894045352936,39.9234486981616,-0.45054617524147
0.024217963218689,40.1604465349848,-0.45054617524147
0.084581196308136,40.4900716995817,-0.45054617524147
0.0948176980018616,41.0382002011717,-0.412352442741394
0.0632015466690063,41.3316948222228,-0.412352442741394
0.0503962635993958,41.2675032239105,-0.412352442741394
0.0422661900520325,41.1704904857437,-0.254599124193192
0.0689781308174133,35.2026020237631,-0.254599124193192
0.107381403446198,27.4669072981155,-0.254599124193192
0.0838947296142578,26.1434681391939,0.130787715315819
0.0621313452720642,21.9073934115189,0.130787715315819
-0.0978599190711975,22.2342035244658,0.130787715315819
-0.113862216472626,23.3012588312974,0.447977542877197
-0.137994170188904,25.7776135570514,0.447977542877197
-0.154726564884186,29.6115754999817,0.447977542877197
-0.170382738113403,30.46026154565,0.532058894634247
-0.183258235454559,30.13623717012,0.532058894634247
-0.201328635215759,29.5449838029883,0.532058894634247
-0.208936870098114,28.9053234152921,0.517561912536621
-0.100579857826233,27.9343693571537,0.517561912536621
-0.0358222723007202,26.7629423425657,0.517561912536621
-0.0160974860191345,25.877860521369,0.489531874656677
-0.0883881449699402,24.8160712195606,0.489531874656677
-0.0730511546134949,23.6381429115591,0.489531874656677
-0.0967069864273071,22.8412333882477,0.455997169017792
-0.0886712670326233,21.8553884011244,0.455997169017792
-0.0390413403511047,20.9208438260345,0.455997169017792
-0.0158005356788635,20.6808246728132,0.410159558057785
-0.0109685063362122,19.8529016834474,0.410159558057785
-0.0451995730400085,18.6174247009944,0.410159558057785
-0.00782597064971924,18.1766925996133,0.333550453186035
-0.0362483859062195,16.0561774516099,0.333550453186035
-0.0762962698936462,12.9953629234931,0.333550453186035
-0.0630842447280884,12.0103011137495,0.312535971403122
-0.0461105704307556,12.6584690139216,0.312535971403122
-0.0232783555984497,13.8774916467068,0.312535971403122
-0.0344790816307068,14.8050837710537,0.35569179058075
-0.139735698699951,15.4542081311466,0.35569179058075
-0.170967757701874,16.2339828176005,0.35569179058075
-0.183180153369904,17.3970860516801,0.328024923801422
-0.151451945304871,17.4831879416555,0.328024923801422
-0.09466153383255,16.7083316223181,0.328024923801422
-0.063004732131958,16.2713994239925,0.151171177625656
-0.026239275932312,14.6253339026799,0.151171177625656
0.0666057467460632,13.5789539664666,0.151171177625656
0.0457096099853516,12.280851040554,-0.0385647900402546
0.0221092104911804,11.3186337090453,-0.0385647900402546
0.0838009119033813,12.4364841596644,-0.0385647900402546
0.105003476142883,12.9572556870526,-0.0615144520998001
0.0711855292320251,12.5026012293761,-0.0615144520998001
0.0210990905761719,12.0168470921268,-0.0615144520998001
0.0504497885704041,12.0795426724787,0.0578253418207169
0.0403952598571777,9.91116617294905,0.0578253418207169
0.0560100674629211,7.88273670216724,0.0578253418207169
-0.0260502696037292,9.49145064135594,0.180376559495926
-0.056898295879364,11.5456603715392,0.180376559495926
-0.0857908129692078,13.4437857195406,0.180376559495926
-0.0975213646888733,15.1128519584001,0.167260557413101
-0.120832085609436,16.6233140348629,0.167260557413101
-0.109184563159943,18.6783863375805,0.167260557413101
-0.0851125717163086,20.8271619666694,0.0865361616015434
-0.0262153148651123,22.7084943471421,0.0865361616015434
-0.0171583294868469,24.1743895985407,0.0865361616015434
-0.0346727967262268,24.6881173920363,0.0859036967158318
-0.00263673067092896,24.0240227329791,0.0859036967158318
-0.0237385630607605,22.6032242482465,0.0859036967158318
-0.03597491979599,21.101184293411,0.244452029466629
0.0695622563362122,19.432898041276,0.244452029466629
0.0883678793907166,19.6837793955081,0.244452029466629
0.097989559173584,20.4082904719371,0.413824021816254
0.0212147831916809,20.6180783720303,0.413824021816254
-0.0770613551139832,22.186691594414,0.413824021816254
-0.095278799533844,22.8742101498916,0.413824021816254
-0.052557110786438,23.6211968384742,0.506770133972168
-0.0658500194549561,25.8101937901187,0.506770133972168
-0.121544003486633,26.7041211471913,0.506770133972168
-0.113036274909973,26.474836819241,0.530114710330963
-0.0773578286170959,26.6993775623157,0.530114710330963
-0.0896239280700684,26.7475097517903,0.530114710330963
-0.0803660154342651,21.2339593382397,0.325950384140015
0.0867596864700317,36.7861279844426,-0.452533215284348
0.089550256729126,38.5875635871193,-0.452533215284348
0.0939173698425293,40.5649606896852,-0.452533215284348
0.0780048966407776,41.0122327681796,-0.45054617524147
0.0624796748161316,41.4232436680586,-0.45054617524147
0.0993669629096985,42.0274954205878,-0.45054617524147
0.0714340209960938,42.6234538953125,-0.412352442741394
0.052337110042572,42.0252885699764,-0.412352442741394
0.0621834993362427,40.6707790712698,-0.412352442741394
0.0946610569953918,39.9929432960618,-0.254599124193192
0.0921276807785034,33.7587903762051,-0.254599124193192
0.0941892862319946,25.8361689144105,-0.254599124193192
0.0762881636619568,24.8541655789267,0.130787715315819
0.017329216003418,20.3874501536141,0.130787715315819
-0.135826885700226,20.8441644337535,0.130787715315819
-0.135510981082916,22.0949936153368,0.447977542877197
-0.0621703267097473,24.875259237226,0.447977542877197
-0.125259280204773,29.1669800949057,0.447977542877197
-0.214948892593384,30.4235681875283,0.532058894634247
-0.18453985452652,30.7516634413108,0.532058894634247
-0.168914496898651,30.7702060948995,0.532058894634247
-0.216463088989258,30.3423950512264,0.517561912536621
-0.15488064289093,29.569141502633,0.517561912536621
-0.00698333978652954,28.6325356992458,0.517561912536621
0.0425449013710022,27.8557637261616,0.489531874656677
-0.0653061866760254,26.9080787673967,0.489531874656677
-0.0835922956466675,25.8384756968973,0.489531874656677
-0.121524751186371,25.0378924245866,0.455997169017792
-0.106698989868164,23.4460378624169,0.455997169017792
-0.069236159324646,21.735800562576,0.455997169017792
-0.00673067569732666,21.4251508687266,0.410159558057785
0.0840882658958435,20.9035554165338,0.410159558057785
0.0547246932983398,20.1628867740494,0.410159558057785
0.0709711313247681,20.2699236494771,0.333550453186035
0.0201007723808289,19.0603006614295,0.333550453186035
-0.0428232550621033,17.2914855834953,0.333550453186035
-0.0255067348480225,17.0891967208403,0.312535971403122
0.00763112306594849,17.7494794980555,0.312535971403122
0.000625193119049072,18.7209050577779,0.312535971403122
-0.00335127115249634,19.7416334883113,0.35569179058075
-0.0689659714698792,20.5763218372469,0.35569179058075
-0.0882685780525208,21.2221473560641,0.35569179058075
-0.0970498323440552,21.8611857044857,0.328024923801422
-0.136462867259979,21.8091585571288,0.328024923801422
-0.150899767875671,20.8533469440732,0.328024923801422
-0.0817980170249939,19.6451583073766,0.151171177625656
-0.0066407322883606,17.2991070224849,0.151171177625656
0.0671139359474182,14.8038419390595,0.151171177625656
0.0836598873138428,12.3301102973574,-0.0385647900402546
0.0484867095947266,10.8404750805718,-0.0385647900402546
0.0616639852523804,12.2286739650642,-0.0385647900402546
0.0883353352546692,12.9680805334771,-0.0615144520998001
0.0242995023727417,12.6882308400089,-0.0615144520998001
0.0190253257751465,12.4928401028499,-0.0615144520998001
0.0582034587860107,12.3873989421182,0.0578253418207169
0.0542117357254028,10.0627492748966,0.0578253418207169
0.0700376629829407,7.18879928123602,0.0578253418207169
0.0251249670982361,8.05567697005425,0.180376559495926
-0.0584805011749268,9.93610434579003,0.180376559495926
-0.153858959674835,11.6348877475875,0.180376559495926
-0.139819025993347,13.2090364755219,0.167260557413101
-0.106388032436371,14.8439121951994,0.167260557413101
-0.0987323522567749,17.2201146845678,0.167260557413101
-0.0569154620170593,19.4079996625657,0.0865361616015434
-0.0278732776641846,21.1211603788174,0.0865361616015434
-0.0808013677597046,22.427793926911,0.0865361616015434
-0.0998237133026123,22.9402699377854,0.0859036967158318
-0.0616760849952698,22.2855044718158,0.0859036967158318
-0.0383170247077942,20.9911001958366,0.0859036967158318
-0.0308557152748108,19.9037942462734,0.244452029466629
0.055816650390625,18.8550773487686,0.244452029466629
0.074191153049469,19.7353476595797,0.244452029466629
0.0812468528747559,20.6115951624254,0.413824021816254
0.00183898210525513,20.8470650422129,0.413824021816254
-0.0677167177200317,22.4449022915034,0.413824021816254
-0.0861209034919739,23.0186223831281,0.413824021816254
-0.0499488711357117,23.8592157237669,0.506770133972168
-0.056577205657959,26.5220374399515,0.506770133972168
-0.104513883590698,27.7154447768929,0.506770133972168
-0.123675048351288,27.5117999686644,0.530114710330963
-0.0327700972557068,27.6976066457874,0.530114710330963
-0.00420480966567993,27.8306847256022,0.530114710330963
0.0210260152816772,22.2356266181708,0.325950384140015
0.0934988260269165,37.9508561223977,-0.465961545705795
0.0802927017211914,39.5829653293784,-0.465961545705795
0.0907450318336487,41.3654874904197,-0.465961545705795
0.101613223552704,41.7672301040113,-0.480002403259277
0.102927327156067,42.5045205877493,-0.480002403259277
0.0894128084182739,43.4513983772133,-0.480002403259277
0.0757600665092468,43.9982869752458,-0.445740431547165
0.0623616576194763,42.376855200055,-0.445740431547165
0.0632951855659485,39.7821974486102,-0.445740431547165
0.0813025832176208,38.8908124012383,-0.283558636903763
0.0888155698776245,33.2947320138225,-0.283558636903763
0.0979883670806885,26.322967009626,-0.283558636903763
0.0455416440963745,25.5070384813284,0.0969815105199814
-0.0194498300552368,20.6582612334513,0.0969815105199814
-0.113234400749207,20.8250679407595,0.0969815105199814
-0.129023015499115,22.1235061117361,0.441516429185867
-0.0218477845191956,24.8312097557898,0.441516429185867
-0.0423732995986938,28.9788584679,0.441516429185867
-0.116942703723907,30.1885776322768,0.553137004375458
-0.165407478809357,30.8606591069766,0.553137004375458
-0.154784262180328,31.3720572799982,0.553137004375458
-0.198091626167297,31.1149301196654,0.566328108310699
-0.206551551818848,30.5069967445054,0.566328108310699
-0.126563549041748,29.7822488302999,0.566328108310699
-0.0596275329589844,29.1134614146103,0.55683708190918
-0.0594850778579712,28.3080916657457,0.55683708190918
-0.0690613985061646,27.4200655891066,0.55683708190918
-0.100079357624054,26.7227893268058,0.514170527458191
-0.0964646339416504,24.5697624876961,0.514170527458191
-0.0905117392539978,21.9806287335802,0.514170527458191
-0.0274091362953186,21.3892700933911,0.449542313814163
0.103376626968384,20.7561379920197,0.449542313814163
0.0472070574760437,19.8935187101586,0.449542313814163
0.0247414112091064,19.9738775322921,0.378699839115143
0.017299473285675,18.8999326073521,0.378699839115143
0.0136493444442749,17.3215197243519,0.378699839115143
0.0328125357627869,17.1549040428409,0.339273899793625
0.0451179146766663,17.6406834527135,0.339273899793625
0.0419983267784119,18.3588871975912,0.339273899793625
0.0244008302688599,19.2479601572765,0.342897087335587
-0.0288541316986084,20.082825196718,0.342897087335587
-0.00740373134613037,20.7553541812076,0.342897087335587
-0.0537931323051453,21.3472529472406,0.32425993680954
-0.0913615226745605,21.4977659756689,0.32425993680954
-0.0564232468605042,20.8986367026308,0.32425993680954
-0.00655931234359741,19.8983927407565,0.235009998083115
-0.00734102725982666,17.6418461244295,0.235009998083115
-0.00877898931503296,14.7128229904608,0.235009998083115
0.00955039262771606,11.8486298636313,0.0790217891335487
0.0481851100921631,9.88030784319033,0.0790217891335487
0.0247914791107178,11.4382672037849,0.0790217891335487
0.052885890007019,12.41544421438,-0.031978365033865
0.00596094131469727,12.2130097942685,-0.031978365033865
0.0381041169166565,12.2399321234117,-0.031978365033865
0.0403137803077698,12.2312705623861,-0.0103575941175222
0.0721940398216248,10.536878565416,-0.0103575941175222
0.0745411515235901,8.38876986740773,-0.0103575941175222
0.036516547203064,9.00319667272556,0.0695496946573257
-0.0876771211624146,10.4667148718114,0.0695496946573257
-0.225067257881165,11.8367116264851,0.0695496946573257
-0.16572093963623,13.3903241989419,0.0625463649630547
-0.122141778469086,15.3196050380482,0.0625463649630547
-0.0984509587287903,18.0498006417964,0.0625463649630547
-0.0482051372528076,20.2889590089518,0.0364014618098736
-0.058893620967865,21.767751759853,0.0364014618098736
-0.0986518263816833,22.7385780373806,0.0364014618098736
-0.0580983757972717,23.0818599420614,0.116045869886875
-0.0433019995689392,22.3139556115267,0.116045869886875
-0.00684928894042969,20.9633492000593,0.116045869886875
0.00677800178527832,19.9364544679278,0.301175981760025
0.0137993693351746,19.1028212710186,0.301175981760025
0.00835138559341431,20.3432446710217,0.301175981760025
0.0209391713142395,21.3555339198821,0.461816698312759
-0.00503182411193848,21.7262745565063,0.461816698312759
-0.0623934268951416,23.5368404325922,0.461816698312759
-0.0757843852043152,24.2248835190938,0.461816698312759
-0.0612011551856995,25.3065465609807,0.561667621135712
-0.0477057695388794,28.3947009112809,0.561667621135712
-0.0821524262428284,29.8094018720168,0.561667621135712
-0.121557474136353,29.2968664606403,0.591808974742889
-0.0837118625640869,28.7436550283914,0.591808974742889
-0.058762788772583,28.4713400307123,0.591808974742889
-0.0538653135299683,22.7774829576461,0.387378722429276
0.135158479213715,39.7480512983259,-0.465961545705795
0.0982689261436462,41.1019934105538,-0.465961545705795
0.101733565330505,42.5024782549527,-0.465961545705795
0.0827777981758118,42.7582397530791,-0.480002403259277
0.114896893501282,43.4602806410576,-0.480002403259277
0.0980663895606995,44.2692433972219,-0.480002403259277
0.0770637989044189,44.437034948068,-0.445740431547165
0.116249620914459,41.9295670971118,-0.445740431547165
0.0496436953544617,38.5492780510734,-0.445740431547165
0.0684830546379089,37.8235191705484,-0.283558636903763
0.0980767011642456,32.9499097187944,-0.283558636903763
0.113927006721497,26.8481302368973,-0.283558636903763
0.0614222288131714,26.236495862849,0.0969815105199814
0.00379449129104614,21.1687621071191,0.0969815105199814
-0.0747084021568298,21.1746862992793,0.0969815105199814
-0.126944720745087,22.7717148339502,0.441516429185867
-0.0671151876449585,25.5554706131525,0.441516429185867
-0.0236320495605469,29.5082298213816,0.441516429185867
-0.0779193043708801,30.5606832761265,0.553137004375458
-0.182495534420013,31.3927172891031,0.553137004375458
-0.137530326843262,32.3319117543377,0.553137004375458
-0.18038421869278,32.413160484614,0.566328108310699
-0.226528286933899,32.1950880707449,0.566328108310699
-0.184921562671661,31.888621938078,0.566328108310699
-0.148999631404877,31.5159044922428,0.55683708190918
-0.0949501395225525,31.0044039708156,0.55683708190918
-0.00231784582138062,30.4674251473042,0.55683708190918
-0.0189691185951233,30.0967020768572,0.514170527458191
-0.00726646184921265,28.1000842886675,0.514170527458191
-0.0639417767524719,25.4259570466196,0.514170527458191
-0.0583418011665344,24.4776704085463,0.449542313814163
-0.023920476436615,23.449421517331,0.449542313814163
-0.0421562194824219,22.3193669094923,0.449542313814163
-0.0469850897789001,22.2455091398306,0.378699839115143
0.0334467887878418,21.353073163085,0.378699839115143
0.0751981735229492,20.017664879453,0.378699839115143
0.0546064972877502,19.6964795114097,0.339273899793625
0.0261899828910828,19.7367414637164,0.339273899793625
0.0127171277999878,19.7520807996284,0.339273899793625
-0.0378074049949646,19.7958947418203,0.342897087335587
-0.00301909446716309,19.8307898572231,0.342897087335587
0.0534331202507019,19.7780580577455,0.342897087335587
-0.0199345350265503,19.6365909477093,0.32425993680954
-0.0808001756668091,19.3971161462773,0.32425993680954
-0.0484544038772583,19.0734762566473,0.32425993680954
-0.0442648530006409,18.7534248175015,0.235009998083115
-0.0357153415679932,17.3527211730282,0.235009998083115
-0.0172617435455322,15.3534583689668,0.235009998083115
-0.038634717464447,13.681504751021,0.0790217891335487
0.0232470631599426,12.0920569654585,0.0790217891335487
0.0549672245979309,12.5289455132835,0.0790217891335487
0.0767970681190491,12.5873716769955,-0.031978365033865
0.0204929709434509,12.0208792369516,-0.031978365033865
0.0661548972129822,12.2607105297754,-0.031978365033865
0.0496838092803955,12.4071801794246,-0.0103575941175222
0.0788127779960632,11.3025928022905,-0.0103575941175222
0.079136848449707,9.92095067858445,-0.0103575941175222
0.0169398188591003,10.3198095104633,0.0695496946573257
-0.101505041122437,11.3060607822279,0.0695496946573257
-0.197307705879211,12.6322200455601,0.0695496946573257
-0.109101533889771,14.7992285602684,0.0625463649630547
-0.0972824096679688,17.567990326416,0.0625463649630547
-0.140526115894318,20.558952553182,0.0625463649630547
-0.089968740940094,22.5408089392718,0.0364014618098736
-0.0846191644668579,23.5108839126542,0.0364014618098736
-0.107199370861053,23.9266122008745,0.0364014618098736
-0.0282835364341736,23.9538043968083,0.116045869886875
-0.0351606607437134,23.0372590890769,0.116045869886875
-0.0270833373069763,21.7457668765448,0.116045869886875
-0.0239021778106689,20.9667927964351,0.301175981760025
-0.0537570714950562,20.5049519319892,0.301175981760025
-0.0439354777336121,22.039780471436,0.301175981760025
-0.00658273696899414,23.1484273575775,0.461816698312759
-0.00694674253463745,23.6483259918304,0.461816698312759
-0.0692907571792603,25.531960993832,0.461816698312759
-0.0861388444900513,26.2156939344856,0.461816698312759
-0.0848808288574219,27.3239969734377,0.561667621135712
-0.0703214406967163,30.5216289077825,0.561667621135712
-0.0700847506523132,32.0127088148694,0.561667621135712
-0.111566960811615,31.2670610226399,0.591808974742889
-0.133541762828827,30.1353059920897,0.591808974742889
-0.142825305461884,29.4926032320011,0.591808974742889
-0.127994120121002,23.8380548196805,0.387378722429276
-0.0476447939872742,9.8824793279399,0.387378722429276
0.0972143113613129,2.33899225450907,0.387378722429276
0.0574378948658705,1.13733287392751,0.125568211078644
0.0900580286979675,41.4583306046467,-0.465961545705795
0.0834363102912903,42.3984485149361,-0.465961545705795
0.123297214508057,43.271539885845,-0.465961545705795
0.0874493718147278,43.3387729358868,-0.480002403259277
0.115065574645996,43.6886258185418,-0.480002403259277
0.107860326766968,44.0276630824572,-0.480002403259277
0.0851168036460876,43.8449174089049,-0.445740431547165
0.113775372505188,41.2449672816111,-0.445740431547165
0.091557502746582,38.0490536474606,-0.445740431547165
0.095544159412384,37.5963879254998,-0.283558636903763
0.104323506355286,33.1712512580641,-0.283558636903763
0.0964178442955017,27.5422127164236,-0.283558636903763
0.0769608616828918,27.0396104214616,0.0969815105199814
0.03376305103302,21.7614382217663,0.0969815105199814
-0.0228939056396484,21.3794431972525,0.0969815105199814
-0.127854883670807,23.179373348135,0.441516429185867
-0.143170118331909,26.0908410598541,0.441516429185867
-0.0315452814102173,30.0438448417171,0.441516429185867
-0.0521936416625977,31.0007021065215,0.553137004375458
-0.160163342952728,31.8186765739331,0.553137004375458
-0.156086921691895,32.9244412590317,0.553137004375458
-0.126830339431763,33.247157381224,0.566328108310699
-0.107001960277557,33.3736329011864,0.566328108310699
-0.0839230418205261,33.4388130498349,0.566328108310699
-0.118040263652802,33.3406495357884,0.55683708190918
-0.117467641830444,33.0460675015805,0.55683708190918
0.00426024198532104,32.7790491086631,0.55683708190918
0.010984480381012,32.7775724181267,0.514170527458191
-0.00283044576644897,31.4184608343409,0.514170527458191
-0.0728697180747986,29.223917288995,0.514170527458191
-0.0948247313499451,28.0447693517678,0.449542313814163
-0.115170478820801,26.5019781226013,0.449542313814163
-0.0408802628517151,24.9412204822649,0.449542313814163
-0.0574625730514526,24.6362764385429,0.378699839115143
-0.0640578866004944,23.812318941936,0.378699839115143
0.0145005583763123,22.576341711356,0.378699839115143
0.0161866545677185,22.0798148742441,0.339273899793625
-0.0346686244010925,21.8121062991577,0.339273899793625
-0.0836415886878967,21.3356687863337,0.339273899793625
-0.0953230857849121,20.6770482888556,0.342897087335587
-0.0300570726394653,19.9955682162668,0.342897087335587
-0.0296775102615356,19.2988817478581,0.342897087335587
-0.103776335716248,18.5290602363384,0.32425993680954
-0.113893866539001,17.7483862851349,0.32425993680954
-0.0767314434051514,17.340014916722,0.32425993680954
-0.111483752727509,17.4817365059958,0.235009998083115
-0.112751543521881,16.8646877904347,0.235009998083115
-0.0406178832054138,15.8658896939696,0.235009998083115
-0.067094624042511,15.3567353634074,0.0790217891335487
0.00164711475372314,14.4589897999257,0.0790217891335487
0.0202385187149048,13.8092948377802,0.0790217891335487
0.0261908769607544,12.5038715449557,-0.031978365033865
-0.0178359150886536,11.4768628532709,-0.031978365033865
0.0330479145050049,12.1763947632858,-0.031978365033865
0.03718501329422,12.6296479499948,-0.0103575941175222
0.040367603302002,11.9615004872763,-0.0103575941175222
0.0540047287940979,11.1647747186865,-0.0103575941175222
0.017760157585144,11.4819646128605,0.0695496946573257
-0.138727426528931,12.3798210186041,0.0695496946573257
-0.145038068294525,13.9598874381229,0.0695496946573257
-0.0633901357650757,16.6119521101928,0.0625463649630547
-0.0145386457443237,19.8786577070497,0.0625463649630547
-0.0484064817428589,22.7975112728542,0.0625463649630547
-0.0560105443000793,24.4350991993815,0.0364014618098736
-0.0484068989753723,24.9704132856102,0.0364014618098736
-0.0684093236923218,24.9081046380438,0.0364014618098736
-0.0681638121604919,24.6678939165283,0.116045869886875
-0.110048055648804,23.6600051938036,0.116045869886875
-0.0406952500343323,22.4656799728027,0.116045869886875
-0.0646284222602844,21.9072262676593,0.301175981760025
-0.0541085600852966,21.7393565200598,0.301175981760025
-0.0414071679115295,23.4953196431639,0.301175981760025
-0.061543881893158,24.6895381917398,0.461816698312759
-0.0984817743301392,25.3399320322766,0.461816698312759
-0.102064549922943,27.373602467698,0.461816698312759
-0.0729296803474426,28.1063774696728,0.461816698312759
-0.0429120659828186,29.1327527186574,0.561667621135712
-0.0480853915214539,32.1977085188809,0.561667621135712
-0.0412704944610596,33.6765262066518,0.561667621135712
-0.0476379990577698,32.9276904732756,0.591808974742889
-0.0778209567070007,31.6336877654519,0.591808974742889
-0.174321591854095,30.8369185445476,0.591808974742889
-0.168608725070953,25.497544381865,0.387378722429276
-0.0210409164428711,12.5459006175653,0.387378722429276
0.0744179785251617,4.89072856402526,0.387378722429276
0.0164170807693154,2.78649145526209,0.125568211078644
0.00509637594223022,42.3647499791595,-0.403327792882919
0.0474650859832764,42.8885904522028,-0.403327792882919
0.122426450252533,43.2913274480895,-0.403327792882919
0.139476895332336,43.2669204688906,-0.422373622655869
0.094205379486084,43.3066291417012,-0.422373622655869
0.123631775379181,43.275758404453,-0.422373622655869
0.129217505455017,43.0021144812933,-0.414864748716354
0.10199373960495,40.9016785649372,-0.414864748716354
0.0825774669647217,38.4289149271283,-0.414864748716354
0.140605926513672,38.0991402016487,-0.292239546775818
0.134990870952606,33.8227890652408,-0.292239546775818
0.0790498852729797,28.3508093288514,-0.292239546775818
0.0558216571807861,27.8187060338866,0.0535327643156052
0.0318861603736877,22.1835858345919,0.0535327643156052
-0.0542194843292236,21.0336162569811,0.0535327643156052
-0.185601890087128,22.6926358859452,0.41685563325882
-0.184428453445435,25.6270292532059,0.41685563325882
-0.12994921207428,29.8367195648743,0.41685563325882
-0.102807343006134,30.879136386724,0.544061422348022
-0.106660425662994,31.6963459844088,0.544061422348022
-0.128667116165161,32.7923561881721,0.544061422348022
-0.140437662601471,33.1279822792374,0.573479175567627
-0.104820549488068,33.3676825498199,0.573479175567627
-0.0545619130134583,33.5764151629971,0.573479175567627
-0.0948835611343384,33.529051830752,0.580660998821259
-0.124301910400391,33.1569636183179,0.580660998821259
-0.0819869637489319,32.7628108208286,0.580660998821259
-0.0694343447685242,32.7113574830444,0.548692524433136
-0.0813367962837219,31.6017524236902,0.548692524433136
-0.170416951179504,29.7680016519226,0.548692524433136
-0.112372159957886,28.7182073385812,0.463860809803009
0.00169271230697632,26.9061463164192,0.463860809803009
0.0119797587394714,24.9655122084105,0.463860809803009
-0.0693349242210388,24.5730749144801,0.385022550821304
-0.109542071819305,23.848952170496,0.385022550821304
-0.0198054313659668,22.70998354023,0.385022550821304
-0.00671613216400146,22.2154198546808,0.354466617107391
-0.0374308824539185,22.0100161831609,0.354466617107391
-0.0672087073326111,21.6719399982158,0.354466617107391
-0.0572019219398499,21.1000304628465,0.35170191526413
-0.060724139213562,20.4935536859549,0.35170191526413
-0.0588431358337402,19.8862685770241,0.35170191526413
-0.115852177143097,19.1830604667211,0.342534244060516
-0.051041841506958,18.2011782919387,0.342534244060516
-0.0633575320243835,17.4443549534204,0.342534244060516
-0.105573713779449,17.4484418231183,0.283142626285553
-0.0458840131759644,16.9325437680569,0.283142626285553
-0.0600463151931763,16.02941565271,0.283142626285553
-0.12222295999527,15.5184371080827,0.180768817663193
-0.0776557922363281,14.5583354065911,0.180768817663193
-0.0382770299911499,13.2220673546018,0.180768817663193
-0.00937795639038086,11.2848823276197,0.0400582626461983
-0.0123973488807678,10.2560439645749,0.0400582626461983
0.00930392742156982,11.734755287286,0.0400582626461983
9.75131988525391e-05,12.6160706561606,-0.0311955008655787
0.0276320576667786,12.3114251625592,-0.0311955008655787
0.0426071882247925,12.0814285087357,-0.0311955008655787
0.0512725710868835,12.5622102368801,-0.0137084806337953
-0.0489134192466736,13.7651280031785,-0.0137084806337953
-0.0416879057884216,15.7209807500054,-0.0137084806337953
-0.0168778896331787,18.2450808413936,-0.00870023667812347
-0.00374108552932739,21.1160878671996,-0.00870023667812347
0.0115198493003845,23.5697822085122,-0.00870023667812347
-0.0166808366775513,24.9605622288591,0.0274910908192396
0.00499701499938965,25.2713166198388,0.0274910908192396
0.0355371832847595,24.9006228926709,0.0274910908192396
-0.0346984267234802,24.5331186071495,0.146262422204018
-0.0680028200149536,23.5021615541966,0.146262422204018
-0.0823565125465393,22.344538153304,0.146262422204018
-0.0816755294799805,21.8288801336765,0.337389528751373
0.0198685526847839,21.7588629838662,0.337389528751373
0.0337510108947754,23.7222628295733,0.337389528751373
-0.0233361721038818,25.0081884145332,0.496457368135452
-0.0975615382194519,25.8329794007209,0.496457368135452
-0.0463503003120422,28.2124896085714,0.496457368135452
0.0159426331520081,29.1456977048967,0.496457368135452
-0.0124717354774475,30.1532718235498,0.602281451225281
-0.0538762211799622,33.0700773509173,0.602281451225281
-0.0247971415519714,34.4677122553349,0.602281451225281
0.0247345566749573,33.7145260306106,0.635109543800354
-0.00470805168151855,32.3894467441655,0.635109543800354
-0.191997110843658,31.5792420215189,0.635109543800354
-0.177948594093323,26.5697019015609,0.466600805521011
0.031714528799057,14.3491645350859,0.466600805521011
0.103950023651123,6.69650262981962,0.466600805521011
0.00761498138308525,4.53330869156546,0.186742201447487
0.0355342365801334,5.35104983018271,0.062272846698761
-0.0124497413635254,45.2121827250665,-0.403327792882919
0.0406802892684937,45.1518044866244,-0.403327792882919
0.130446553230286,44.8539842706826,-0.403327792882919
0.128426134586334,44.4747051018376,-0.422373622655869
0.0573267340660095,44.021436128053,-0.422373622655869
0.109965205192566,43.484439377571,-0.422373622655869
0.125591814517975,42.9521567803785,-0.414864748716354
0.0824156403541565,41.1602173349418,-0.414864748716354
0.066893458366394,39.133171523487,-0.414864748716354
0.120515882968903,38.6462613345773,-0.292239546775818
0.0728158950805664,34.3895755439379,-0.292239546775818
0.0699242353439331,28.9428702102536,-0.292239546775818
0.0603741407394409,28.1123242784497,0.0535327643156052
0.0673998594284058,21.6424867055106,0.0535327643156052
-0.0325011014938354,19.2635933822547,0.0535327643156052
-0.136867463588715,20.431941070923,0.41685563325882
-0.136512637138367,23.3396480209532,0.41685563325882
-0.181585311889648,28.1330626551542,0.41685563325882
-0.175207316875458,29.4970071786232,0.544061422348022
-0.109058141708374,30.5634541423002,0.544061422348022
-0.109585583209991,31.9097210026017,0.544061422348022
-0.175890207290649,32.5091081612238,0.573479175567627
-0.145412266254425,33.1184409495666,0.573479175567627
-0.0919814109802246,33.712264676103,0.573479175567627
-0.0817059278488159,33.9429662465273,0.580660998821259
-0.0896004438400269,33.7590254311493,0.580660998821259
-0.10556423664093,33.341089818388,0.580660998821259
-0.116916418075562,33.0570718317596,0.548692524433136
-0.111749053001404,31.9196262620322,0.548692524433136
-0.120402991771698,30.2945445210457,0.548692524433136
-0.05553138256073,29.4276841186093,0.463860809803009
0.0204564929008484,27.4719975199524,0.463860809803009
-0.00316303968429565,25.3779652397633,0.463860809803009
-0.0767993330955505,25.1837808786943,0.385022550821304
-0.0998199582099915,24.8517760076384,0.385022550821304
-0.04169762134552,23.8525893401631,0.385022550821304
-0.0553642511367798,23.0472115792298,0.354466617107391
-0.0628555417060852,22.5667089719241,0.354466617107391
-0.0700293779373169,22.3849860308562,0.354466617107391
-0.0841309428215027,22.326559341379,0.35170191526413
-0.066619873046875,22.3357028363777,0.35170191526413
-0.057322084903717,22.3222517614118,0.35170191526413
-0.0885002613067627,22.1649477535243,0.342534244060516
-0.072638213634491,21.5091541621976,0.342534244060516
-0.0814883708953857,20.6385306184491,0.342534244060516
-0.0442215800285339,20.1601932097518,0.283142626285553
-0.0155206322669983,19.2865547973755,0.283142626285553
-0.119503915309906,18.1810142498357,0.283142626285553
-0.166628956794739,17.489301319417,0.180768817663193
-0.188945651054382,16.4796209251715,0.180768817663193
-0.0753825306892395,14.9180533806629,0.180768817663193
-0.0274066925048828,12.9039698916464,0.0400582626461983
-0.010054886341095,11.7811660499945,0.0400582626461983
-0.0123775601387024,13.5524661656725,0.0400582626461983
-0.0216026902198792,14.8923593827553,-0.0311955008655787
0.0181081295013428,15.2061715075995,-0.0311955008655787
0.0322642922401428,15.7811298753227,-0.0311955008655787
0.0614306926727295,16.686818783744,-0.0137084806337953
0.047541081905365,18.1935419418849,-0.0137084806337953
0.0157927274703979,20.2334691375475,-0.0137084806337953
-0.0396319031715393,22.1720314286353,-0.00870023667812347
-0.0528456568717957,23.8841232180118,-0.00870023667812347
-0.0365515947341919,25.084488274396,-0.00870023667812347
-0.0481922626495361,25.5790518583385,0.0274910908192396
-0.0149989128112793,25.0782472237885,0.0274910908192396
0.0477187633514404,23.8358764827928,0.0274910908192396
0.0201042294502258,22.8160277815066,0.146262422204018
-0.0155379176139832,21.2012789515613,0.146262422204018
-0.00596249103546143,19.5442599558898,0.146262422204018
-0.0539398789405823,18.6450387714084,0.337389528751373
0.00869029760360718,18.4566745802514,0.337389528751373
-0.0204769968986511,21.049080308992,0.337389528751373
-0.0082474946975708,22.7448468572593,0.496457368135452
-0.0480373501777649,24.0250525576371,0.496457368135452
-0.0550930500030518,27.2580903938757,0.496457368135452
-0.0451564192771912,28.8332968612334,0.496457368135452
-0.0623747706413269,30.2936242522084,0.602281451225281
-0.102109372615814,33.4642641118457,0.602281451225281
-0.0612678527832031,35.0031397578724,0.602281451225281
-0.00261867046356201,34.418375518843,0.635109543800354
0.0362369418144226,33.2458505236395,0.635109543800354
-0.168278217315674,32.505900649915,0.635109543800354
-0.219801813364029,27.9212248239999,0.466600805521011
0.00196677446365356,16.7300802855378,0.466600805521011
0.0676929801702499,9.40199758684493,0.466600805521011
0.037889642175287,6.68378872865794,0.186742201447487
0.0290998946875334,12.3943384718818,0.062272846698761
0.0212622880935669,47.7495445228843,-0.403327792882919
0.102371633052826,47.1556283560183,-0.403327792882919
0.122704863548279,46.2134396138747,-0.403327792882919
0.0950773954391479,45.4479333375824,-0.422373622655869
0.0823298096656799,44.5854375079167,-0.422373622655869
0.124831557273865,43.6581112365212,-0.422373622655869
0.135432958602905,42.8647505583586,-0.414864748716354
0.0854218602180481,41.1540903984804,-0.414864748716354
0.0965399146080017,39.2523288126648,-0.414864748716354
0.0815540552139282,38.5064259468323,-0.292239546775818
0.0395894050598145,34.3292764698371,-0.292239546775818
0.0520719885826111,29.0821803547381,-0.292239546775818
0.0264099836349487,28.045296146721,0.0535327643156052
0.104673624038696,20.9440702234949,0.0535327643156052
0.0330250263214111,17.6799472694426,0.0535327643156052
-0.0414738059043884,18.4260280327076,0.41685563325882
-0.110609650611877,21.2500510048869,0.41685563325882
-0.160651862621307,26.3738408480296,0.41685563325882
-0.197150468826294,27.969170936725,0.544061422348022
-0.118403315544128,29.2259098392327,0.544061422348022
-0.0739964842796326,30.7614482411305,0.544061422348022
-0.13348925113678,31.6054574827843,0.573479175567627
-0.172636151313782,32.5871732732573,0.573479175567627
-0.156326174736023,33.5665676839048,0.573479175567627
-0.0727367997169495,34.0678551319956,0.580660998821259
-0.0349145531654358,34.2651647977798,0.580660998821259
-0.0949844717979431,34.0993208830938,0.580660998821259
-0.106729447841644,33.679434518276,0.548692524433136
-0.0532706379890442,32.3854695096155,0.548692524433136
-0.082472562789917,30.7671839505384,0.548692524433136
-0.0837306380271912,30.0096936401771,0.463860809803009
0.000605225563049316,27.8604610945822,0.463860809803009
0.0255873799324036,25.5865788197802,0.463860809803009
-0.0374148488044739,25.5940979486735,0.385022550821304
-0.0389460325241089,25.7617475323678,0.385022550821304
-0.0307846665382385,25.0640887026255,0.385022550821304
-0.0392744541168213,24.0415657701624,0.354466617107391
-0.0606849193572998,23.1442559426251,0.354466617107391
-0.0976451635360718,22.8430298414335,0.354466617107391
-0.108137130737305,23.1787455554004,0.35170191526413
-0.0812856554985046,23.7674603194491,0.35170191526413
-0.103468418121338,24.3145816740296,0.35170191526413
-0.102820932865143,24.6726093236701,0.342534244060516
-0.108662486076355,24.5093720273446,0.342534244060516
-0.103656232357025,23.7807878072859,0.342534244060516
-0.0646657943725586,22.9394954328543,0.283142626285553
-0.0753366351127625,21.6370812157594,0.283142626285553
-0.169308722019196,20.2345047382115,0.283142626285553
-0.19836962223053,19.3571489478374,0.180768817663193
-0.227818131446838,18.3216562451915,0.180768817663193
-0.107921540737152,16.7995162477285,0.180768817663193
-0.0903206467628479,14.9983061606005,0.0400582626461983
-0.0759010314941406,13.864342169813,0.0400582626461983
-0.0665474534034729,15.9268604111087,0.0400582626461983
-0.0341169238090515,17.752133842286,-0.0311955008655787
0.0281286835670471,18.5566111884722,-0.0311955008655787
0.0307962894439697,19.625495453013,-0.0311955008655787
0.0584193468093872,20.7660932183645,-0.0137084806337953
0.0886604189872742,22.2730156655619,-0.0137084806337953
0.0183082818984985,24.0200945542975,-0.0137084806337953
-0.0427231788635254,25.3481918692752,-0.00870023667812347
-0.0121081471443176,26.066650495713,-0.00870023667812347
-0.00814348459243774,26.1343315316583,-0.00870023667812347
0.00555187463760376,25.7958348792184,0.0274910908192396
0.0229398608207703,24.5660687991382,0.0274910908192396
0.0082361102104187,22.5475980395251,0.0274910908192396
-0.0326113104820251,20.9028144403765,0.146262422204018
-0.0144714117050171,18.760971746506,0.146262422204018
0.0404743552207947,16.78783687437,0.146262422204018
0.0172451138496399,15.6346335483858,0.337389528751373
0.0217874050140381,15.5269052779077,0.337389528751373
-0.0388041138648987,18.9015433603142,0.337389528751373
0.00592118501663208,20.9706735406888,0.496457368135452
-0.0204985737800598,22.5127564776954,0.496457368135452
-0.0852770209312439,26.1009649370221,0.496457368135452
-0.102757573127747,27.9874785201739,0.496457368135452
-0.101051807403564,29.8500285899941,0.602281451225281
-0.126628339290619,33.3541786560911,0.602281451225281
-0.0838377475738525,35.0834897903367,0.602281451225281
-0.032685399055481,34.7442692764405,0.635109543800354
0.0375671982765198,33.9091921454751,0.635109543800354
-0.0793832540512085,33.3434144566795,0.635109543800354
-0.154808402061462,29.2593172365656,0.466600805521011
-0.00334924459457397,19.2923703985782,0.466600805521011
0.183825254440308,12.5277991403277,0.466600805521011
0.24937042593956,9.1768488599543,0.186742201447487
0.029309369623661,19.2133803753016,-0.082194060087204
0.0823633074760437,47.5619414174029,-0.352518618106842
0.121320247650146,46.6611555884447,-0.352518618106842
0.128515064716339,45.3210489703433,-0.352518618106842
0.121221303939819,44.4515727222166,-0.334622919559479
0.0714625120162964,43.4721482059105,-0.334622919559479
0.114336729049683,42.3990143946412,-0.334622919559479
0.112050116062164,41.5201531779993,-0.343939244747162
0.0544079542160034,39.9277291761707,-0.343939244747162
0.103462696075439,38.2207818507054,-0.343939244747162
0.0575211048126221,37.4856326680805,-0.29272398352623
0.0153138041496277,33.6358200546727,-0.29272398352623
0.0391108393669128,28.8944399372838,-0.29272398352623
0.0245959758758545,27.9637412978221,-0.0391134843230247
0.0773002505302429,20.830302923369,-0.0391134843230247
0.0608378648757935,17.5342902498676,-0.0391134843230247
0.0504310727119446,18.2992920836544,0.327058017253876
-0.0591772794723511,20.9840521180978,0.327058017253876
-0.152175426483154,25.8363850848039,0.327058017253876
-0.204149484634399,27.3837684575627,0.496025949716568
-0.158580899238586,28.5741012284665,0.496025949716568
-0.089582622051239,30.0212410330132,0.496025949716568
-0.091856837272644,30.8672686992108,0.531465709209442
-0.201579689979553,31.9836016362745,0.531465709209442
-0.196512877941132,33.123462076259,0.531465709209442
-0.0828222036361694,33.6740687463867,0.554755687713623
0.00629901885986328,34.2044585737638,0.554755687713623
0.000966250896453857,34.4882927300589,0.554755687713623
-0.0310788154602051,34.2021120026363,0.550730228424072
-0.0536832809448242,32.8776442961271,0.550730228424072
-0.0839464664459229,31.208045075267,0.550730228424072
-0.0918036103248596,30.4440877596565,0.46690046787262
-0.0367498993873596,27.9284322090539,0.46690046787262
0.0320650339126587,25.2211724194874,0.46690046787262
-0.0169985294342041,25.1582418122085,0.383250176906586
-0.0471062064170837,25.6740946583797,0.383250176906586
-0.0502300262451172,25.4501114564137,0.383250176906586
0.00430148839950562,24.5996981668814,0.351986557245255
-0.00407874584197998,23.4256213152124,0.351986557245255
-0.0767495036125183,22.7120102092326,0.351986557245255
-0.11447811126709,22.9305161122924,0.340241730213165
-0.115465402603149,23.5568370085084,0.340241730213165
-0.11577957868576,24.1567024452857,0.340241730213165
-0.0984615087509155,24.534305964502,0.348032027482986
-0.139190852642059,24.5350330931566,0.348032027482986
-0.123420596122742,24.0403539462003,0.348032027482986
-0.0287063717842102,23.2893742510445,0.317483216524124
-0.0779790878295898,21.9267685456647,0.317483216524124
-0.224521219730377,20.4189170487568,0.317483216524124
-0.172855913639069,19.5085300290221,0.259118556976318
-0.137855410575867,18.5143029998433,0.259118556976318
-0.1314936876297,16.987097791348,0.259118556976318
-0.0968978404998779,15.1703953094779,0.104931563138962
-0.0936160087585449,13.6518341061584,0.104931563138962
-0.0760344266891479,16.1022759738014,0.104931563138962
-0.0280401706695557,18.2951757451752,-0.044250451028347
0.0494455099105835,19.1957224459942,-0.044250451028347
0.027981698513031,20.4280314343059,-0.044250451028347
0.0953168869018555,21.5941629092263,-0.0758036449551582
0.120165348052979,23.0649848538601,-0.0758036449551582
0.0819236040115356,24.7901415414496,-0.0758036449551582
0.0314711928367615,26.0809975548586,-0.0677403658628464
0.0143412947654724,26.4858228742551,-0.0677403658628464
-0.0174949765205383,26.0859221441948,-0.0677403658628464
0.0114447474479675,25.5533572827056,0.00963954068720341
-0.0110316872596741,24.235024205774,0.00963954068720341
0.000606358051300049,22.1259450582616,0.00963954068720341
-0.0427168011665344,20.4576603916757,0.155969694256783
-0.013309121131897,18.4660098626098,0.155969694256783
0.060386061668396,16.9425640384887,0.155969694256783
0.08514404296875,16.0587830155921,0.334891378879547
0.0172466635704041,16.1896771049192,0.334891378879547
-0.0438771843910217,19.5618668080331,0.334891378879547
-0.0282955765724182,21.510733261525,0.467143565416336
-0.0390301942825317,22.8382797817173,0.467143565416336
-0.0404288172721863,25.9679999810241,0.467143565416336
-0.0981097221374512,27.6323358587941,0.467143565416336
-0.122076749801636,29.5565546748174,0.574727058410645
-0.0880105495452881,33.1710139856969,0.574727058410645
-0.0333333611488342,34.9500186251541,0.574727058410645
0.00945436954498291,34.7622353316383,0.627214908599854
0.000342369079589844,34.256669711974,0.627214908599854
-0.093783974647522,33.8737046949255,0.627214908599854
-0.0737175345420837,30.2649765447811,0.526338219642639
-0.0584010481834412,21.5147293368768,0.526338219642639
0.0186507403850555,15.5810943370137,0.526338219642639
0.20982800424099,11.7528998263638,0.262138366699219
0.0207644663751125,4.45723005620671,0.0664748102426529
0.0488732978701591,8.27871508743445,-0.082194060087204
0.0105837807059288,17.9492517324926,-0.082194060087204
0.00984276458621025,29.2858971967144,-0.082194060087204
0.107361614704132,46.4337902367787,-0.352518618106842
0.0964834094047546,45.2831537630296,-0.352518618106842
0.100770711898804,43.5414846938956,-0.352518618106842
0.0804222226142883,42.6423797424678,-0.334622919559479
0.0506718158721924,41.4310365749293,-0.334622919559479
0.0998252034187317,39.8931616642682,-0.334622919559479
0.0667110085487366,38.6665087602447,-0.343939244747162
0.0742276906967163,36.7275449372996,-0.343939244747162
0.0611110925674438,34.5735913587723,-0.343939244747162
0.0320697426795959,33.4667075849269,-0.29272398352623
0.0317673683166504,29.3039411051927,-0.29272398352623
0.00302284955978394,24.0805365327599,-0.29272398352623
0.0249008536338806,22.8583118780779,-0.0391134843230247
0.0636115670204163,12.6441005353188,-0.0391134843230247
0.076678454875946,4.09534428669358,-0.0391134843230247
0.0492476224899292,7.48921845032855,0.327058017253876
-0.0293596982955933,13.4113509894277,0.327058017253876
-0.185971975326538,20.5705600637563,0.327058017253876
-0.239903211593628,22.4416983927229,0.496025949716568
-0.197124600410461,23.73296163456,0.496025949716568
-0.163123786449432,25.1550580851085,0.496025949716568
-0.0755084156990051,25.6094653807213,0.531465709209442
-0.0792050361633301,26.4643463084105,0.531465709209442
-0.143026888370514,27.6950543741983,0.531465709209442
-0.106134593486786,28.4872301788851,0.554755687713623
-0.049814760684967,29.80386425401,0.554755687713623
-0.0574276447296143,31.1653632819803,0.554755687713623
-0.0614594221115112,31.6514396994742,0.550730228424072
-0.0331880450248718,30.8302986395466,0.550730228424072
-0.0177001953125,29.5484837856803,0.550730228424072
0.0145187973976135,29.1778085429607,0.46690046787262
0.014012336730957,26.4889284837526,0.46690046787262
-0.0171502828598022,22.8246967602146,0.46690046787262
-0.110232293605804,21.5757736727278,0.383250176906586
-0.0707327723503113,21.4985594636631,0.383250176906586
-0.0765883922576904,21.7103067409942,0.383250176906586
-0.0636236667633057,21.8396488279789,0.351986557245255
-0.0335417985916138,21.2416249620173,0.351986557245255
-0.0562549829483032,20.535597243939,0.351986557245255
-0.102796077728271,20.6110411742427,0.340241730213165
-0.126211285591125,21.1942389207713,0.340241730213165
-0.147047758102417,22.0050148504034,0.340241730213165
-0.118280112743378,22.7923558626705,0.348032027482986
-0.116702020168304,23.4191381423005,0.348032027482986
-0.0513374209403992,23.6619001761582,0.348032027482986
0.00803244113922119,23.5309179020411,0.317483216524124
-0.0397354960441589,22.6073135061135,0.317483216524124
-0.0963532328605652,21.2312886143361,0.317483216524124
-0.128314793109894,20.1774933521991,0.259118556976318
-0.0971232056617737,19.1169779218365,0.259118556976318
-0.147780001163483,17.7972499429818,0.259118556976318
-0.135714292526245,16.4123153824738,0.104931563138962
-0.0655262470245361,14.6779263040788,0.104931563138962
-0.0660572052001953,16.5835521253752,0.104931563138962
-0.0161314010620117,18.21214892437,-0.044250451028347
0.0372236967086792,18.4438647795895,-0.044250451028347
0.0149993300437927,19.1923075528286,-0.044250451028347
0.103395342826843,19.7260154637987,-0.0758036449551582
0.107459962368011,20.4428101501552,-0.0758036449551582
0.0549055933952332,21.3825194493294,-0.0758036449551582
0.0223748087882996,21.7620236884108,-0.0677403658628464
-0.0198791027069092,20.8653791704984,-0.0677403658628464
-0.0574714541435242,19.1709937597189,-0.0677403658628464
-0.00411504507064819,18.1391332287663,0.00963954068720341
-0.0592285394668579,16.2407347134121,0.00963954068720341
0.00747239589691162,13.2673002557184,0.00963954068720341
-0.0585525631904602,11.4431328299258,0.155969694256783
-0.0252728462219238,9.35040648736718,0.155969694256783
0.0328009724617004,8.87135677246647,0.155969694256783
0.0408953428268433,9.37219563968269,0.334891378879547
-0.0245341658592224,11.2643019399622,0.334891378879547
-0.0758032202720642,16.622138625546,0.334891378879547
-0.0827513933181763,19.256063376913,0.467143565416336
-0.081845760345459,20.8062497174348,0.467143565416336
-0.0685334801673889,23.9083723741899,0.467143565416336
-0.114764273166656,25.4865743918903,0.467143565416336
-0.117583274841309,27.640904659821,0.574727058410645
-0.0662747025489807,31.6753298951513,0.574727058410645
-0.0616646409034729,33.6687185398273,0.574727058410645
-0.0345475673675537,33.6765797466743,0.627214908599854
-0.0610755681991577,33.556008042373,0.627214908599854
-0.0888250470161438,33.5010717081714,0.627214908599854
-0.0236658453941345,30.5190243198363,0.526338219642639
-0.125383675098419,23.1400527125864,0.526338219642639
-0.142439424991608,18.2713159885583,0.526338219642639
0.00246232748031616,14.0995629999417,0.262138366699219
0.0434491857886314,10.9372051495889,0.0664748102426529
0.0745671074837446,17.1796352712689,-0.082194060087204
0.0279106721282005,27.8873866999722,-0.082194060087204
0.00705890357494354,37.2200426453548,-0.082194060087204
0.126396238803864,45.6176524033215,-0.352518618106842
0.0746859908103943,44.0847069056123,-0.352518618106842
0.0706171989440918,41.7930974534484,-0.352518618106842
0.0635231733322144,40.8506742193375,-0.334622919559479
0.090951144695282,39.1498884420163,-0.334622919559479
0.0618239045143127,36.7731837542985,-0.334622919559479
0.0966870188713074,35.0944146427436,-0.343939244747162
0.115780115127563,32.508095215846,-0.343939244747162
0.0850663185119629,29.6661875070494,-0.343939244747162
0.0650621056556702,28.6648925652753,-0.29272398352623
0.0312929153442383,25.7369932401286,-0.29272398352623
0.0157004594802856,22.5876643689692,-0.29272398352623
0.0413398146629333,22.8812771853606,-0.0391134843230247
0.0620890855789185,17.0099162926445,-0.0391134843230247
0.0492706298828125,10.272966901676,-0.0391134843230247
0.0203642845153809,6.27199876802449,0.327058017253876
-0.0337130427360535,8.75070013763428,0.327058017253876
-0.182064592838287,17.2772734380017,0.327058017253876
-0.229534089565277,19.1992252541875,0.496025949716568
-0.168059051036835,20.7542116332232,0.496025949716568
-0.142441809177399,22.642371142644,0.496025949716568
-0.0821740031242371,23.0431986445856,0.531465709209442
-0.0486986637115479,23.1374898926473,0.531465709209442
-0.119952142238617,23.4067175937054,0.531465709209442
-0.110282599925995,23.8206897634726,0.554755687713623
-0.120833575725555,25.4993153198438,0.554755687713623
-0.166088581085205,27.5543113303762,0.554755687713623
-0.14206862449646,28.540473355336,0.550730228424072
-0.0962738394737244,28.2432047259899,0.550730228424072
-0.0585733652114868,27.505023735617,0.550730228424072
0.00812530517578125,27.5366751492275,0.46690046787262
0.000174582004547119,25.1671228028779,0.46690046787262
-0.00136590003967285,21.198183203221,0.46690046787262
-0.0366659164428711,19.0012963390783,0.383250176906586
-0.0284923911094666,17.871283428399,0.383250176906586
-0.0835003852844238,17.6343599397867,0.383250176906586
-0.104586541652679,18.3940019117921,0.351986557245255
-0.112253606319427,18.6102849812848,0.351986557245255
-0.0863440036773682,18.2758077096,0.351986557245255
-0.0696622133255005,18.3007542499617,0.340241730213165
-0.12257707118988,18.717684215003,0.340241730213165
-0.158303797245026,19.5770779054192,0.340241730213165
-0.188418447971344,20.7517928266055,0.348032027482986
-0.121941804885864,22.0330917872084,0.348032027482986
-0.00681275129318237,23.0241886948257,0.348032027482986
0.0474146604537964,23.5126141506214,0.317483216524124
0.00420165061950684,23.1591464727177,0.317483216524124
-0.0302280783653259,22.0833536405669,0.317483216524124
-0.0968034863471985,20.9417952280545,0.259118556976318
-0.104418039321899,19.7759212955803,0.259118556976318
-0.133900344371796,18.6115956671591,0.259118556976318
-0.126919269561768,17.63327508819,0.104931563138962
-0.0962098836898804,15.8187207653402,0.104931563138962
-0.115918934345245,16.6406584252256,0.104931563138962
-0.0370208024978638,17.3098319555732,-0.044250451028347
-0.0093611478805542,16.9087632794711,-0.044250451028347
-0.00780624151229858,17.3762128483705,-0.044250451028347
0.06706303358078,17.4867736343282,-0.0758036449551582
0.0191949605941772,17.5111915196892,-0.0758036449551582
-0.0425899624824524,17.7085156844371,-0.0758036449551582
-0.00707197189331055,17.4737548786636,-0.0677403658628464
-0.00416016578674316,15.913588251513,-0.0677403658628464
-0.0635944008827209,13.5458556793235,-0.0677403658628464
0.0165134072303772,12.4032406850212,0.00963954068720341
-0.0344906449317932,10.0278458515659,0.00963954068720341
0.00587671995162964,5.73206811491595,0.00963954068720341
-0.0638209581375122,3.67864528330513,0.155969694256783
-0.0579326748847961,0.833148159870344,0.155969694256783
-0.0448984503746033,5.78993317039542,0.155969694256783
-0.0236761569976807,8.81537928734915,0.334891378879547
-0.0338438153266907,11.8960213171008,0.334891378879547
-0.0870356559753418,17.1993714798643,0.334891378879547
-0.130591869354248,19.6453054384025,0.467143565416336
-0.193130850791931,20.8684165240406,0.467143565416336
-0.193816781044006,23.2321092049426,0.467143565416336
-0.141526222229004,24.307185908856,0.467143565416336
-0.106617271900177,26.3277160499647,0.574727058410645
-0.0736508369445801,30.4117173643075,0.574727058410645
-0.112159371376038,32.4165404649779,0.574727058410645
-0.0957971811294556,32.4322305607597,0.627214908599854
-0.105675041675568,32.4323332662342,0.627214908599854
-0.0578570365905762,32.5150772115738,0.627214908599854
-0.0122275948524475,30.177550575393,0.526338219642639
-0.16933286190033,24.3355994920773,0.526338219642639
-0.185294568538666,20.5875901801982,0.526338219642639
-0.116352617740631,16.0962304664332,0.262138366699219
0.0338811185210943,17.056267205627,-0.0721436366438866
0.0572768226265907,21.6655345156316,-0.232298195362091
0.0322750620543957,31.5776478538648,-0.232298195362091
0.0301159950904548,39.8302949299757,-0.232298195362091
0.0612340159714222,42.3400379609723,-0.348818093538284
-0.0212375521659851,46.5441720584135,-0.348818093538284
0.117974400520325,49.5725259718064,-0.348818093538284
-0.00527352094650269,49.2247704139046,-0.392775744199753
0.0817670226097107,47.5034059161146,-0.392775744199753
0.125247061252594,45.9707371862797,-0.392775744199753
0.102817893028259,45.9578832224874,-0.338952243328094
0.104870557785034,43.9277491812516,-0.338952243328094
0.103614866733551,41.0027349134896,-0.338952243328094
0.0906854271888733,39.9275846355798,-0.28660985827446
0.0949663519859314,37.60710347095,-0.28660985827446
0.096839964389801,34.3414544123075,-0.28660985827446
0.12074202299118,32.2722462650711,-0.281687170267105
0.130443871021271,28.9510231859323,-0.281687170267105
0.0880200862884521,25.1408787200143,-0.281687170267105
0.113960921764374,23.7825274465256,-0.279552102088928
0.0447232127189636,21.731257026528,-0.279552102088928
0.034045398235321,19.9152989630978,-0.279552102088928
0.0473321676254272,20.6187539163365,-0.189943969249725
0.0752870440483093,17.0148683531574,-0.189943969249725
0.0305489897727966,11.2632671813307,-0.189943969249725
-0.0315802693367004,6.93311103777607,0.112529329955578
-0.118937432765961,5.6813367071075,0.112529329955578
-0.175201803445816,15.7489680705891,0.112529329955578
-0.176601350307465,18.0245343898001,0.390068054199219
-0.126144170761108,20.1936033864082,0.390068054199219
-0.0915147662162781,22.8351208658343,0.390068054199219
-0.126655042171478,23.4054375044457,0.445753902196884
-0.114171147346497,22.6057669039515,0.445753902196884
-0.103416919708252,21.6878546027232,0.445753902196884
-0.101076006889343,21.8540424036731,0.465850949287415
-0.0845122337341309,23.7384584308639,0.465850949287415
-0.157686233520508,26.026974991107,0.465850949287415
-0.191606998443604,27.1105410532016,0.490481346845627
-0.171512722969055,27.1651816600024,0.490481346845627
-0.132439196109772,26.8699714140177,0.490481346845627
-0.0938255190849304,27.0297828141618,0.434093564748764
-0.100837767124176,25.319984368427,0.434093564748764
0.0275622010231018,22.2326958292179,0.434093564748764
0.0223578214645386,20.3517946579819,0.338141322135925
-0.0439612865447998,18.4051904625561,0.338141322135925
-0.0943982601165771,16.9466556108236,0.338141322135925
-0.118456423282623,17.4207357551513,0.274566501379013
-0.139673054218292,17.9814965256088,0.274566501379013
-0.113560080528259,18.0294152162356,0.274566501379013
-0.0893025994300842,18.1567623460222,0.251633882522583
-0.123906314373016,18.3940487023941,0.251633882522583
-0.146119892597198,19.0230571075829,0.251633882522583
-0.168220043182373,20.1681072105463,0.270922601222992
-0.142006516456604,21.5953004247553,0.270922601222992
0.00583076477050781,22.7910763539213,0.270922601222992
0.0732132196426392,23.3631773063212,0.283029139041901
0.0216054320335388,23.2110178290977,0.283029139041901
-0.0347777009010315,22.3873470786594,0.283029139041901
-0.120743989944458,21.3351399093259,0.271363377571106
-0.114099562168121,20.1459454638626,0.271363377571106
-0.131184875965118,18.932524455454,0.271363377571106
-0.0958664417266846,17.9545801866855,0.155981153249741
-0.0551591515541077,15.9023109416287,0.155981153249741
-0.0941554307937622,15.9802826114777,0.155981153249741
-0.0670576691627502,16.2799021958133,-0.0148239834234118
-0.0433207750320435,15.9483303954188,-0.0148239834234118
-0.0332543849945068,16.7167318879441,-0.0148239834234118
-0.000602841377258301,16.9617089120097,-0.0950241610407829
0.0105565190315247,16.7333026135203,-0.0950241610407829
-0.000454485416412354,16.4839554999183,-0.0950241610407829
0.0345025062561035,16.0159368794095,-0.106730706989765
0.0276185274124146,14.5939760172461,-0.106730706989765
-0.0261629223823547,12.5432774800688,-0.106730706989765
0.0274914503097534,11.5535947740217,-0.0400404073297977
0.0240848064422607,9.13628657564047,-0.0400404073297977
0.0710907578468323,4.77091997272344,-0.0400404073297977
-0.0313408970832825,2.73706351073178,0.114047631621361
-0.0235642790794373,1.19529212225336,0.114047631621361
-0.0875303149223328,7.06622143653801,0.114047631621361
-0.0844807624816895,10.1499113826346,0.292678654193878
-0.0714898109436035,12.8929218748482,0.292678654193878
-0.0988356471061707,17.5501586497302,0.292678654193878
-0.133309841156006,19.6906419728836,0.397387713193893
-0.247660160064697,20.6052980084944,0.397387713193893
-0.248502492904663,22.3681660865173,0.397387713193893
-0.160822927951813,23.1371451303589,0.397387713193893
-0.127771139144897,25.174837783841,0.492622077465057
-0.0662199258804321,29.327699491418,0.492622077465057
-0.0623422861099243,31.3661349368109,0.492622077465057
-0.076241135597229,31.3885107913399,0.56173974275589
-0.0485143661499023,31.4102558135654,0.56173974275589
0.0497959852218628,31.5118185063294,0.56173974275589
0.0790318250656128,29.807814668863,0.533443689346313
-0.0467914342880249,25.5283672549423,0.533443689346313
-0.0123122334480286,22.7795442178339,0.533443689346313
0.0435193181037903,17.9160516808921,0.315114080905914
0.0225374437868595,27.0030709029767,-0.0721436366438866
0.0520392028847709,31.25396352016,-0.232298195362091
0.0173810180276632,38.2970206321328,-0.232298195362091
-0.00461228232597932,43.8859983544515,-0.232298195362091
0.0303500443696976,45.3005647601514,-0.348818093538284
0.00503700971603394,47.4683665350235,-0.348818093538284
0.0700094103813171,48.9424571565433,-0.348818093538284
0.00894713401794434,48.4145333000554,-0.392775744199753
0.129245817661285,46.9062769475259,-0.392775744199753
0.150488972663879,45.2644084319241,-0.392775744199753
0.116090059280396,44.464735879638,-0.338952243328094
0.101742744445801,40.8114202278432,-0.338952243328094
0.110899388790131,35.8365626179093,-0.338952243328094
0.0862114429473877,33.8283399486834,-0.28660985827446
0.0716609358787537,30.1159691436786,-0.28660985827446
0.0953097939491272,25.7046467886909,-0.28660985827446
0.110311985015869,24.4884272338521,-0.281687170267105
0.117451667785645,22.5573329309773,-0.281687170267105
0.100055396556854,21.166284021593,-0.281687170267105
0.106750845909119,22.7499251622902,-0.279552102088928
0.0655635595321655,24.0468828867814,-0.279552102088928
0.0898118615150452,24.5677542902259,-0.279552102088928
0.0605767369270325,25.2112219435917,-0.189943969249725
0.0531623959541321,23.5253437553558,-0.189943969249725
-0.000128686428070068,19.8645399204242,-0.189943969249725
-0.052373468875885,16.2262983054181,0.112529329955578
-0.110567927360535,10.8887971186584,0.112529329955578
-0.157211065292358,15.6634578987846,0.112529329955578
-0.176013052463531,17.0334948920095,0.390068054199219
-0.155936062335968,19.3321182954079,0.390068054199219
-0.100221157073975,22.6995744089435,0.390068054199219
-0.122113347053528,23.470339589336,0.445753902196884
-0.157246708869934,22.045444839658,0.445753902196884
-0.111428499221802,20.0952708530865,0.445753902196884
-0.100430548191071,19.5914871029902,0.465850949287415
-0.0883824229240417,21.0404991530104,0.465850949287415
-0.121589303016663,22.9959611748354,0.465850949287415
-0.118905484676361,23.5964334681178,0.490481346845627
-0.120918929576874,23.346450053765,0.490481346845627
-0.150604486465454,22.9102702516366,0.490481346845627
-0.156792223453522,22.8137634233651,0.434093564748764
-0.134856164455414,21.055980026653,0.434093564748764
-0.0250757932662964,18.3845200044939,0.434093564748764
-0.0738205909729004,17.4110465701877,0.338141322135925
-0.090679407119751,14.9425616608023,0.338141322135925
-0.0920183658599854,11.5101274672309,0.338141322135925
-0.0730447769165039,10.6171762561628,0.274566501379013
-0.0729759335517883,10.3318511619477,0.274566501379013
-0.114685475826263,9.89182724514353,0.274566501379013
-0.152402400970459,10.0481931229923,0.251633882522583
-0.146954596042633,10.0274315896676,0.251633882522583
-0.143832325935364,10.0118033983782,0.251633882522583
-0.136753261089325,10.6558410807922,0.270922601222992
-0.0870782136917114,12.187705575154,0.270922601222992
0.0170206427574158,14.1021593020299,0.270922601222992
0.00250691175460815,15.4282399959808,0.283029139041901
0.0301706790924072,16.1662042634886,0.283029139041901
0.0459144711494446,16.5548032862694,0.283029139041901
-0.0844276547431946,16.8712340857828,0.271363377571106
-0.114522993564606,16.92662965307,0.271363377571106
-0.105949640274048,16.6897917341182,0.271363377571106
-0.122711181640625,16.4949779368119,0.155981153249741
-0.0916087627410889,14.7553525771466,0.155981153249741
-0.067807674407959,14.0356566030694,0.155981153249741
-0.0859370827674866,13.4346037963749,-0.0148239834234118
-0.0527418255805969,12.6443227825438,-0.0148239834234118
-0.0264639258384705,13.4534420464399,-0.0148239834234118
0.00126224756240845,13.6405723050285,-0.0950241610407829
0.0267188549041748,13.2637513321759,-0.0950241610407829
0.0110481381416321,13.1851889667486,-0.0950241610407829
0.0424284934997559,13.2949578812451,-0.106730706989765
0.0401862859725952,12.7941442062524,-0.106730706989765
0.0330286622047424,11.8621810393975,-0.106730706989765
0.0441664457321167,11.777472289133,-0.0400404073297977
0.0481728315353394,10.4798938888604,-0.0400404073297977
0.0461521148681641,8.30255438058144,-0.0400404073297977
-0.0484492778778076,7.82401411335318,0.114047631621361
0.031076192855835,7.7569706364121,0.114047631621361
-0.0321441292762756,10.7388424908086,0.114047631621361
-0.123398900032043,12.9546469134452,0.292678654193878
-0.158661901950836,14.9024703120411,0.292678654193878
-0.111062288284302,18.6704370421628,0.292678654193878
-0.0713451504707336,20.4762711387594,0.397387713193893
-0.165293872356415,21.0985157490669,0.397387713193893
-0.170917570590973,22.2998767294712,0.397387713193893
-0.108820497989655,22.7564939380417,0.397387713193893
-0.104412078857422,24.5772197889836,0.492622077465057
-0.0238910913467407,28.4267020853999,0.492622077465057
-0.0270519852638245,30.2682622549956,0.492622077465057
-0.0871971845626831,30.1424332046405,0.56173974275589
-0.0772824287414551,30.0229439010198,0.56173974275589
0.00287544727325439,30.0375838627136,0.56173974275589
0.0158851146697998,28.9322416534269,0.533443689346313
-0.0819628834724426,26.1938098266118,0.533443689346313
0.0406621694564819,24.5010669336553,0.533443689346313
0.0850427150726318,19.4206760595077,0.315114080905914
0.111196246929467,9.63380338611202,0.0701407417654991
0.0908267321065068,15.3056617040524,-0.0721436366438866
0.0411645472049713,25.8935367359882,-0.0721436366438866
0.0241442732512951,35.6720191291359,-0.0721436366438866
0.0391307566314936,39.1000074189434,-0.232298195362091
0.0304601300740615,43.5729160952517,-0.232298195362091
-0.0400441288948059,46.7643995423312,-0.232298195362091
-0.0470647811889648,47.2158178009252,-0.348818093538284
0.00808137655258179,47.9828284638306,-0.348818093538284
0.0533129572868347,48.4218048622803,-0.348818093538284
0.0762535333633423,47.789225127303,-0.392775744199753
0.0942502021789551,45.8208074861399,-0.392775744199753
0.118328928947449,43.0867998103135,-0.392775744199753
0.104274213314056,41.2135753492509,-0.338952243328094
0.0468317866325378,35.8469981582923,-0.338952243328094
0.0912773013114929,28.9083418738932,-0.338952243328094
0.10977029800415,26.8801386923562,-0.28660985827446
0.0529525876045227,24.0554014534466,-0.28660985827446
0.0284861922264099,22.2380599330685,-0.28660985827446
0.0621506571769714,24.6624733582015,-0.281687170267105
0.10093230009079,26.8595402952177,-0.281687170267105
0.0804297924041748,28.5902210401783,-0.281687170267105
0.0648747682571411,30.6899261009818,-0.279552102088928
0.0561216473579407,32.3699658005344,-0.279552102088928
0.0512112975120544,32.828997102237,-0.279552102088928
0.00914651155471802,32.3915182420038,-0.189943969249725
-0.0619285702705383,30.784327027503,-0.189943969249725
-0.0743911266326904,28.0136841799458,-0.189943969249725
-0.0346687436103821,25.0454132287961,0.112529329955578
-0.0584407448768616,19.3928075495511,0.112529329955578
-0.0897736549377441,19.0158805900078,0.112529329955578
-0.165380716323853,18.237944936072,0.390068054199219
-0.18485289812088,19.5852803940938,0.390068054199219
-0.097328245639801,23.0990830314998,0.390068054199219
-0.118079781532288,23.8225405210926,0.445753902196884
-0.177765309810638,22.3977503949739,0.445753902196884
-0.127269208431244,20.6439941207398,0.445753902196884
-0.103770315647125,20.3018136819696,0.465850949287415
-0.123836159706116,21.5885702945886,0.465850949287415
-0.119152426719666,23.1956936522366,0.465850949287415
-0.0946282744407654,23.5545505889157,0.490481346845627
-0.133814930915833,23.3849788430875,0.490481346845627
-0.157272636890411,23.2345383012988,0.490481346845627
-0.175857841968536,23.2666292495459,0.434093564748764
-0.166545212268829,21.7824266372435,0.434093564748764
-0.0501032471656799,19.5949474675366,0.434093564748764
-0.0220904350280762,18.9540699305841,0.338141322135925
0.00634807348251343,16.627819927686,0.338141322135925
-0.0254365205764771,13.4053201805676,0.338141322135925
-0.0515280961990356,12.5881288803755,0.274566501379013
-0.0644230246543884,11.9491724519606,0.274566501379013
-0.0582611560821533,10.6113335457621,0.274566501379013
-0.113703012466431,9.55804734278847,0.251633882522583
-0.112174332141876,8.36179204908361,0.251633882522583
-0.113661289215088,7.07997011878969,0.251633882522583
-0.12190306186676,6.42606068818334,0.270922601222992
-0.0836732387542725,6.6689628702675,0.270922601222992
-0.0687817931175232,7.40165199401179,0.270922601222992
-0.090708315372467,7.93067441405999,0.283029139041901
-0.00839024782180786,8.58388379052789,0.283029139041901
0.0411076545715332,9.68322610705221,0.283029139041901
-0.0653426647186279,11.2318284177517,0.271363377571106
-0.0764279961585999,12.7427047040504,0.271363377571106
-0.100835680961609,13.8039219428244,0.271363377571106
-0.105332314968109,14.5425246093112,0.155981153249741
-0.108762860298157,13.4841939762071,0.155981153249741
-0.136583864688873,11.8781464068149,0.155981153249741
-0.156258821487427,9.87000193642539,-0.0148239834234118
-0.0732713937759399,8.31890917331006,-0.0148239834234118
0.00689536333084106,9.48917621413239,-0.0148239834234118
-0.00718450546264648,10.6058318359856,-0.0950241610407829
0.0134952068328857,11.7731803177259,-0.0950241610407829
0.0197398662567139,13.4202141055329,-0.0950241610407829
0.0217272639274597,14.8510067396838,-0.106730706989765
0.0298393368721008,15.7334894698954,-0.106730706989765
0.0177017450332642,16.3142324564274,-0.106730706989765
0.0369257926940918,17.1705228934464,-0.0400404073297977
0.0458422899246216,17.2427861150787,-0.0400404073297977
-0.0175764560699463,16.4586328624468,-0.0400404073297977
-0.172766745090485,15.7435804750761,0.114047631621361
-0.0550183057785034,14.8754213589854,0.114047631621361
-0.0229118466377258,15.5561503327597,0.114047631621361
-0.0937129259109497,16.1550045455882,0.292678654193878
-0.180628955364227,17.0257225815234,0.292678654193878
-0.132351636886597,20.0752386394584,0.292678654193878
-0.0444908738136292,21.6947890425552,0.397387713193893
-0.112025082111359,22.1543579067719,0.397387713193893
-0.13170975446701,23.0804279834688,0.397387713193893
-0.0369788408279419,23.4533459934072,0.397387713193893
-0.0371127724647522,24.9451441562903,0.492622077465057
-0.0613800883293152,28.056364657349,0.492622077465057
-0.10989910364151,29.4273019983095,0.492622077465057
-0.125199973583221,29.0083632297793,0.56173974275589
-0.0443461537361145,28.5300008579559,0.56173974275589
0.0039563775062561,28.2869747058286,0.56173974275589
-0.0256513357162476,27.7004031033578,0.533443689346313
-0.0673762559890747,26.3913095086078,0.533443689346313
0.0157487988471985,25.616623318148,0.533443689346313
0.0403599143028259,20.3974941226026,0.315114080905914
0.0608417112380266,15.2357451865871,-0.0359525308012962
0.0680137583985925,19.5033588546335,-0.306860506534576
0.0216114204376936,29.9862600152126,-0.306860506534576
0.0323148854076862,39.0478641688792,-0.306860506534576
0.0197502914816141,41.9470111828283,-0.366572350263596
0.0073108896613121,45.0828182339285,-0.366572350263596
-0.0690134763717651,47.1190761512044,-0.366572350263596
-0.0714694261550903,47.4279716215928,-0.323618054389954
0.026463508605957,47.683341024719,-0.323618054389954
0.0523682832717896,47.5355828037298,-0.323618054389954
0.0521015524864197,46.7832629228875,-0.303987294435501
0.0920170545578003,44.1035728194188,-0.303987294435501
0.110554695129395,40.2961732287889,-0.303987294435501
0.0887566804885864,37.8845187052938,-0.246538504958153
0.0433904528617859,31.5713729638643,-0.246538504958153
0.107426226139069,23.3819853442511,-0.246538504958153
0.058643639087677,20.8679216442864,-0.189663246273994
0.0404411554336548,18.4306332346553,-0.189663246273994
0.0317558646202087,17.9358558559871,-0.189663246273994
0.00883662700653076,21.549293257138,-0.195069998502731
0.0560038685798645,25.2382047985174,-0.195069998502731
0.0569403171539307,28.0029768321714,-0.195069998502731
0.065211296081543,30.3108874863103,-0.251219660043716
0.00362330675125122,32.4668196804251,-0.251219660043716
0.0242757797241211,33.4922463183918,-0.251219660043716
-0.0244243741035461,33.125534708588,-0.286430716514587
-0.102505922317505,31.8800563297086,-0.286430716514587
-0.0696156620979309,29.6669282361937,-0.286430716514587
-0.023614764213562,27.044340681709,-0.0848286375403404
-0.0177923440933228,20.4963224070719,-0.0848286375403404
-0.0252470374107361,17.8979958372039,-0.0848286375403404
-0.0997902154922485,16.3992474337857,0.275290936231613
-0.135314464569092,17.8738356929357,0.275290936231613
-0.0855065584182739,22.2797459242675,0.275290936231613
-0.132888078689575,23.2138192047017,0.406987190246582
-0.200852513313293,22.1814045847563,0.406987190246582
-0.152339220046997,20.9989002460756,0.406987190246582
-0.0893164873123169,20.8284267871731,0.419248104095459
-0.0889159440994263,21.9091566652868,0.419248104095459
-0.131730079650879,23.2202670512013,0.419248104095459
-0.122030138969421,23.5081361883999,0.423863708972931
-0.131446301937103,23.5566950663798,0.423863708972931
-0.148925364017487,23.709050083862,0.423863708972931
-0.185657382011414,23.8419659247383,0.374650597572327
-0.143518269062042,22.2770195880325,0.374650597572327
-0.0364322662353516,19.9545510256303,0.374650597572327
0.0032990574836731,19.255878456254,0.26850214600563
0.0444883704185486,17.0550720631403,0.26850214600563
-0.00255602598190308,14.070795765555,0.26850214600563
-0.144838333129883,13.3775632573821,0.169316709041595
-0.184248387813568,12.4350087305028,0.169316709041595
-0.063726544380188,10.6386539950033,0.169316709041595
-0.07901930809021,9.33067515541349,0.125671207904816
-0.0768765807151794,8.18369027385394,0.125671207904816
-0.0929746627807617,7.11697331016521,0.125671207904816
-0.130971431732178,6.50141971837248,0.1178959608078
-0.0898683667182922,6.04716514557095,0.1178959608078
-0.129548609256744,5.5094662626974,0.1178959608078
-0.157451212406158,5.3730929483006,0.119383089244366
-0.143754780292511,6.06770646851255,0.119383089244366
-0.110204458236694,7.49342592792216,0.119383089244366
-0.0755602717399597,9.42148037673964,0.157505095005035
-0.131144404411316,11.4723999170901,0.157505095005035
-0.151466429233551,13.0550832532012,0.157505095005035
-0.0943288803100586,14.0235118702268,0.167854592204094
-0.0985872745513916,13.4716502606116,0.167854592204094
-0.129178464412689,11.4273362606202,0.167854592204094
-0.108748435974121,8.41965294176726,0.074079841375351
-0.0444598197937012,5.62785237984726,0.074079841375351
-0.00157856941223145,6.03425475421248,0.074079841375351
-0.0214987397193909,7.47372065086276,-0.0393886342644691
0.0378084182739258,9.58063584795475,-0.0393886342644691
0.0026780366897583,12.1446684832182,-0.0393886342644691
-0.000915884971618652,14.0290374555213,-0.0924275815486908
0.0363609790802002,15.2925991633655,-0.0924275815486908
0.0525559782981873,16.2948850932289,-0.0924275815486908
0.0462253093719482,17.3573302172208,-0.0802838355302811
0.0359851121902466,17.8119162770953,-0.0802838355302811
-0.00389003753662109,17.3937887463047,-0.0802838355302811
-0.0980459451675415,16.691735381262,0.0358345210552216
-0.0817012786865234,15.6145310279227,0.0358345210552216
-0.0366525053977966,15.7567757687487,0.0358345210552216
-0.0710670351982117,15.9913770832991,0.236679449677467
-0.136512219905853,16.7806019229509,0.236679449677467
-0.124703049659729,20.0277123353159,0.236679449677467
-0.103635668754578,21.7937435759879,0.361356288194656
-0.13356077671051,22.1978928203903,0.361356288194656
-0.126484394073486,23.0180422114974,0.361356288194656
-0.0408809781074524,23.3490321174256,0.361356288194656
-0.0435103178024292,24.5399142730418,0.43223625421524
-0.132890522480011,27.0210644605869,0.43223625421524
-0.139044880867004,28.0494787178338,0.43223625421524
-0.0884798765182495,27.470421335095,0.477324545383453
-0.0147978663444519,26.7190189945747,0.477324545383453
-0.00377422571182251,26.3153149255684,0.477324545383453
-0.017205536365509,26.3452223709955,0.497522324323654
-0.00737959146499634,26.4319031961717,0.497522324323654
0.00587546825408936,26.4317769909436,0.497522324323654
-0.00981158018112183,21.0769075988337,0.32975971698761
0.0646895319223404,19.8354330949006,-0.0359525308012962
0.044197715818882,21.994760144673,-0.306860506534576
0.0378302857279778,31.8701244615017,-0.306860506534576
0.0469857975840569,40.8412473949869,-0.306860506534576
-0.0510920882225037,43.4378087805489,-0.366572350263596
-0.0545570254325867,45.3771962006301,-0.366572350263596
-0.0122131109237671,46.3216961752946,-0.366572350263596
0.00724881887435913,46.5362738022921,-0.323618054389954
0.0812707543373108,45.9622582079326,-0.323618054389954
0.0682080388069153,44.4814466363875,-0.323618054389954
0.0351111888885498,42.871184983721,-0.303987294435501
0.0747953057289124,38.4330918504583,-0.303987294435501
0.0629034638404846,32.4982754991185,-0.303987294435501
0.097604513168335,29.7038228865462,-0.246538504958153
0.0607272386550903,23.1074639990417,-0.246538504958153
0.0436327457427979,16.3398561347522,-0.246538504958153
0.040343701839447,17.5223260124633,-0.189663246273994
0.0768477916717529,18.9975527324486,-0.189663246273994
0.0420734882354736,20.7611849366204,-0.189663246273994
0.00864672660827637,23.5166899100544,-0.195069998502731
0.0112233757972717,26.0883055438107,-0.195069998502731
0.0253946781158447,27.783797032222,-0.195069998502731
0.0279245972633362,28.7859032205955,-0.251219660043716
0.00541985034942627,30.2856145100537,-0.251219660043716
0.00763785839080811,31.5865485099699,-0.251219660043716
0.0334256887435913,31.4265470080192,-0.286430716514587
0.0173783898353577,30.7980623168123,-0.286430716514587
0.026029646396637,29.63486998048,-0.286430716514587
0.00599318742752075,27.9535472387956,-0.0848286375403404
0.0338386297225952,21.3057142653726,-0.0848286375403404
0.0213658809661865,16.9187174915341,-0.0848286375403404
-0.00470179319381714,14.6418889963573,0.275290936231613
-0.0398399233818054,15.9117483512789,0.275290936231613
-0.0740715861320496,21.1488013587753,0.275290936231613
-0.116106986999512,22.2667922731336,0.406987190246582
-0.16612446308136,21.7567386064108,0.406987190246582
-0.143490970134735,21.3636965669987,0.406987190246582
-0.10548859834671,21.4933833504476,0.419248104095459
-0.0878740549087524,22.5430304808341,0.419248104095459
-0.133213520050049,23.788299769137,0.419248104095459
-0.136553168296814,24.2299108083226,0.423863708972931
-0.108564436435699,24.5792336483917,0.423863708972931
-0.0916661620140076,24.9988168851769,0.423863708972931
-0.111275494098663,25.2543546827683,0.374650597572327
-0.036471962928772,23.7877945509048,0.374650597572327
-0.0492015480995178,21.6450910985301,0.374650597572327
-0.0895477533340454,21.1323194647144,0.26850214600563
-0.00470614433288574,19.3978611596404,0.26850214600563
-0.0126224160194397,17.0558659407781,0.26850214600563
-0.172941625118256,16.549937597857,0.169316709041595
-0.196796000003815,15.6377853083131,0.169316709041595
-0.103909492492676,14.2129399397881,0.169316709041595
-0.0923401117324829,13.4301836392582,0.125671207904816
-0.0841405987739563,12.8315693862847,0.125671207904816
-0.0775325894355774,12.2407374437616,0.125671207904816
-0.0846247673034668,11.7844866673998,0.1178959608078
-0.0967034697532654,11.0261275418875,0.1178959608078
-0.143439888954163,9.62967087898322,0.1178959608078
-0.161505103111267,7.90102223087035,0.119383089244366
-0.211051464080811,5.94490832433256,0.119383089244366
-0.160134494304657,3.74270932562742,0.119383089244366
-0.0560919642448425,2.29724548784433,0.157505095005035
-0.172277331352234,3.8562636430531,0.157505095005035
-0.166456341743469,6.04523672451455,0.157505095005035
-0.125464737415314,7.34319445121172,0.167854592204094
-0.0883573293685913,7.24577339064475,0.167854592204094
-0.0923686027526855,5.50093516537943,0.167854592204094
-0.124954342842102,2.95161111061715,0.074079841375351
-0.0675914883613586,0.979590424414312,0.074079841375351
-0.0145725607872009,4.83377916035063,0.074079841375351
-0.0024755597114563,8.13900998301457,-0.0393886342644691
0.0244438052177429,11.2184137926542,-0.0393886342644691
-0.00194054841995239,14.1432147812871,-0.0393886342644691
-0.0164786577224731,16.2358339293464,-0.0924275815486908
0.03290194272995,17.7271516435854,-0.0924275815486908
0.052751898765564,18.8418661903245,-0.0924275815486908
0.0377098917961121,19.6980695512718,-0.0802838355302811
0.0190214514732361,20.0889237638619,-0.0802838355302811
-0.000900328159332275,19.7571912204734,-0.0802838355302811
4.9889087677002e-05,19.0042984750693,0.0358345210552216
-0.01264888048172,17.6892482953707,0.0358345210552216
0.00354856252670288,17.0149888012296,0.0358345210552216
-0.021681547164917,16.4700776608658,0.236679449677467
-0.094810426235199,16.7300787231193,0.236679449677467
-0.117450892925262,19.8228886957395,0.236679449677467
-0.138927340507507,21.5294974261315,0.361356288194656
-0.10191011428833,21.7784005402693,0.361356288194656
-0.116280555725098,22.5709850132765,0.361356288194656
-0.123936831951141,22.9500649310432,0.361356288194656
-0.081495463848114,23.9446767986071,0.43223625421524
-0.10712605714798,25.960136117133,0.43223625421524
-0.120947897434235,26.7751833521785,0.43223625421524
-0.128374338150024,26.1167574184141,0.477324545383453
-0.0791320204734802,25.1168436626115,0.477324545383453
-0.0189139246940613,24.513141250747,0.477324545383453
0.00198626518249512,24.9947470440155,0.497522324323654
-0.0127227902412415,26.2196925964235,0.497522324323654
-0.0608493685722351,26.8708698744464,0.497522324323654
-0.050287663936615,21.4538366620976,0.32975971698761
0.059034762904048,22.8603471475711,-0.0359525308012962
0.0570685509592295,23.9865991520759,-0.306860506534576
0.0235405694693327,34.2590013471069,-0.306860506534576
0.029207918792963,43.5742229539069,-0.306860506534576
-0.0394305884838104,45.7288659403382,-0.366572350263596
0.0101140737533569,46.0281765550173,-0.366572350263596
0.077397346496582,45.4847472411399,-0.366572350263596
0.0946310758590698,45.5668297518998,-0.323618054389954
0.121847867965698,43.5589456530392,-0.323618054389954
0.0773804187774658,39.773406162719,-0.323618054389954
0.0807178020477295,36.9184520329144,-0.303987294435501
0.0807856917381287,30.4109883278074,-0.303987294435501
0.0629869103431702,22.6323724467112,-0.303987294435501
0.0640594363212585,21.891397690148,-0.246538504958153
0.0272754430770874,20.7142242021894,-0.246538504958153
0.000687718391418457,21.032995645066,-0.246538504958153
0.0192685723304749,24.0771665379129,-0.189663246273994
0.0453281998634338,26.3425194048401,-0.189663246273994
0.0420595407485962,27.3481268125217,-0.189663246273994
0.00666683912277222,27.8497176426173,-0.195069998502731
-0.0233873724937439,28.2953964795284,-0.195069998502731
0.0290197730064392,28.3001568176882,-0.195069998502731
0.0321037173271179,27.6507678102754,-0.251219660043716
0.0351939797401428,28.101280320957,-0.251219660043716
0.0275852680206299,29.3852382310705,-0.251219660043716
0.0464096665382385,29.3933414904213,-0.286430716514587
0.0692057013511658,29.3786739863572,-0.286430716514587
0.0800854563713074,29.2302569166523,-0.286430716514587
0.045762300491333,28.4270372181969,-0.0848286375403404
0.0573625564575195,22.2030676083155,-0.0848286375403404
0.0375509858131409,16.5790547257371,-0.0848286375403404
0.0206573009490967,13.5035960942001,0.275290936231613
0.0167627334594727,13.9399483890515,0.275290936231613
-0.0647889971733093,19.7844501410109,0.275290936231613
-0.135827660560608,21.0611734791785,0.406987190246582
-0.128663241863251,21.3539203376072,0.406987190246582
-0.13045197725296,22.1035114261479,0.406987190246582
-0.0959426164627075,22.6092125330194,0.419248104095459
-0.093156099319458,23.73699646288,0.419248104095459
-0.122234523296356,25.0955976112049,0.419248104095459
-0.145328938961029,25.8232477815294,0.423863708972931
-0.136082530021667,26.3817437723531,0.423863708972931
-0.00683438777923584,26.8614923757979,0.423863708972931
0.0377921462059021,27.1943350831653,0.374650597572327
0.0402606725692749,25.9663827200174,0.374650597572327
-0.0544266700744629,24.21907542139,0.374650597572327
-0.0918901562690735,24.0205346628035,0.26850214600563
-0.0277671217918396,22.7435187473528,0.26850214600563
-0.0238770842552185,20.9117845636624,0.26850214600563
-0.0935652852058411,20.5117309246099,0.169316709041595
-0.082924485206604,19.8433947309117,0.169316709041595
-0.0228634476661682,19.0955257794506,0.169316709041595
-0.0368663668632507,19.0973228759732,0.125671207904816
-0.0405000448226929,19.1954456787311,0.125671207904816
-0.0772417783737183,19.0920992730752,0.125671207904816
-0.0928170680999756,18.9118733358919,0.1178959608078
-0.0988340973854065,18.4347682587555,0.1178959608078
-0.0978915095329285,17.5390198827437,0.1178959608078
-0.123989284038544,16.4223175520039,0.119383089244366
-0.19415271282196,14.9429570800155,0.119383089244366
-0.121472358703613,12.794759551879,0.119383089244366
-0.0655931234359741,10.0783224657851,0.157505095005035
-0.133229315280914,7.38241080311851,0.157505095005035
-0.191030859947205,5.83994669432962,0.157505095005035
-0.19041121006012,4.90789382255188,0.167854592204094
-0.112653315067291,4.60944038674271,0.167854592204094
-0.153202593326569,5.50500054839142,0.167854592204094
-0.167609572410583,7.0492346050935,0.074079841375351
-0.0766831040382385,8.30201146376095,0.074079841375351
-0.0200363993644714,10.2916410337059,0.074079841375351
0.0254546403884888,12.9517165374335,-0.0393886342644691
-0.0138142704963684,15.5561503608272,-0.0393886342644691
-0.0342142581939697,18.0109672495906,-0.0393886342644691
-0.0197314620018005,19.9291864737508,-0.0924275815486908
0.0276568531990051,21.3827567788602,-0.0924275815486908
0.0516606569290161,22.3660982890297,-0.0924275815486908
0.0346211791038513,22.8672728157427,-0.0802838355302811
-0.00311100482940674,22.9846258155809,-0.0802838355302811
-0.0428791642189026,22.5745565741249,-0.0802838355302811
-0.00373339653015137,21.7414955391795,0.0358345210552216
0.00580501556396484,20.2165757488686,0.0358345210552216
0.0433342456817627,18.7235313550456,0.0358345210552216
-0.00198876857757568,17.2553584968215,0.236679449677467
-0.0562955737113953,16.6836663805378,0.236679449677467
-0.106810390949249,19.3288248024291,0.236679449677467
-0.106928646564484,20.8777465361859,0.361356288194656
-0.0811249017715454,21.0554015879873,0.361356288194656
-0.0787848830223083,22.0748061877801,0.361356288194656
-0.0943973064422607,22.6395278924045,0.43223625421524
-0.046027660369873,23.5067162771184,0.43223625421524
-0.0616161823272705,25.1921896914086,0.43223625421524
-0.0573194026947021,25.886857526217,0.43223625421524
-0.074228048324585,25.1985983779288,0.477324545383453
-0.0249395370483398,24.0022813537476,0.477324545383453
-0.016537070274353,23.2387235830665,0.477324545383453
-0.00973820686340332,23.9298862092599,0.497522324323654
-0.0163977742195129,25.7197826457187,0.497522324323654
-0.0570780038833618,26.6711909820501,0.497522324323654
-0.0128211975097656,21.2642274876406,0.32975971698761
0.0397347062826157,25.0622732360934,-0.147986188530922
0.0737079763785005,26.126750429633,-0.461978256702423
0.00610277056694031,37.6565801740264,-0.461978256702423
-0.059527724981308,47.4555877777674,-0.461978256702423
-0.00637578964233398,49.2556165402619,-0.472223579883575
0.0371301174163818,47.9057267197865,-0.472223579883575
0.0972809195518494,45.7200355341253,-0.472223579883575
0.105876922607422,45.6400895785647,-0.292898207902908
0.104747772216797,42.0517828330633,-0.292898207902908
0.0810071229934692,35.9383545345731,-0.292898207902908
0.111834466457367,31.9947027870736,-0.145090684294701
0.101236522197723,23.8028961730048,-0.145090684294701
0.0634419918060303,14.0244364543413,-0.145090684294701
0.0341374278068542,14.2537835781773,-0.0879465714097023
0.0597373843193054,17.5076977312949,-0.0879465714097023
0.0628716349601746,20.9289946425521,-0.0879465714097023
-0.00922083854675293,24.3220956969226,-0.114779844880104
0.0174509882926941,26.9355745601567,-0.114779844880104
0.0382499098777771,28.1057257357573,-0.114779844880104
0.00518876314163208,28.3768726371947,-0.174226641654968
-0.0151791572570801,28.6647555718804,-0.174226641654968
0.0368949770927429,28.6488978907667,-0.174226641654968
0.0260047316551208,27.8424834384211,-0.254813224077225
0.0316323637962341,28.148195319964,-0.254813224077225
0.0329711437225342,29.3378156042533,-0.254813224077225
0.0409818887710571,29.3437859294704,-0.334811568260193
0.0433998703956604,29.5987319543718,-0.334811568260193
0.0788574814796448,29.8443742905997,-0.334811568260193
0.0620267987251282,29.2348557003375,-0.21035099029541
0.0664625763893127,23.3218115624741,-0.21035099029541
0.0412245392799377,16.8511350009536,-0.21035099029541
0.0296246409416199,13.2136535964606,0.172782525420189
0.0246137380599976,12.1903661242938,0.172782525420189
-0.0337656140327454,18.3746869781232,0.172782525420189
-0.115697860717773,19.828025069699,0.418078511953354
-0.13388854265213,21.1120531438147,0.418078511953354
-0.140090107917786,23.1636725499092,0.418078511953354
-0.0905946493148804,23.9656275574983,0.46622022986412
-0.0942834615707397,25.0415985826093,0.46622022986412
-0.11205780506134,26.3476194473664,0.46622022986412
-0.171614348888397,27.0770277520142,0.441259205341339
-0.139284253120422,27.4436509269045,0.441259205341339
-0.00624942779541016,27.6543534870162,0.441259205341339
0.0760112404823303,27.9205130149702,0.376864016056061
0.0215980410575867,26.724534126784,0.376864016056061
-0.0398451685905457,25.0272600088803,0.376864016056061
0.0428956151008606,24.8679179076579,0.271127492189407
0.0283505916595459,23.5288525173884,0.271127492189407
-0.0736742615699768,21.6080483884578,0.271127492189407
-0.0884191393852234,21.1831985276615,0.161678954958916
-0.0130847096443176,20.5715136859941,0.161678954958916
0.0594976544380188,19.9306878703208,0.161678954958916
0.0182402729988098,20.0474604980137,0.105756133794785
0.0232186317443848,20.2141669452482,0.105756133794785
-0.00327974557876587,20.1402413825684,0.105756133794785
-0.0933593511581421,19.9952664761031,0.0550490915775299
-0.119891166687012,19.5454873557219,0.0550490915775299
-0.0965116620063782,18.7466224686139,0.0550490915775299
-0.116693496704102,17.7614215180202,-0.0268142092972994
-0.255629420280457,16.4508047725519,-0.0268142092972994
-0.201859176158905,14.6195890168606,-0.0268142092972994
-0.127989590167999,12.1456942761388,-0.00868130195885897
-0.147494733333588,9.0997846007537,-0.00868130195885897
-0.152350246906281,6.75479902391356,-0.00868130195885897
-0.150838255882263,5.28569196018926,0.116631656885147
-0.12345165014267,5.24818688024868,0.116631656885147
-0.153663575649261,7.59708685180925,0.116631656885147
-0.0913971066474915,9.60430816300297,0.142925202846527
-0.0704450607299805,10.4393991096931,0.142925202846527
-0.0892817974090576,11.7138559371484,0.142925202846527
-0.0511034727096558,14.0241242434301,0.0531054623425007
-0.0611395239830017,16.3177278345837,0.0531054623425007
-0.042005181312561,18.4929326577863,0.0531054623425007
-0.00510501861572266,20.3495444501727,-0.0387440919876099
0.0278696417808533,21.8432483315878,-0.0387440919876099
0.0418573021888733,22.8918478402998,-0.0387440919876099
0.0467856526374817,23.3795859593796,-0.0922035351395607
-0.00291174650192261,23.5105966369588,-0.0922035351395607
-0.0392963290214539,23.2054296942223,-0.0922035351395607
0.0271651744842529,22.4257930872283,-0.0456038154661655
0.0317854285240173,20.8303213211171,-0.0456038154661655
0.0260577797889709,18.9180767896844,-0.0456038154661655
0.0112703442573547,17.0187621072833,0.152366280555725
0.00811934471130371,15.9647358119772,0.152366280555725
-0.0355790257453918,18.4073837928978,0.152366280555725
-0.0665211081504822,20.0088564107912,0.328693479299545
-0.101244628429413,20.3485106590682,0.328693479299545
-0.107402920722961,21.8089105999485,0.328693479299545
-0.0823730826377869,22.6072644152423,0.401460975408554
-0.0536800622940063,23.3049052538781,0.401460975408554
-0.0679808855056763,24.6349854835662,0.401460975408554
-0.0205723643302917,25.1563009376277,0.401460975408554
0.0107088685035706,24.3698450804598,0.415476053953171
0.0375877618789673,22.9430795000218,0.415476053953171
-0.00163686275482178,22.0405779852897,0.415476053953171
0.0199310183525085,22.8495729013019,0.437213808298111
0.063399612903595,24.9164732742863,0.437213808298111
0.0717977285385132,26.0052660562148,0.437213808298111
0.0882937908172607,20.686264638798,0.302965402603149
0.021325072273612,28.271958974178,-0.147986188530922
0.0410510562360287,29.8298273542612,-0.461978256702423
-0.00494332611560822,41.3314915016827,-0.461978256702423
-0.0263471603393555,50.5689403902794,-0.461978256702423
0.0363779067993164,51.706995167573,-0.472223579883575
0.0528163909912109,48.2126397530033,-0.472223579883575
0.0562568306922913,43.113373501133,-0.472223579883575
0.100330710411072,41.8717377032705,-0.292898207902908
0.0754978060722351,34.8886549338042,-0.292898207902908
0.0774163603782654,24.5991521568045,-0.292898207902908
0.0957170724868774,20.9704799474785,-0.145090684294701
0.0465507507324219,13.9900391910193,-0.145090684294701
0.0231554508209229,10.6625662562273,-0.145090684294701
0.0712069869041443,15.8417157961874,-0.0879465714097023
0.0904936194419861,20.5303395624034,-0.0879465714097023
0.0775133371353149,23.5462719028408,-0.0879465714097023
-0.0241671204566956,25.6430097609049,-0.114779844880104
0.0136052370071411,27.230998636884,-0.114779844880104
0.0153706669807434,27.8090149150226,-0.114779844880104
0.022878110408783,27.4813956140244,-0.174226641654968
0.024415135383606,27.4521250635145,-0.174226641654968
0.0331166982650757,27.5835371471761,-0.174226641654968
0.0111484527587891,26.9555646628863,-0.254813224077225
0.0240690112113953,27.4423608089224,-0.254813224077225
0.0281944274902344,28.6996005148384,-0.254813224077225
0.0421317219734192,28.740832428326,-0.334811568260193
0.0790971517562866,29.2948138880339,-0.334811568260193
0.0737186074256897,29.8814260468303,-0.334811568260193
0.081739604473114,29.2918632541861,-0.21035099029541
0.0854358673095703,23.3348507091861,-0.21035099029541
0.0606827139854431,16.1185643783632,-0.21035099029541
0.0539621710777283,12.4542825695619,0.172782525420189
0.0300955772399902,9.8218319201146,0.172782525420189
-0.0177987813949585,16.6549746547139,0.172782525420189
-0.119288861751556,18.4319516225735,0.418078511953354
-0.161513328552246,20.814751661667,0.418078511953354
-0.162568867206573,24.1869472137396,0.418078511953354
-0.140629649162292,25.2571546247788,0.46622022986412
-0.106513440608978,26.2484243039079,0.46622022986412
-0.103893995285034,27.4543661747085,0.46622022986412
-0.138488292694092,28.1214549746159,0.441259205341339
-0.0992193818092346,28.1388503199251,0.441259205341339
-0.013666033744812,27.848763162977,0.441259205341339
0.0773345232009888,27.8462609548544,0.376864016056061
0.0462532043457031,26.4289594497481,0.376864016056061
-0.00202667713165283,24.4478818605486,0.376864016056061
0.0924445390701294,24.0537753466352,0.271127492189407
0.0375269055366516,22.2883833539473,0.271127492189407
-0.0521852970123291,19.911087194009,0.271127492189407
-0.0251749753952026,19.4065236639939,0.161678954958916
0.00152391195297241,18.7648095481897,0.161678954958916
0.0554248094558716,18.0475400497589,0.161678954958916
0.0351800322532654,18.1653405085697,0.105756133794785
0.0428217053413391,18.428906302002,0.105756133794785
-0.0109879970550537,18.7051262442478,0.105756133794785
-0.132298052310944,19.1577378187979,0.0550490915775299
-0.178246080875397,19.3104062329011,0.0550490915775299
-0.106170952320099,19.1646696826887,0.0550490915775299
-0.138091802597046,18.8573468390589,-0.0268142092972994
-0.240137219429016,18.3137832316222,-0.0268142092972994
-0.21120274066925,17.4954626648078,-0.0268142092972994
-0.108763813972473,15.9252094650132,-0.00868130195885897
-0.113156676292419,13.2958416743136,-0.00868130195885897
-0.124294519424438,10.8781885387369,-0.00868130195885897
-0.132867634296417,9.28142727958375,0.116631656885147
-0.135181665420532,8.64950882350225,0.116631656885147
-0.134799599647522,10.7157435782244,0.116631656885147
-0.144590198993683,12.3455022408832,0.142925202846527
-0.130566775798798,12.33692665585,0.142925202846527
-0.0850535035133362,12.5264371426247,0.142925202846527
-0.0993181467056274,13.9233280515551,0.0531054623425007
-0.0581809878349304,15.3834996842455,0.0531054623425007
-0.0120575428009033,17.0285413077716,0.0531054623425007
-0.00689607858657837,18.8804782426218,-0.0387440919876099
0.0156115889549255,20.5387456851784,-0.0387440919876099
0.0460965633392334,21.8249117635816,-0.0387440919876099
0.0467274188995361,22.5416075047854,-0.0922035351395607
0.0156738758087158,22.9516171877149,-0.0922035351395607
-0.0127926468849182,23.0857009011039,-0.0922035351395607
-0.0168700814247131,22.7576398376478,-0.0456038154661655
0.00570374727249146,21.5517368840964,-0.0456038154661655
0.00839191675186157,19.7536804410373,-0.0456038154661655
0.0108698010444641,17.8522355182209,0.152366280555725
0.0145213603973389,16.4612602299854,0.152366280555725
-0.0125331282615662,18.3799510425929,0.152366280555725
-0.0832386016845703,19.8430936931621,0.328693479299545
-0.123846888542175,20.2296992203241,0.328693479299545
-0.122202396392822,21.9339553681345,0.328693479299545
-0.0935153961181641,22.8032070112879,0.401460975408554
-0.0920023322105408,23.2607756964004,0.401460975408554
-0.119486272335052,24.2729109024809,0.401460975408554
-0.0673635601997375,24.6653233101963,0.401460975408554
-0.0200020670890808,23.8193716680283,0.415476053953171
0.0346264839172363,22.2405801750656,0.415476053953171
0.0283240079879761,21.2560871393483,0.415476053953171
0.0772292017936707,22.0321519742039,0.437213808298111
0.048816978931427,24.0308736813866,0.437213808298111
0.0696781873703003,25.0470448172503,0.437213808298111
0.107600957155228,19.839420109503,0.302965402603149
0.0413404395803809,5.1882516786318,0.0845995247364044
0.0318542495369911,8.38680275835554,-0.147986188530922
0.0440396778285503,20.5247045536556,-0.147986188530922
0.00324344635009766,32.8418570588153,-0.147986188530922
0.0197670310735703,34.860407536768,-0.461978256702423
-0.0123224407434464,44.3548788299327,-0.461978256702423
0.0429754555225372,51.8772524498959,-0.461978256702423
0.0172667503356934,52.3488690097517,-0.472223579883575
0.0288002490997314,46.7315989992435,-0.472223579883575
0.0767924785614014,38.1881338462071,-0.472223579883575
0.0912532210350037,35.990445308589,-0.292898207902908
0.068507969379425,26.5012404128025,-0.292898207902908
0.0523264408111572,15.4866956114962,-0.292898207902908
0.0262824892997742,18.1361498211862,-0.145090684294701
0.0395710468292236,20.2737745028955,-0.145090684294701
0.0624021291732788,22.6058368904808,-0.145090684294701
0.0849264860153198,24.8096220539247,-0.0879465714097023
0.0546759963035583,26.476870891879,-0.0879465714097023
0.0600948929786682,27.3372666272068,-0.0879465714097023
0.00176960229873657,27.7073940788125,-0.114779844880104
-0.0141564011573792,27.8756391448076,-0.114779844880104
0.0211379528045654,27.6156261159201,-0.114779844880104
0.0392215847969055,26.5313621143599,-0.174226641654968
0.0648329854011536,26.0338585034074,-0.174226641654968
0.0585176944732666,26.1906422309674,-0.174226641654968
0.0422255992889404,25.7448078299811,-0.254813224077225
0.0619015693664551,26.4598833644711,-0.254813224077225
0.0528948903083801,27.8377866148822,-0.254813224077225
0.0663294196128845,27.9312459927226,-0.334811568260193
0.082236111164093,28.9131243593346,-0.334811568260193
0.0516608357429504,30.0052820368376,-0.334811568260193
0.093578577041626,29.4846796593729,-0.21035099029541
0.0937772393226624,23.4260231672213,-0.21035099029541
0.0705282092094421,15.6568690474183,-0.21035099029541
0.068303644657135,12.2767186990182,0.172782525420189
0.0428400039672852,7.55258518581059,0.172782525420189
-0.00711047649383545,14.9978672205768,0.172782525420189
-0.0942955613136292,17.1330386179703,0.418078511953354
-0.139651596546173,20.6331129313835,0.418078511953354
-0.174866855144501,25.2777727191756,0.418078511953354
-0.205438017845154,26.5922689476452,0.46622022986412
-0.135014235973358,27.47167350431,0.46622022986412
-0.0962345600128174,28.5442454975884,0.46622022986412
-0.113745510578156,29.1413141184167,0.441259205341339
-0.0907691717147827,28.6853170103388,0.441259205341339
-0.0398676991462708,27.7075151638165,0.441259205341339
0.0285472273826599,27.3670458967237,0.376864016056061
0.0371478199958801,25.7244046349709,0.376864016056061
0.0381873846054077,23.4593805380854,0.376864016056061
0.101777613162994,22.8162989060175,0.271127492189407
0.03531813621521,20.6619214118905,0.271127492189407
-0.0473328232765198,17.8359358746367,0.271127492189407
0.0311941504478455,17.2401780391692,0.161678954958916
0.00295305252075195,16.5121530855176,0.161678954958916
-0.0440117716789246,15.6369496233354,0.161678954958916
-0.0368225574493408,15.7335284060983,0.105756133794785
-0.00066530704498291,16.1927897853416,0.105756133794785
-0.0393691658973694,17.0076054860908,0.105756133794785
-0.100430846214294,18.2526862919833,0.0550490915775299
-0.146026432514191,19.1201972327836,0.0550490915775299
-0.0760727524757385,19.7333138151881,0.0550490915775299
-0.096364438533783,20.2610927781991,-0.0268142092972994
-0.12041825056076,20.600007837085,-0.0268142092972994
-0.10820198059082,20.8301806291087,-0.0268142092972994
-0.0745159983634949,20.1898025210312,-0.00868130195885897
-0.0445182919502258,18.2788812166859,-0.00868130195885897
-0.104869306087494,16.2647865904166,-0.00868130195885897
-0.108234167098999,14.8447399358175,0.116631656885147
-0.134864926338196,13.7163234290264,0.116631656885147
-0.154120862483978,14.2916979924731,0.116631656885147
-0.192998290061951,14.6245063528999,0.142925202846527
-0.125752508640289,13.739918601452,0.142925202846527
-0.0767724514007568,13.1839166476443,0.142925202846527
-0.111020863056183,13.7045078193753,0.0531054623425007
-0.0889743566513062,14.2771929310362,0.0531054623425007
-0.0216137766838074,15.3000132711141,0.0531054623425007
-0.0121427774429321,17.1112367480884,-0.0387440919876099
0.00749534368515015,18.8973197748418,-0.0387440919876099
0.0342521667480469,20.3996383159747,-0.0387440919876099
0.0475393533706665,21.3934537298474,-0.0922035351395607
0.0295215249061584,22.135953095569,-0.0922035351395607
0.0028495192527771,22.774176432821,-0.0922035351395607
0.0112199783325195,22.9973000602178,-0.0456038154661655
0.0225645899772644,22.3721013082736,-0.0456038154661655
-0.00493448972702026,20.9783223996235,-0.0456038154661655
0.00773334503173828,19.292338530715,0.152366280555725
0.0170693397521973,17.6845487458808,0.152366280555725
-0.0524156093597412,18.9141967076763,0.152366280555725
-0.119498550891876,20.0790905335473,0.328693479299545
-0.0875019431114197,20.36789114214,0.328693479299545
-0.0483474135398865,22.0659074687497,0.328693479299545
-0.0260955095291138,22.8559247523215,0.401460975408554
-0.0289970636367798,23.1265613369015,0.401460975408554
-0.0870978832244873,24.0214253043982,0.401460975408554
-0.0860642790794373,24.4099145078472,0.401460975408554
-0.0437389016151428,23.581970858968,0.415476053953171
0.0728484988212585,22.0041440049388,0.415476053953171
0.0537641048431396,21.0660698656115,0.415476053953171
0.031102180480957,21.6080473683533,0.437213808298111
0.013899028301239,22.9708320685858,0.437213808298111
0.0916529297828674,23.5396744982571,0.437213808298111
0.12871303409338,18.4940686073353,0.302965402603149
0.0696125864051282,8.57473412836018,-0.0132104866206646
0.0344703495502472,11.2696599185784,-0.230624839663506
0.062676209025085,24.114387278193,-0.230624839663506
-0.0152572272345424,35.9355864995076,-0.230624839663506
0.00137262046337128,37.8173331535852,-0.436557918787003
-0.0515019595623016,45.5224276417591,-0.436557918787003
0.0725679993629456,51.6910765213222,-0.436557918787003
-0.0152424573898315,51.9647850555431,-0.433791160583496
0.0286813974380493,44.7374319696017,-0.433791160583496
0.078848123550415,33.3083900068607,-0.433791160583496
0.0603250861167908,30.4421050951648,-0.162279173731804
0.0561856627464294,20.0291902810085,-0.162279173731804
0.0162842869758606,11.3280006436134,-0.162279173731804
0.0128821134567261,17.0759694897586,-0.0246926452964544
0.0471673011779785,22.0298068681492,-0.0246926452964544
0.0721994638442993,24.9761732941166,-0.0246926452964544
0.0334312915802002,26.5606567706975,-0.0391281433403492
0.0175676345825195,27.6098787774803,-0.0391281433403492
0.0264585614204407,28.0554627100846,-0.0391281433403492
0.00993198156356812,28.109667339298,-0.118920356035233
0.0132289528846741,28.0766889343754,-0.118920356035233
0.0344282984733582,27.8783802427464,-0.118920356035233
0.0752550959587097,26.7183259340148,-0.209201350808144
0.0881338119506836,26.1253112050131,-0.209201350808144
0.0627574324607849,26.2043092393901,-0.209201350808144
0.0569698214530945,25.7799689770834,-0.284243404865265
0.105362415313721,26.51171611668,-0.284243404865265
0.0888221859931946,27.8477611319061,-0.284243404865265
0.0684337615966797,27.9370279339647,-0.375959515571594
0.0841888785362244,29.3646723196512,-0.375959515571594
0.100738286972046,31.0493298733724,-0.375959515571594
0.102640509605408,30.6936715795415,-0.29484036564827
0.0905447602272034,24.8274615805315,-0.29484036564827
0.0777917504310608,17.0373950737959,-0.29484036564827
0.0656596422195435,13.8704756183679,0.0954749435186386
0.0630595684051514,6.97151800932061,0.0954749435186386
0.0541645884513855,13.7962192122458,0.0954749435186386
-0.096036970615387,16.1289000933388,0.436261683702469
-0.141558706760406,20.6607277615449,0.436261683702469
-0.173915266990662,26.4998928345572,0.436261683702469
-0.220766723155975,28.0447315901774,0.526209235191345
-0.133556544780731,28.8032399479081,0.526209235191345
-0.0420308113098145,29.7287729895805,0.526209235191345
-0.0285413861274719,30.2644010991131,0.484972208738327
-0.0133799910545349,29.3014360215445,0.484972208738327
-0.0293951630592346,27.6286538325874,0.484972208738327
0.00579756498336792,27.0673388352372,0.407036185264587
0.0139830708503723,25.4243683069353,0.407036185264587
0.0370630621910095,23.1711812038118,0.407036185264587
0.0997339487075806,22.5003416682236,0.312484502792358
-0.00715631246566772,20.3577257576197,0.312484502792358
-0.0622268915176392,17.5490869963599,0.312484502792358
0.0535334348678589,16.9544338274997,0.219897046685219
0.00594931840896606,16.2021943356258,0.219897046685219
-0.0700001120567322,15.2698476159527,0.219897046685219
-0.0682710409164429,15.3439624814802,0.17191144824028
-0.0271602869033813,15.9645834617922,0.17191144824028
-0.0515275597572327,17.0447070459726,0.17191144824028
-0.0636782050132751,18.4741444215483,0.0963065251708031
-0.09041827917099,19.2917153832547,0.0963065251708031
-0.0368689298629761,19.8958617969403,0.0963065251708031
-0.0765344500541687,20.582126535394,-0.045865785330534
-0.0939938426017761,21.1127762518406,-0.045865785330534
-0.0608218312263489,21.7781721011118,-0.045865785330534
-0.0311229825019836,21.486574673452,-0.0841994509100914
-0.0120952725410461,19.7027533055166,-0.0841994509100914
-0.0659560561180115,17.6762629889206,-0.0841994509100914
-0.0621763467788696,16.2601681402187,0.0373868457973003
-0.140703320503235,14.8692260013135,0.0373868457973003
-0.175696790218353,14.8022098448494,0.0373868457973003
-0.16546642780304,14.6613262292254,0.141839534044266
-0.107523083686829,13.7942555627095,0.141839534044266
-0.0885212421417236,13.4997664485018,0.141839534044266
-0.110076367855072,13.9660823243118,0.141705676913261
-0.104382991790771,14.3653388989018,0.141705676913261
-0.064818799495697,15.1619683883981,0.141705676913261
-0.0469918251037598,16.8679554671906,0.0500540286302567
-0.0513162612915039,18.5155985013122,0.0500540286302567
-0.0222523808479309,19.9415378119425,0.0500540286302567
0.0478156805038452,20.9979256588412,-0.0627497732639313
0.0356118083000183,21.8321130257069,-0.0627497732639313
0.0339365005493164,22.6339930639245,-0.0627497732639313
0.0575482845306396,23.0214309574864,-0.0815160498023033
0.0195303559303284,22.6436736082657,-0.0815160498023033
-0.0413232445716858,21.4634611737585,-0.0815160498023033
0.00373023748397827,19.8600569310902,0.0866824015974998
-0.0260615348815918,17.9366614056968,0.0866824015974998
-0.119760096073151,18.5860881619498,0.0866824015974998
-0.139188468456268,19.5672280962083,0.286065936088562
-0.060459315776825,19.8264425733234,0.286065936088562
-0.0490134358406067,21.5943411787671,0.286065936088562
0.000259101390838623,22.4058428321465,0.370139986276627
-0.0114418268203735,22.6742262091155,0.370139986276627
-0.150430560112,23.6528851597554,0.370139986276627
-0.141167342662811,24.0996831875927,0.370139986276627
-0.0724118947982788,23.2725755090143,0.373573213815689
0.0866429209709167,21.6916643863084,0.373573213815689
0.0941994786262512,20.7716869447748,0.373573213815689
0.008880615234375,20.943103708599,0.361519902944565
-0.00962847471237183,21.4337667706701,0.361519902944565
0.0763404071331024,21.4620351415348,0.361519902944565
0.177529299631715,16.7287901810316,0.245689645409584
0.0660810037516057,15.5767476809977,-0.0132104866206646
0.063972556265071,19.4761334043346,-0.230624839663506
0.0455810128478333,30.5711176732993,-0.230624839663506
-0.0446520326659083,40.0774446418679,-0.230624839663506
0.0108970552682877,41.4153675399994,-0.436557918787003
-0.0945921540260315,46.2605089728746,-0.436557918787003
0.0603732466697693,50.1505233857528,-0.436557918787003
-0.0232942700386047,49.6941737134352,-0.433791160583496
0.0516415238380432,40.0763099787122,-0.433791160583496
0.0585940480232239,25.3113934772675,-0.433791160583496
0.0324784517288208,24.0215147070346,-0.162279173731804
0.00962793827056885,17.7621275062978,-0.162279173731804
0.00578188896179199,17.6451608386303,-0.162279173731804
-0.0159708261489868,22.1183961583614,-0.0246926452964544
0.0118370056152344,25.479086602958,-0.0246926452964544
-0.00119954347610474,27.0063734714944,-0.0246926452964544
-0.00240844488143921,27.4364086484631,-0.0391281433403492
-0.00737267732620239,27.4943344005899,-0.0391281433403492
-0.0289986133575439,27.2937371673895,-0.0391281433403492
-0.0168548226356506,26.8815703325638,-0.118920356035233
0.0303436517715454,26.7137785731657,-0.118920356035233
0.0119453072547913,26.988031272164,-0.118920356035233
0.0575571656227112,26.3044282123469,-0.209201350808144
0.0655216574668884,26.0454816033216,-0.209201350808144
0.0389623045921326,26.1418995324453,-0.209201350808144
0.0841209292411804,25.6005057292296,-0.284243404865265
0.126509845256805,26.2012344515297,-0.284243404865265
0.0985223650932312,27.3342969419832,-0.284243404865265
0.100072920322418,27.1493830581023,-0.375959515571594
0.123605728149414,28.9221424686649,-0.375959515571594
0.148710668087006,31.2931306875287,-0.375959515571594
0.123580574989319,31.2184166188659,-0.29484036564827
0.108022570610046,25.4487001515123,-0.29484036564827
0.078766942024231,17.6588568264894,-0.29484036564827
0.0459767580032349,15.0263313634301,0.0954749435186386
0.0491315722465515,6.55019137484397,0.0954749435186386
0.0382108688354492,12.7069050490549,0.0954749435186386
-0.109170079231262,15.289558842672,0.436261683702469
-0.157811164855957,20.7432669730348,0.436261683702469
-0.183737456798553,27.5815429460626,0.436261683702469
-0.250830203294754,29.2607868535404,0.526209235191345
-0.213547825813293,29.8098791082332,0.526209235191345
-0.0788142085075378,30.4763061307176,0.526209235191345
-0.0231114029884338,30.8193556239559,0.484972208738327
0.0238246917724609,29.250286211017,0.484972208738327
-0.0261213183403015,26.8533467087966,0.484972208738327
-0.014947772026062,26.1393893161504,0.407036185264587
0.0272730588912964,24.4997722262674,0.407036185264587
0.0145869255065918,22.1975931138565,0.407036185264587
0.0269572734832764,21.4934743299138,0.312484502792358
-0.0632851719856262,19.3068241693323,0.312484502792358
-0.0679140686988831,16.3747150431163,0.312484502792358
0.0108695030212402,15.6951320893681,0.219897046685219
-0.0346035957336426,14.9149935919469,0.219897046685219
-0.0434661507606506,14.0847919135165,0.219897046685219
-0.0295103192329407,14.5007735090937,0.17191144824028
0.0213833451271057,15.5136596405701,0.17191144824028
-0.0526496767997742,16.6644165911285,0.17191144824028
-0.0838335156440735,17.7495467461574,0.0963065251708031
-0.156230568885803,17.8770588369953,0.0963065251708031
-0.0742789506912231,17.9568371098816,0.0963065251708031
-0.129151105880737,18.5055013622524,-0.045865785330534
-0.134557962417603,19.1345798380041,-0.045865785330534
-0.103662967681885,20.6161261796454,-0.045865785330534
-0.0396844148635864,21.3037768363558,-0.0841994509100914
-0.0200856924057007,20.3302826501816,-0.0841994509100914
-0.0602753162384033,18.8278837693056,-0.0841994509100914
-0.0436019897460938,17.677772070905,0.0373868457973003
-0.0935223698616028,16.2117895660939,0.0373868457973003
-0.112934768199921,15.4196561442755,0.0373868457973003
-0.132337331771851,14.5718194879352,0.141839534044266
-0.0855458974838257,13.4855382359816,0.141839534044266
-0.0796613693237305,13.252835202227,0.141839534044266
-0.0489593744277954,13.4553942693333,0.141705676913261
-0.0545511841773987,13.4896695177798,0.141705676913261
-0.0445706844329834,13.9223691264494,0.141705676913261
-0.00160855054855347,15.2955170125682,0.0500540286302567
-0.025065004825592,16.4650112615751,0.0500540286302567
0.00934630632400513,17.6035565709673,0.0500540286302567
0.0665638446807861,18.7029034343798,-0.0627497732639313
0.0698877573013306,19.6233777888492,-0.0627497732639313
0.0544900894165039,20.5333039697714,-0.0627497732639313
0.0547725558280945,20.9353683776289,-0.0815160498023033
0.0300469398498535,20.6429166387433,-0.0815160498023033
-0.00429177284240723,19.7835734246507,-0.0815160498023033
0.0246267318725586,18.6445019816752,0.0866824015974998
0.00129687786102295,16.8295383280147,0.0866824015974998
-0.0365515351295471,17.4704420000184,0.0866824015974998
-0.0543864369392395,18.6820283757641,0.286065936088562
-0.104128777980804,19.179195964699,0.286065936088562
-0.127028465270996,21.1611459777004,0.286065936088562
-0.107178807258606,22.0884713562777,0.370139986276627
-0.0398673415184021,22.446079883233,0.370139986276627
-0.149047017097473,23.5462060256844,0.370139986276627
-0.113000571727753,24.0524964651029,0.370139986276627
-0.00947332382202148,23.1928395244758,0.373573213815689
0.00694847106933594,21.5130613888655,0.373573213815689
-0.0163049697875977,20.4750300296,0.373573213815689
-0.0749444365501404,20.1581416917422,0.361519902944565
-0.0943925976753235,19.7050493397781,0.361519902944565
0.132827751338482,19.1732786387736,0.361519902944565
0.173318851739168,14.8220868167716,0.245689645409584
0.0260646212846041,4.41165860647423,0.086937315762043
0.059690602356568,7.15823519510216,-0.0132104866206646
0.0587698835879564,15.1240667954196,-0.0132104866206646
0.0600750416051596,24.5025069807725,-0.0132104866206646
0.0752439126372337,29.3287773633677,-0.230624839663506
0.0248466162011027,37.7797963720772,-0.230624839663506
-0.058452351950109,43.9942684638639,-0.230624839663506
0.0255728960037231,44.5367627318434,-0.436557918787003
-0.0888336002826691,45.7544725983132,-0.436557918787003
0.0171438455581665,45.9053367280039,-0.436557918787003
0.0473754405975342,44.2597067431504,-0.433791160583496
0.0263193249702454,33.5350464504102,-0.433791160583496
-0.0106310844421387,21.6695717444927,-0.433791160583496
0.00882363319396973,25.2148177035237,-0.162279173731804
-0.00600975751876831,26.4309878315805,-0.162279173731804
-0.0138942003250122,28.3071131924633,-0.162279173731804
-0.0380095243453979,29.5364369644415,-0.0246926452964544
-0.0568016171455383,30.0136647659106,-0.0246926452964544
-0.0111846923828125,29.5251998781118,-0.0246926452964544
-0.0101161599159241,28.4823088329102,-0.0391281433403492
-0.042116105556488,27.310074683248,-0.0391281433403492
-0.0410149693489075,26.2724822143309,-0.0391281433403492
0.000477910041809082,25.2037973121239,-0.118920356035233
0.0016821026802063,24.8217896995919,-0.118920356035233
0.0215260982513428,25.5359231093481,-0.118920356035233
0.0518500804901123,25.4306481605632,-0.209201350808144
0.0941764116287231,25.7180807012407,-0.209201350808144
0.0842411518096924,26.0331735926899,-0.209201350808144
0.104871869087219,25.3819025857164,-0.284243404865265
0.11643922328949,25.9209340254075,-0.284243404865265
0.133190453052521,26.9577500922082,-0.284243404865265
0.117898344993591,26.494807158414,-0.375959515571594
0.167455315589905,28.5308951383491,-0.375959515571594
0.163619756698608,31.4535826239885,-0.375959515571594
0.144520878791809,31.6469150393709,-0.29484036564827
0.123569190502167,25.827625461733,-0.29484036564827
0.0805897116661072,17.8744525826133,-0.29484036564827
0.0454079508781433,15.7098350731616,0.0954749435186386
0.04466712474823,6.1715511561237,0.0954749435186386
0.040245532989502,11.8893250538129,0.0954749435186386
-0.0698013305664062,14.7296038995937,0.436261683702469
-0.126201033592224,20.8344095025394,0.436261683702469
-0.165238559246063,28.3227115938851,0.436261683702469
-0.267210990190506,30.0588964862862,0.526209235191345
-0.240088105201721,30.393556158075,0.526209235191345
-0.100423693656921,30.7943507610338,0.526209235191345
-0.0472181439399719,30.9502629182749,0.484972208738327
-0.0536556839942932,28.9366942090532,0.484972208738327
-0.0882974863052368,26.0151323789498,0.484972208738327
-0.00832623243331909,25.2020994111892,0.407036185264587
0.0689067244529724,23.4905793560382,0.407036185264587
0.0427541732788086,21.0263834952337,0.407036185264587
0.00946640968322754,20.2601727882637,0.312484502792358
-0.070228099822998,18.0245923162357,0.312484502792358
-0.0565617084503174,14.9325809397157,0.312484502792358
-0.023271381855011,14.1317779149375,0.219897046685219
-0.120024621486664,13.452447670772,0.219897046685219
-0.0967594981193542,12.8796133598611,0.219897046685219
-0.0365960001945496,13.6993321693068,0.17191144824028
-0.0278345942497253,14.953368403263,0.17191144824028
-0.0878528952598572,15.8654637599669,0.17191144824028
-0.138160347938538,16.4048930427052,0.0963065251708031
-0.226620078086853,15.7072767949941,0.0963065251708031
-0.142362058162689,15.1067235771211,0.0963065251708031
-0.0662557482719421,15.4485505695902,-0.045865785330534
-0.0873110294342041,16.1668023932813,-0.045865785330534
-0.165026903152466,18.4852919336601,-0.045865785330534
-0.0522652268409729,20.3822686339088,-0.0841994509100914
-0.0314149260520935,20.7672713770299,-0.0841994509100914
0.00875473022460938,20.2742322943545,-0.0841994509100914
0.0227296948432922,19.5831551118532,0.0373868457973003
-0.0506723523139954,18.2168973420416,0.0373868457973003
-0.0679965615272522,16.6378008570923,0.0373868457973003
-0.0876737236976624,14.7521537494034,0.141839534044266
-0.106570780277252,13.0026487209616,0.141839534044266
-0.123121857643127,12.4803571556812,0.141839534044266
-0.105013132095337,12.2483794664124,0.141705676913261
-0.0521437525749207,11.9070196165493,0.141705676913261
-0.0187100768089294,12.1121718169168,0.141705676913261
0.00914466381072998,13.1134462794924,0.0500540286302567
-0.0104249119758606,13.5293558373495,0.0500540286302567
-0.0255293250083923,14.1446305885895,0.0500540286302567
0.022327184677124,15.2685015516369,-0.0627497732639313
0.0573471784591675,16.3075163049664,-0.0627497732639313
0.0913009643554688,17.4042904339462,-0.0627497732639313
0.0582307577133179,17.8484013166991,-0.0815160498023033
0.043104887008667,17.5878232416055,-0.0815160498023033
0.0390552878379822,17.1081887918767,-0.0815160498023033
0.037346363067627,16.6385229946281,0.0866824015974998
0.0278981328010559,15.2269278878516,0.0866824015974998
0.00281357765197754,16.290894493535,0.0866824015974998
-0.0368093252182007,17.9712563514706,0.286065936088562
-0.105622529983521,18.8246579993915,0.286065936088562
-0.159956336021423,21.01725399338,0.286065936088562
-0.157608807086945,22.0560141813641,0.370139986276627
-0.0634521245956421,22.5128438435107,0.370139986276627
-0.109777271747589,23.696438210293,0.370139986276627
-0.0634562373161316,24.2441148701598,0.370139986276627
-0.0478556752204895,23.2984689449832,0.373573213815689
-0.0615986585617065,21.3740042126981,0.373573213815689
-0.0755204558372498,20.0887906507318,0.373573213815689
-0.173695981502533,19.2568158536611,0.361519902944565
-0.170152544975281,17.8861779464446,0.361519902944565
0.20524663105607,16.7810843773483,0.361519902944565
0.204161405563354,12.8348632278695,0.245689645409584
0.03869653865695,7.43700859328854,0.00145430793054402
0.0490060851443559,9.85455226209366,-0.18359349668026
0.00729318335652351,19.9452611156241,-0.18359349668026
0.044873227365315,30.4094976916326,-0.18359349668026
-0.010943716391921,34.5578625075867,-0.298285961151123
-0.0202285312116146,40.8449485923024,-0.298285961151123
-0.0369549766182899,45.0097500542319,-0.298285961151123
-0.00993126630783081,45.2632859455989,-0.334393262863159
0.032217413187027,43.3741189691368,-0.334393262863159
0.0567749738693237,38.9776516798213,-0.334393262863159
0.0543079972267151,35.6574984152971,-0.21751281619072
-0.032219409942627,25.2733486234945,-0.21751281619072
-0.0447475910186768,19.103082810133,-0.21751281619072
0.00472509860992432,24.9077774997542,-0.0525923557579517
-0.0459628105163574,28.7694353668005,-0.0525923557579517
-0.0552724599838257,30.8566834771928,-0.0525923557579517
-0.0419427156448364,31.3400368362143,-0.0118268514052033
-0.103174269199371,31.09725025631,-0.0118268514052033
-0.0634006261825562,30.1176367329358,-0.0118268514052033
-0.0265185832977295,28.7043579789146,-0.0736199542880058
-0.0176572203636169,27.2850087915237,-0.0736199542880058
0.00216180086135864,26.1031196868189,-0.0736199542880058
0.0159028172492981,24.8722689780372,-0.15444503724575
0.014341413974762,24.4814680615949,-0.15444503724575
0.0639093518257141,25.2243629707604,-0.15444503724575
0.132543444633484,25.2463593378008,-0.236441135406494
0.122688710689545,25.850712249914,-0.236441135406494
0.0991820693016052,26.4804292091741,-0.236441135406494
0.100607872009277,25.8713756961394,-0.322145819664001
0.0683929920196533,26.5607601106561,-0.322145819664001
0.113630712032318,27.7748056159356,-0.322145819664001
0.11779260635376,27.325428561074,-0.415620386600494
0.157869637012482,29.476758825392,-0.415620386600494
0.171898663043976,32.526546966814,-0.415620386600494
0.139560341835022,32.7985277324827,-0.345685452222824
0.102166712284088,26.882480324277,-0.345685452222824
0.100423097610474,18.6958990110412,-0.345685452222824
0.0599885582923889,16.5955754309821,0.0622584149241447
0.035927414894104,6.46809166170189,0.0622584149241447
0.0101938247680664,11.4487933274753,0.0622584149241447
-0.063620924949646,14.4055029322864,0.444430738687515
-0.105568945407867,20.9202028425834,0.444430738687515
-0.149399757385254,28.8309808558466,0.444430738687515
-0.243449687957764,30.6269455946439,0.550795257091522
-0.22905695438385,30.826455901728,0.550795257091522
-0.107549488544464,31.0543374330531,0.550795257091522
-0.0681458115577698,31.1416475169557,0.516411900520325
-0.084538996219635,28.9778967867169,0.516411900520325
-0.0949886441230774,25.8593067813496,0.516411900520325
0.0329852700233459,25.001325162758,0.433837532997131
0.075683057308197,23.1963134624836,0.433837532997131
0.00838279724121094,20.5868699637836,0.433837532997131
-0.0098499059677124,19.7783627416568,0.349632054567337
-0.0166211128234863,17.6567947268326,0.349632054567337
0.00125813484191895,14.7068312019431,0.349632054567337
-0.0404630303382874,13.924928845724,0.290323704481125
-0.101183354854584,13.6479919346565,0.290323704481125
-0.0911655426025391,13.5941307462514,0.290323704481125
-0.0679638981819153,14.5298713549755,0.249113872647285
-0.0971074104309082,15.4577095919619,0.249113872647285
-0.0905447006225586,15.8738789940756,0.249113872647285
-0.0973958373069763,16.1291715906607,0.1594218313694
-0.220884740352631,15.1767187068932,0.1594218313694
-0.157572746276855,14.3053611736822,0.1594218313694
-0.0492937564849854,14.5468074665797,0.0197856407612562
-0.0475297570228577,15.174598852031,0.0197856407612562
-0.0994726419448853,17.3724670862083,0.0197856407612562
-0.0597197413444519,19.5266010587782,-0.0623620636761189
-0.0301786661148071,20.6237640437006,-0.0623620636761189
0.0788660049438477,20.7346653621844,-0.0623620636761189
0.043864369392395,20.2645162847179,-0.0332649350166321
-0.044122040271759,18.9666313090191,-0.0332649350166321
-0.0936986804008484,16.9749706099588,-0.0332649350166321
-0.110803544521332,14.5565522703182,0.0743931829929352
-0.173423826694489,12.4075589167824,0.0743931829929352
-0.0836657881736755,11.7838792943703,0.0743931829929352
-0.111349940299988,11.5037619724283,0.1784438341856
-0.0819973945617676,11.3417528564178,0.1784438341856
-0.0352027416229248,12.0132492803646,0.1784438341856
0.0115141272544861,13.0673315766003,0.136563286185265
-0.024445116519928,12.9864470291171,0.136563286185265
-0.0193247199058533,13.0715408611916,0.136563286185265
-0.0364766716957092,14.0914100185112,-0.012283818796277
0.0256916284561157,15.1283697312212,-0.012283818796277
0.109848499298096,16.3582285173798,-0.012283818796277
0.099643349647522,16.8946756707274,-0.0771904140710831
0.0701426267623901,16.6385639872938,-0.0771904140710831
0.0657356977462769,16.2764751973764,-0.0771904140710831
0.0472140908241272,16.0218903556241,0.0717750266194344
0.00355792045593262,14.7138402916447,0.0717750266194344
-0.0826588273048401,15.8755721263196,0.0717750266194344
-0.0679200291633606,17.6931983013858,0.270562082529068
-0.109379589557648,18.6418819946548,0.270562082529068
-0.1661496758461,20.8510231469762,0.270562082529068
-0.153592467308044,21.8993393422353,0.345695108175278
-0.0669808983802795,22.3952501710079,0.345695108175278
-0.0828719139099121,23.6165144685175,0.345695108175278
-0.0559201836585999,24.1828453874438,0.345695108175278
-0.034426212310791,23.091304562622,0.324756175279617
0.0415309071540833,20.8376074000022,0.324756175279617
0.0213788747787476,19.3232377740804,0.324756175279617
-0.153764009475708,18.0927562864942,0.261995673179626
-0.198809236288071,15.9254591884801,0.261995673179626
0.15393677726388,14.2815584737413,0.261995673179626
0.130198415368795,10.7750212532742,0.173293620347977
0.0346630490384996,11.8812619562779,0.00145430793054402
0.0428015552461147,14.7811711682055,-0.18359349668026
0.0133213931694627,25.2775078310553,-0.18359349668026
-0.0128396630752832,34.6510157615553,-0.18359349668026
-0.0338217709213495,36.7271425025429,-0.298285961151123
0.0186940226703882,39.7370493858843,-0.298285961151123
-0.0289039611816406,41.4064429147947,-0.298285961151123
-0.0713237822055817,40.6278188019164,-0.334393262863159
-0.0138899087905884,34.7539451281075,-0.334393262863159
0.00484722852706909,26.1059488139135,-0.334393262863159
0.0126691460609436,24.8974620876305,-0.21751281619072
-0.0680921077728271,21.1223385714965,-0.21751281619072
-0.0548248291015625,22.1785132051637,-0.21751281619072
-0.0162066221237183,26.202553231336,-0.0525923557579517
-0.0649709105491638,28.9493341930001,-0.0525923557579517
-0.081657350063324,29.945220153779,-0.0525923557579517
-0.0700583457946777,29.6553239658456,-0.0118268514052033
-0.112169682979584,28.9508318579627,-0.0118268514052033
-0.0866601467132568,28.2117761002098,-0.0118268514052033
-0.0485119223594666,27.4204672291108,-0.0736199542880058
-0.0518030524253845,26.5254146674963,-0.0736199542880058
-0.0219599604606628,25.3965747534751,-0.0736199542880058
0.0659832954406738,23.7768517614203,-0.15444503724575
0.104943990707397,23.0978024709099,-0.15444503724575
0.10247802734375,23.6304725551932,-0.15444503724575
0.130487263202667,23.5707484338987,-0.236441135406494
0.145638465881348,24.4880242053762,-0.236441135406494
0.119904100894928,25.6019575805702,-0.236441135406494
0.13274735212326,25.1186760692799,-0.322145819664001
0.102750957012177,26.1860036597691,-0.322145819664001
0.0866249799728394,27.8833660167189,-0.322145819664001
0.0828051567077637,27.7014147141059,-0.415620386600494
0.14595890045166,30.1587499035729,-0.415620386600494
0.109281539916992,33.4061480136407,-0.415620386600494
0.0760684013366699,33.8073852633658,-0.345685452222824
0.100589990615845,27.8514843768852,-0.345685452222824
0.0936821103096008,19.4706893699458,-0.345685452222824
0.0593292117118835,17.3741159680487,0.0622584149241447
0.0355613827705383,6.65180349742781,0.0622584149241447
-0.0600079894065857,11.3482207026614,0.0622584149241447
-0.113623857498169,14.5442828711682,0.444430738687515
-0.155031800270081,21.1929298552581,0.444430738687515
-0.212774455547333,29.1574972554873,0.444430738687515
-0.259570956230164,30.9059577498238,0.550795257091522
-0.235869914293289,30.9638946093534,0.550795257091522
-0.165852308273315,31.0355247574699,0.550795257091522
-0.186740100383759,31.0462071658385,0.516411900520325
-0.113259017467499,28.7798383779187,0.516411900520325
-0.0613095760345459,25.537842749027,0.516411900520325
-0.00345927476882935,24.6430416410089,0.433837532997131
0.0161318778991699,22.7195362222447,0.433837532997131
-0.0281267762184143,19.9491159074437,0.433837532997131
-0.00836765766143799,19.1256683370077,0.349632054567337
-0.0171546936035156,17.1697272210193,0.349632054567337
0.00540316104888916,14.4323686320853,0.349632054567337
-0.0437670350074768,13.7535578030594,0.290323704481125
-0.0866096019744873,13.89751373093,0.290323704481125
-0.115500807762146,14.2391968967473,0.290323704481125
-0.0927761197090149,14.9682016023173,0.249113872647285
-0.0832989811897278,15.1442631380538,0.249113872647285
-0.0920854806900024,14.863331479771,0.249113872647285
-0.120012581348419,14.9612792337042,0.1594218313694
-0.173029184341431,13.8975596978409,0.1594218313694
-0.105011820793152,12.8486300217612,0.1594218313694
-0.0571013689041138,13.1014178448874,0.0197856407612562
-0.0521209836006165,13.6518999191173,0.0197856407612562
-0.061683714389801,15.4954984317633,0.0197856407612562
-0.0486057996749878,17.5047984354953,-0.0623620636761189
0.02609783411026,18.8894961300486,-0.0623620636761189
0.0629867911338806,19.4822818424642,-0.0623620636761189
-0.0301645398139954,19.3965016214673,-0.0332649350166321
-0.103088974952698,18.4720455229583,-0.0332649350166321
-0.134329915046692,16.6565941121709,-0.0332649350166321
-0.0942438244819641,14.3648538388053,0.0743931829929352
-0.107943832874298,12.1032271411603,0.0743931829929352
-0.0953550338745117,11.2949163492712,0.0743931829929352
-0.119416952133179,10.9347757126266,0.1784438341856
-0.145089387893677,10.9550841720127,0.1784438341856
-0.095538854598999,12.1703713333397,0.1784438341856
-0.00710052251815796,13.2863485954298,0.136563286185265
-0.0703466534614563,12.6795342174097,0.136563286185265
-0.058497428894043,12.1617747310739,0.136563286185265
-0.058124840259552,13.0562246237174,-0.012283818796277
-0.00656163692474365,14.0973502081989,-0.012283818796277
0.0385239720344543,15.5444963517055,-0.012283818796277
0.0785955190658569,16.33453930103,-0.0771904140710831
0.0625805258750916,16.2066349222099,-0.0771904140710831
0.0717049241065979,15.9464422047525,-0.0771904140710831
0.0711841583251953,15.7619120312693,0.0717750266194344
0.020165741443634,14.4475331524683,0.0717750266194344
-0.06661057472229,15.6229299269532,0.0717750266194344
-0.0575600266456604,17.4998408007527,0.270562082529068
-0.0650576949119568,18.5397451571521,0.270562082529068
-0.137850701808929,20.8886400509704,0.270562082529068
-0.164848327636719,22.1189336007133,0.345695108175278
-0.0879937410354614,22.749206550671,0.345695108175278
-0.0926362872123718,23.9507769027907,0.345695108175278
-0.10576730966568,24.4613510895988,0.345695108175278
-0.0208348035812378,23.1752705696871,0.324756175279617
0.0825272798538208,20.5187830178495,0.324756175279617
0.0372670292854309,18.6785277135179,0.324756175279617
-0.0660039782524109,16.9899182500552,0.261995673179626
-0.0288627445697784,14.0160079446106,0.261995673179626
0.125223822891712,11.7598505516804,0.261995673179626
-0.0207017064094543,8.66041027497447,0.173293620347977
0.0220222356729209,17.9153751275275,0.00145430793054402
0.0234299448784441,21.4902025584468,-0.18359349668026
-0.0205158842727542,30.071845782358,-0.18359349668026
-0.0412534400820732,36.3498848825194,-0.18359349668026
-0.0590743861394003,36.484273432112,-0.298285961151123
-0.0283477902412415,33.2311247659855,-0.334393262863159
-0.0289540886878967,25.343110153167,-0.334393262863159
0.0173516869544983,19.3947294926709,-0.334393262863159
0.0391554236412048,24.9470454168679,-0.21751281619072
-0.0440438389778137,28.1054453558783,-0.21751281619072
-0.0716849565505981,29.4489503776948,-0.21751281619072
-0.053144633769989,29.6569263602246,-0.0525923557579517
-0.100678145885468,29.3786332471747,-0.0525923557579517
-0.0724402070045471,28.4140705270972,-0.0525923557579517
-0.0571422576904297,26.9025808726634,-0.0118268514052033
-0.0931408405303955,25.5732622430643,-0.0118268514052033
-0.0792121291160583,25.2308765490167,-0.0118268514052033
-0.0755687355995178,25.4339390891289,-0.0736199542880058
-0.0304135680198669,25.3599552982066,-0.0736199542880058
0.00874274969100952,24.4634260945586,-0.0736199542880058
0.131752967834473,22.3218295176585,-0.15444503724575
0.153875231742859,21.1224935547686,-0.15444503724575
0.139359295368195,21.2576506281825,-0.15444503724575
0.116050958633423,21.0694996549977,-0.236441135406494
0.130690634250641,22.4552822030711,-0.236441135406494
0.131304323673248,24.2552580720568,-0.236441135406494
0.165599405765533,23.9647641060089,-0.322145819664001
0.137307226657867,25.4334673469538,-0.322145819664001
0.0997210144996643,27.5886547481231,-0.322145819664001
0.108153164386749,27.6921675252311,-0.415620386600494
0.15816992521286,30.4644366384738,-0.415620386600494
0.0965948700904846,33.9042957022656,-0.415620386600494
0.0860177874565125,34.4395585601704,-0.345685452222824
0.105550467967987,28.5270703870939,-0.345685452222824
0.0738329291343689,20.094042761068,-0.345685452222824
0.0483129620552063,18.0441993818357,0.0622584149241447
0.0181199908256531,6.52141135683264,0.0622584149241447
-0.0581701993942261,11.8418851418758,0.0622584149241447
-0.144988715648651,15.4408095309764,0.444430738687515
-0.211585581302643,21.7019190454574,0.444430738687515
-0.240010768175125,29.0293566874443,0.444430738687515
-0.220664024353027,30.5509523454503,0.550795257091522
-0.219546407461166,30.536131423936,0.550795257091522
-0.199053645133972,30.5779753821932,0.550795257091522
-0.227945983409882,30.5598351234516,0.516411900520325
-0.129765510559082,28.3368827041752,0.516411900520325
-0.008705735206604,25.1796329163652,0.516411900520325
-0.00558823347091675,24.3098925979216,0.433837532997131
-0.0107379555702209,22.3202915825317,0.433837532997131
-0.0283830165863037,19.4604174989925,0.433837532997131
-0.0162124633789062,18.6377536807081,0.349632054567337
-0.0460242033004761,16.9148909479941,0.349632054567337
-0.0139702558517456,14.4638878641163,0.349632054567337
-0.0691835284233093,13.8534764128744,0.290323704481125
-0.0720697045326233,14.1593127488014,0.290323704481125
-0.103243112564087,14.5862591793439,0.290323704481125
-0.0985457897186279,15.0037242649257,0.249113872647285
-0.082996666431427,14.4185416070958,0.249113872647285
-0.0834888219833374,13.3963040254096,0.249113872647285
-0.103913009166718,13.306703225586,0.1594218313694
-0.113709270954132,11.9992243756238,0.1594218313694
-0.0643585324287415,10.5713937936969,0.1594218313694
-0.0407224893569946,10.8067886292298,0.0197856407612562
-0.0491794943809509,11.2656821892655,0.0197856407612562
-0.0481219291687012,12.7888444436505,0.0197856407612562
-0.0334846973419189,14.6439140159959,-0.0623620636761189
0.0337705612182617,16.2156645510455,-0.0623620636761189
-0.00947487354278564,17.3234353240811,-0.0623620636761189
-0.119541585445404,17.7929202609506,-0.0332649350166321
-0.0921083688735962,17.5062441719895,-0.0332649350166321
-0.0435519218444824,16.2753448571124,-0.0332649350166321
-0.0385774970054626,14.4605279516079,0.0743931829929352
-0.0458720326423645,12.174593972858,0.0743931829929352
-0.108239471912384,10.9199504728173,0.0743931829929352
-0.100253820419312,10.2358026274024,0.1784438341856
-0.108670115470886,10.2429621069591,0.1784438341856
-0.147483706474304,11.9385835899248,0.1784438341856
-0.0793986916542053,13.0850263362616,0.136563286185265
-0.047920823097229,11.9312840038194,0.136563286185265
-0.0332508087158203,10.7210762235671,0.136563286185265
0.00541108846664429,11.4506672557952,-0.012283818796277
0.0700319409370422,12.4595437244146,-0.012283818796277
0.0365448594093323,14.1630708788188,-0.012283818796277
0.0744795799255371,15.2992544618153,-0.0771904140710831
0.0540263056755066,15.3936031194437,-0.0771904140710831
0.0543792247772217,15.3221691832622,-0.0771904140710831
0.0535418391227722,15.2612766214325,0.0717750266194344
0.0183318257331848,13.9802071852986,0.0717750266194344
-0.0414741039276123,15.2870087303578,0.0717750266194344
0.00719767808914185,17.304520660019,0.270562082529068
-0.0252261161804199,18.5761642184332,0.270562082529068
-0.152007400989532,21.3269432279927,0.270562082529068
-0.201247215270996,22.9552569540896,0.345695108175278
-0.120708465576172,23.7565551217401,0.345695108175278
-0.12509948015213,24.7897259352,0.345695108175278
-0.147699415683746,25.132219528026,0.345695108175278
-0.0477209091186523,23.6139255487934,0.324756175279617
0.0828626751899719,20.4814734982987,0.324756175279617
0.0494685769081116,18.1826946730788,0.324756175279617
0.0337358117103577,15.9544163428316,0.261995673179626
0.115034878253937,12.210419286823,0.261995673179626
0.0436822697520256,9.25835143882949,0.261995673179626
-0.0999008733779192,6.46529168435647,0.173293620347977
0.035189533373341,24.2664447393269,-0.111972287297249
0.00184276234358549,27.2819814155929,-0.308842450380325
-0.0309576140716672,32.6742446816491,-0.308842450380325
-0.057215865701437,35.8493117430831,-0.308842450380325
-0.013484064489603,35.292702688877,-0.295727282762527
-0.0656124949455261,26.3338412824947,-0.142171591520309
-0.0238968729972839,20.0676274497575,-0.142171591520309
0.000499427318572998,19.7790132640234,-0.142171591520309
0.00927537679672241,26.4285459383899,-0.0565605461597443
-0.0127827525138855,30.8121819291927,-0.0565605461597443
-0.032077431678772,31.7181556065778,-0.0565605461597443
-0.0810725092887878,30.7844721114618,-0.0682788044214249
-0.125182449817657,29.4903751319582,-0.0682788044214249
-0.0177342295646667,27.8144835896769,-0.0682788044214249
0.013991117477417,25.8567984356451,-0.0642438679933548
-0.0678454637527466,24.3876265517708,-0.0642438679933548
-0.0750532746315002,24.1853219212872,-0.0642438679933548
-0.0373137593269348,24.7320649075628,-0.14772167801857
0.0410104393959045,25.0712805716491,-0.14772167801857
0.0734663605690002,24.8181691550379,-0.14772167801857
0.145824313163757,22.7296948823074,-0.221770063042641
0.170144259929657,21.1607371255706,-0.221770063042641
0.128959596157074,20.7243016597442,-0.221770063042641
0.0793493986129761,20.4202859216301,-0.267885744571686
0.149383306503296,22.2025475574609,-0.267885744571686
0.158748686313629,24.5362733829481,-0.267885744571686
0.166367530822754,24.3908220241038,-0.35687330365181
0.13992041349411,25.9190886488738,-0.35687330365181
0.128113269805908,28.0928029701642,-0.35687330365181
0.119313180446625,28.2613580314895,-0.442102313041687
0.152789175510406,31.0422954656191,-0.442102313041687
0.122755885124207,34.43324649757,-0.442102313041687
0.126637578010559,34.9852324150901,-0.355083286762238
0.0892418622970581,29.1555044952198,-0.355083286762238
0.0594993829727173,20.8060646863569,-0.355083286762238
0.0396426320075989,18.8010864970601,0.0801410377025604
0.000164628028869629,6.43006464368178,0.0801410377025604
-0.066033661365509,12.8252505267584,0.0801410377025604
-0.15791928768158,16.69264035028,0.439547955989838
-0.207824885845184,22.1187645970038,0.439547955989838
-0.189792931079865,28.3964272171312,0.439547955989838
-0.147148787975311,29.652091211982,0.538990318775177
-0.161184191703796,29.7046040409343,0.538990318775177
-0.189994037151337,29.8709845420354,0.538990318775177
-0.17524266242981,29.8871765857052,0.526613771915436
-0.0937105417251587,27.8648559317859,0.526613771915436
0.00483894348144531,25.0109732899569,0.526613771915436
-0.015118420124054,24.2312818699947,0.457305938005447
-0.0339215993881226,22.2504920612095,0.457305938005447
-0.0198467373847961,19.4062247324505,0.457305938005447
-0.00755852460861206,18.5922004318502,0.382776141166687
-0.0995880961418152,17.1859599241905,0.382776141166687
-0.107550859451294,15.1793824159447,0.382776141166687
-0.118978083133698,14.6687110732747,0.349374085664749
-0.106998264789581,14.9399521042847,0.349374085664749
-0.135168313980103,15.3047505488348,0.349374085664749
-0.158250272274017,15.6036720336862,0.321040689945221
-0.150488913059235,14.7144910967218,0.321040689945221
-0.158921837806702,13.3343239707473,0.321040689945221
-0.135707318782806,13.1229913460046,0.226368889212608
-0.089184582233429,11.6966153384141,0.226368889212608
-0.0610699653625488,10.0147890230565,0.226368889212608
-0.0228543877601624,10.1637362441215,0.106589987874031
-0.0255885124206543,10.494880000073,0.106589987874031
-0.0436558723449707,11.6518229613439,0.106589987874031
-0.048814058303833,13.3625576449151,0.0165859907865524
-0.0415661931037903,14.9951906940487,0.0165859907865524
-0.0788363814353943,16.3426975462733,0.0165859907865524
-0.129601001739502,17.0595022271406,-0.0421799942851067
-0.0860081911087036,17.1715793445507,-0.0421799942851067
0.0155166983604431,16.4302519097492,-0.0421799942851067
-0.0293546915054321,14.9480041488618,0.0076724267564714
-0.0459858179092407,12.4795393777026,0.0076724267564714
-0.0625981688499451,10.6389068434772,0.0076724267564714
-0.0718256235122681,9.6313909833035,0.157815724611282
-0.0808342695236206,9.62701410684925,0.157815724611282
-0.151323646306992,11.8862702163429,0.157815724611282
-0.110250473022461,13.2628308561212,0.174940094351768
-0.048388659954071,11.9943002451796,0.174940094351768
-0.0813219547271729,10.4899964195207,0.174940094351768
-0.0581609606742859,11.0345302557235,0.0281880777329206
0.0289995670318604,11.8063470672234,0.0281880777329206
0.0155187249183655,13.4760313273601,0.0281880777329206
0.0810721516609192,14.7666469213394,-0.0633534714579582
0.0729681253433228,14.9811362070802,-0.0633534714579582
0.0660695433616638,15.0379549433359,-0.0633534714579582
0.0695621967315674,15.0485708844798,0.0632123798131943
0.0690343976020813,13.7863802203109,0.0632123798131943
0.0123904943466187,15.1816731903437,0.0632123798131943
-0.00119829177856445,17.26901075735,0.267872303724289
-0.0678979158401489,18.7431231107647,0.267872303724289
-0.152532637119293,21.8851946399039,0.267872303724289
-0.175006985664368,23.7760873071646,0.332167536020279
-0.141197681427002,24.4819222174774,0.332167536020279
-0.167843639850616,25.1373749965175,0.332167536020279
-0.140318810939789,25.2543126366906,0.332167536020279
-0.0694049596786499,23.4857587385086,0.265405029058456
0.0513312220573425,19.8654652187455,0.265405029058456
0.0404137969017029,17.2045333879786,0.265405029058456
0.0194966793060303,14.6085424258433,0.167855635285378
0.180764645338058,10.3828987652147,0.167855635285378
0.0349389091134071,6.87561381214639,0.167855635285378
-0.0791565906256437,4.25154953302814,0.119449734687805
0.0106007065623999,28.692825510262,-0.111972287297249
-0.00727285072207451,29.9174530940443,-0.308842450380325
-0.0396194169297814,31.1061776815348,-0.308842450380325
-0.116433456540108,31.3515909346699,-0.308842450380325
-0.0986679196357727,30.6923060359506,-0.295727282762527
-0.0307484269142151,25.1689466134299,-0.295727282762527
0.00242388248443604,19.1417002352335,-0.295727282762527
-0.0767801403999329,20.8259413890482,-0.142171591520309
-0.0801723599433899,19.3740701568881,-0.142171591520309
-0.0402801632881165,22.8949963517164,-0.142171591520309
-0.0409632921218872,27.8428974183257,-0.0565605461597443
-0.0408881902694702,31.1777806590827,-0.0565605461597443
-0.0802386999130249,32.0300509675643,-0.0565605461597443
-0.124704837799072,31.4822533087726,-0.0682788044214249
-0.149704992771149,30.6130744484506,-0.0682788044214249
-0.0927860736846924,29.3426445172918,-0.0682788044214249
-0.0203855037689209,27.820543407728,-0.0642438679933548
-0.00835877656936646,26.4911202686004,-0.0642438679933548
0.0104351043701172,25.7121611216965,-0.0642438679933548
-0.0329598784446716,25.2795194718653,-0.14772167801857
0.0450173616409302,25.1141745536031,-0.14772167801857
0.0844506621360779,25.5593395059274,-0.14772167801857
0.156176209449768,23.9551466004014,-0.221770063042641
0.14154976606369,22.1675273905904,-0.221770063042641
0.103689730167389,20.9585282882589,-0.221770063042641
0.0598011016845703,20.1517442821786,-0.267885744571686
0.147087693214417,22.0043788876397,-0.267885744571686
0.144025802612305,24.7481721532789,-0.267885744571686
0.200935840606689,24.7928545491359,-0.35687330365181
0.172493100166321,26.4205375980483,-0.35687330365181
0.162932217121124,28.5924557006859,-0.35687330365181
0.141428589820862,28.7666643370107,-0.442102313041687
0.154808580875397,31.5067896124622,-0.442102313041687
0.109969139099121,34.8254302951242,-0.442102313041687
0.121150314807892,35.3758663210427,-0.355083286762238
0.0837763547897339,29.4234075583589,-0.355083286762238
0.0479370355606079,20.901184533505,-0.355083286762238
0.0240965485572815,19.0324128946248,0.0801410377025604
0.024646520614624,6.31769901640075,0.0801410377025604
-0.127123415470123,13.8109060394107,0.0801410377025604
-0.203113675117493,17.6461618142039,0.439547955989838
-0.190170347690582,22.0979240692607,0.439547955989838
-0.144296646118164,27.3708286362355,0.439547955989838
-0.0993003845214844,28.4278223644192,0.538990318775177
-0.121893763542175,28.6572649283467,0.538990318775177
-0.162200808525085,29.052670327068,0.538990318775177
-0.150698065757751,29.1456591758157,0.526613771915436
-0.0811066031455994,27.376537513871,0.526613771915436
-0.0313991904258728,24.8835443248677,0.526613771915436
-0.00513267517089844,24.2075265560362,0.457305938005447
0.00456488132476807,22.2734669492684,0.457305938005447
0.00260758399963379,19.4988422637753,0.457305938005447
-0.0388991832733154,18.70299968686,0.382776141166687
-0.137714982032776,17.5341717752143,0.382776141166687
-0.154197156429291,15.8626056600522,0.382776141166687
-0.143242359161377,15.3890499047804,0.349374085664749
-0.161837816238403,15.5309597187923,0.349374085664749
-0.179746866226196,15.7422934278565,0.349374085664749
-0.156390249729156,15.8926059892711,0.321040689945221
-0.198186576366425,14.7719818195542,0.321040689945221
-0.199897050857544,13.1266493723807,0.321040689945221
-0.163692116737366,12.8230392912953,0.226368889212608
-0.104687988758087,11.2166542529782,0.226368889212608
-0.0835064649581909,9.12954049807206,0.226368889212608
-0.0584693551063538,9.08742779327621,0.106589987874031
-0.0322995185852051,9.16775152991325,0.106589987874031
-0.0563511252403259,9.79980590625926,0.106589987874031
-0.0434665083885193,11.1400057448613,0.0165859907865524
-0.0694007873535156,12.5604363641803,0.0165859907865524
-0.102628946304321,14.0587823039334,0.0165859907865524
-0.0920350551605225,15.1230226950041,-0.0421799942851067
-0.0717474222183228,15.840058691095,-0.0421799942851067
0.0217819213867188,16.0090489478413,-0.0421799942851067
-0.0125192403793335,15.3494901414966,0.0076724267564714
-0.039082407951355,13.2650911104529,0.0076724267564714
-0.0521523952484131,11.4013565179024,0.0076724267564714
-0.0444173812866211,10.4299722096243,0.157815724611282
-0.100412845611572,10.3982792329825,0.157815724611282
-0.103972017765045,12.8041274270662,0.157815724611282
-0.13092303276062,14.2430608007658,0.174940094351768
-0.1300950050354,13.0267684498363,0.174940094351768
-0.144351184368134,11.4862201200694,0.174940094351768
-0.0691483616828918,11.7338204542558,0.0281880777329206
-0.00156307220458984,12.0469216334132,0.0281880777329206
-0.0297882556915283,13.4542462875186,0.0281880777329206
0.019382655620575,14.8661810158874,-0.0633534714579582
0.0699790716171265,15.3114364345462,-0.0633534714579582
0.0751350522041321,15.629814338396,-0.0633534714579582
0.0915781855583191,15.8577406847177,0.0632123798131943
0.0796794295310974,14.8643274554234,0.0632123798131943
-0.015814483165741,16.1298783775408,0.0632123798131943
-0.131195306777954,17.8978746387708,0.267872303724289
-0.154094159603119,19.2859358652597,0.267872303724289
-0.128495395183563,22.5577041305658,0.267872303724289
-0.0870877504348755,24.4703965036753,0.332167536020279
-0.0580765604972839,24.7596417544459,0.332167536020279
-0.16220897436142,24.6832255265494,0.332167536020279
-0.0868980884552002,24.2749515505128,0.332167536020279
-0.0293464064598083,21.9511020369906,0.265405029058456
0.0133156180381775,17.499382831797,0.265405029058456
0.0399888157844543,14.3474019225144,0.265405029058456
0.0392473936080933,11.5132001907735,0.167855635285378
0.162370137870312,7.27708821964268,0.167855635285378
0.0764906778931618,4.18081611442523,0.167855635285378
-0.0750324791297317,2.18944194550485,0.119449734687805
0.0416514836251736,2.53839208001983,0.0934129357337952
0.0229914784431458,4.17245963003072,-0.111972287297249
0.0149951307103038,16.8160823509669,-0.111972287297249
-0.0362381525337696,29.4027964155737,-0.111972287297249
-0.0109680825844407,29.634902302886,-0.308842450380325
-0.0265784561634064,28.2330097036024,-0.308842450380325
-0.0883347690105438,26.9944957889743,-0.308842450380325
-0.0698185563087463,27.671854309858,-0.295727282762527
-0.058180570602417,23.5209292309643,-0.295727282762527
-0.0207429528236389,21.5478340023447,-0.295727282762527
-0.0398364663124084,25.3911134618352,-0.142171591520309
-0.0681416988372803,27.0648505307038,-0.142171591520309
-0.0494586825370789,29.4803576017271,-0.142171591520309
-0.0790064334869385,31.1318086084756,-0.0565605461597443
-0.0910576581954956,32.0372683835412,-0.0565605461597443
-0.110312402248383,32.5120298654283,-0.0565605461597443
-0.0987560749053955,32.5856742141027,-0.0682788044214249
-0.0703240036964417,32.4256012675283,-0.0682788044214249
-0.11339271068573,31.8546830672255,-0.0682788044214249
-0.0281428694725037,31.0244616321391,-0.0642438679933548
-0.009857177734375,29.9054539489782,-0.0642438679933548
0.0340580940246582,28.2527049337984,-0.0642438679933548
0.0246289372444153,26.2547172849855,-0.14772167801857
0.0469766855239868,25.2704792822238,-0.14772167801857
0.103304445743561,26.1927244054968,-0.14772167801857
0.138969123363495,25.0979604082192,-0.221770063042641
0.103296458721161,23.3256218248275,-0.221770063042641
0.0549822449684143,21.5390544765362,-0.221770063042641
0.0494252443313599,20.1051167023635,-0.267885744571686
0.100270926952362,21.7578975918981,-0.267885744571686
0.15507185459137,24.618216157294,-0.267885744571686
0.169715881347656,24.8376619983124,-0.35687330365181
0.151755094528198,26.7649828028424,-0.35687330365181
0.1635702252388,29.1532320819678,-0.35687330365181
0.16740620136261,29.4038989014721,-0.442102313041687
0.134389340877533,32.1299899207376,-0.442102313041687
0.110685884952545,35.3897334791062,-0.442102313041687
0.117798805236816,35.972516914015,-0.355083286762238
0.0953919887542725,29.4554069826445,-0.355083286762238
0.0653813481330872,19.9179452827488,-0.355083286762238
0.0500558018684387,17.930255083361,0.0801410377025604
-0.0030210018157959,5.862285843765,0.0801410377025604
-0.148190319538116,14.3458620088965,0.0801410377025604
-0.226366758346558,17.868464192467,0.439547955989838
-0.167424976825714,21.545652480001,0.439547955989838
-0.132619261741638,26.1005085637774,0.439547955989838
-0.118039190769196,27.0516292010216,0.538990318775177
-0.138579070568085,27.5636126158278,0.538990318775177
-0.141712844371796,28.2989034627754,0.538990318775177
-0.105251550674438,28.507604604639,0.526613771915436
-0.113090097904205,27.0217379738293,0.526613771915436
-0.0931751728057861,24.911980786196,0.526613771915436
0.0203198790550232,24.3375199517646,0.457305938005447
-0.0142000913619995,22.5140247810839,0.457305938005447
-0.0486579537391663,19.8935475037694,0.457305938005447
-0.0550920963287354,19.1130160558985,0.382776141166687
-0.152230858802795,17.892182613957,0.382776141166687
-0.170534491539001,16.1707955700755,0.382776141166687
-0.203225910663605,15.6665845733748,0.349374085664749
-0.230811148881912,15.8340604183283,0.349374085664749
-0.210841864347458,16.0657628350938,0.349374085664749
-0.173606097698212,16.1276135437452,0.321040689945221
-0.175771236419678,14.9546100289948,0.321040689945221
-0.188486337661743,13.2343186063695,0.321040689945221
-0.121294498443604,12.7720149618744,0.226368889212608
-0.0725220441818237,10.7427563766727,0.226368889212608
-0.126213610172272,7.85080724594857,0.226368889212608
-0.126350462436676,7.3622693963869,0.106589987874031
-0.112002670764923,6.87739420378715,0.106589987874031
-0.0937753915786743,6.60444070377863,0.106589987874031
0.0013393759727478,7.29206062565154,0.0165859907865524
-0.00156623125076294,8.24408129944804,0.0165859907865524
-0.0185773372650146,9.86545002346943,0.0165859907865524
-0.0381420254707336,11.4961384844285,-0.0421799942851067
-0.0110417604446411,13.1394016902595,-0.0421799942851067
0.0447310209274292,14.6251800141632,-0.0421799942851067
-0.000891447067260742,15.2148125990246,0.0076724267564714
-0.102719724178314,14.1656909499691,0.0076724267564714
-0.0623875260353088,13.0116499038146,0.0076724267564714
-0.0137312412261963,12.4611137885631,0.157815724611282
-0.0990926027297974,12.4773067657338,0.157815724611282
-0.167942821979523,14.4894466623687,0.157815724611282
-0.155178308486938,15.6099109524369,0.174940094351768
-0.0850427746772766,14.352857489604,0.174940094351768
-0.0863476991653442,12.783687075375,0.174940094351768
-0.0104102492332458,12.6664975106267,0.0281880777329206
0.000761926174163818,12.5041253797745,0.0281880777329206
-0.00562173128128052,13.5869173340375,0.0281880777329206
-0.0114455223083496,15.154903269203,-0.0633534714579582
0.0315032005310059,16.0000912483066,-0.0633534714579582
0.0159909725189209,16.7400626951474,-0.0633534714579582
0.0457136631011963,17.3509193311516,0.0632123798131943
0.0280669331550598,16.8801733242453,0.0632123798131943
-0.0680091977119446,17.854336674786,0.0632123798131943
-0.220076858997345,18.9493966449144,0.267872303724289
-0.213345795869827,19.9929866798455,0.267872303724289
-0.138574957847595,23.1921653552339,0.267872303724289
-0.0734379887580872,25.0234607676985,0.332167536020279
-0.0047113299369812,24.7033309542179,0.332167536020279
-0.110080420970917,23.5397860301727,0.332167536020279
-0.0202746391296387,22.2656912827772,0.332167536020279
0.0240978002548218,19.1597723129163,0.265405029058456
-0.0212477445602417,13.6195364067443,0.265405029058456
0.00269067287445068,9.81615063581128,0.265405029058456
0.0923129022121429,7.00596445329587,0.167855635285378
0.00301097705960274,4.48740107338697,0.0668952092528343
0.0134755112230778,6.08993472500493,-0.127830326557159
-0.0181115185841918,16.7787179283691,-0.127830326557159
-0.0441994719440117,27.180285560577,-0.127830326557159
0.0362840816378593,27.356867314555,-0.258721977472305
-0.0304639041423798,25.5452812826985,-0.258721977472305
-0.0438075065612793,24.448964503467,-0.258721977472305
-0.00133097171783447,26.3373693279722,-0.160035863518715
-0.0301330089569092,24.3598512028671,-0.160035863518715
-0.00373625755310059,24.6798880500999,-0.160035863518715
-0.0427111387252808,28.17872291447,-0.0315121524035931
-0.0353573560714722,30.3182957306402,-0.0315121524035931
-0.0285497903823853,31.9347988667782,-0.0315121524035931
-0.0752674341201782,32.4138210655261,-0.0396155081689358
-0.0477510690689087,32.3976558852718,-0.0396155081689358
-0.0891401171684265,32.6894229397485,-0.0396155081689358
-0.0567488074302673,33.0039745182461,-0.106776207685471
-0.0323663353919983,33.1371280494852,-0.106776207685471
-0.0783012509346008,32.8651808205746,-0.106776207685471
-0.0588056445121765,32.3008427422399,-0.142612516880035
-0.0737868547439575,31.3385099708823,-0.142612516880035
-0.0212544202804565,29.4739610643763,-0.142612516880035
0.00644797086715698,26.9209815592502,-0.251255363225937
0.0459501147270203,25.943547683781,-0.251255363225937
0.0907455086708069,27.1377100491367,-0.251255363225937
0.117378234863281,26.2677613463644,-0.315720707178116
0.0972550511360168,24.6978637716118,-0.315720707178116
0.0348207950592041,22.9612076650847,-0.315720707178116
0.0548550486564636,21.46099060102,-0.337798446416855
0.109214603900909,22.7569552952599,-0.337798446416855
0.160632610321045,25.1602594831655,-0.337798446416855
0.141611278057098,25.3611945480161,-0.402474761009216
0.140517473220825,27.5673416477902,-0.402474761009216
0.14066219329834,30.2256734024407,-0.402474761009216
0.159826397895813,30.5534495129238,-0.458746194839478
0.152173578739166,33.1696639060435,-0.458746194839478
0.13060337305069,36.2780323680153,-0.458746194839478
0.0900771021842957,36.8572888347498,-0.323885172605515
0.0761648416519165,29.3792118777728,-0.323885172605515
0.0501807332038879,18.1050424708737,-0.323885172605515
0.0296439528465271,15.701503710337,0.104868374764919
-0.0582067370414734,5.07576079082163,0.104868374764919
-0.142847716808319,14.3915967895133,0.104868374764919
-0.205271065235138,17.5482558850522,0.370183020830154
-0.205917775630951,20.7430220075555,0.370183020830154
-0.144628584384918,24.8005955880276,0.370183020830154
-0.131016731262207,25.6680058209928,0.478586107492447
-0.145117700099945,26.4908721790232,0.478586107492447
-0.157332599163055,27.6088696954371,0.478586107492447
-0.106186330318451,27.9230455100698,0.512952268123627
-0.0977983474731445,26.7063674479113,0.512952268123627
-0.114504456520081,24.9705580274222,0.512952268123627
-0.0496444702148438,24.494776723426,0.476454168558121
-0.154682517051697,22.8409075489545,0.476454168558121
-0.159258544445038,20.4646016808718,0.476454168558121
-0.118298411369324,19.7357825193746,0.406115084886551
-0.133854508399963,18.2230842523072,0.406115084886551
-0.136049687862396,16.1039943105801,0.406115084886551
-0.217937171459198,15.5115083828247,0.363203942775726
-0.262136101722717,15.8719106432558,0.363203942775726
-0.220374047756195,16.3450928430854,0.363203942775726
-0.202170550823212,16.4723560831544,0.357972234487534
-0.150114834308624,15.5766268330735,0.357972234487534
-0.12597268819809,14.2302217101435,0.357972234487534
-0.155090034008026,13.7896339540035,0.296404480934143
-0.116794645786285,11.49028702104,0.296404480934143
-0.152247309684753,8.12387795143163,0.296404480934143
-0.129334092140198,7.31534789063817,0.195621684193611
-0.0507742762565613,6.391580742416,0.195621684193611
-0.0281105041503906,5.38931727695442,0.195621684193611
0.0116177201271057,5.6580409143255,0.115138374269009
0.0218906998634338,6.28367310406056,0.115138374269009
0.0169239044189453,7.69945930565907,0.115138374269009
-0.0336246490478516,9.52171069894025,0.0178345181047916
0.0186080932617188,11.5527092020415,0.0178345181047916
0.0637220740318298,13.6546115466535,0.0178345181047916
0.00705552101135254,14.8351938633158,0.0101192127913237
-0.0246739983558655,14.4315829231696,0.0101192127913237
-0.00985723733901978,13.7569960846918,0.0101192127913237
-0.0406379699707031,13.4145549663704,0.141803026199341
-0.072579562664032,13.4329054927018,0.141803026199341
-0.0610470771789551,15.1600738189059,0.141803026199341
-0.135936558246613,16.0593709807912,0.172096982598305
-0.0824690461158752,14.8490385150508,0.172096982598305
-0.0484004020690918,13.3868302862717,0.172096982598305
-0.046701192855835,13.1472269166719,0.0281880777329206
-0.0184172391891479,12.7815619779923,0.0281880777329206
-0.0117068886756897,13.5523606404004,0.0281880777329206
-0.0489643216133118,15.0870334027619,-0.0633534714579582
-0.0297015309333801,16.1470702377305,-0.0633534714579582
-0.0556992888450623,17.1126036615789,-0.0633534714579582
-0.00398343801498413,17.9198907374189,0.0632123798131943
0.0190054178237915,17.803395170506,0.0632123798131943
-0.0436443686485291,18.5704508271401,0.0632123798131943
-0.139414966106415,19.1917094147862,0.267872303724289
-0.189824044704437,20.0888430189916,0.267872303724289
-0.18087249994278,23.4054665631577,0.267872303724289
-0.0745248794555664,25.2948031006527,0.332167536020279
-0.0462878346443176,24.4222647000964,0.332167536020279
-0.0159156918525696,22.1975263864447,0.332167536020279
0.0350525975227356,20.1693443958177,0.332167536020279
0.00447869300842285,16.6160633378533,0.265405029058456
-0.0373585820198059,10.5601707385371,0.265405029058456
-0.0412774682044983,6.41667366884234,0.265405029058456
0.0710295736789703,3.9839358948566,0.167855635285378
0.0272386372089386,5.92635683724197,0.0668952092528343
0.0107954349368811,6.49470912223941,-0.127830326557159
-0.0228163315914571,15.2076462725934,-0.127830326557159
-0.016377289313823,23.6140787445039,-0.127830326557159
0.0619710683822632,24.1762431605536,-0.258721977472305
-0.0580533146858215,22.7037966664166,-0.258721977472305
-0.0328502058982849,22.3520515102841,-0.258721977472305
-0.00447458028793335,25.1338054251096,-0.160035863518715
-0.0125433206558228,24.9932672751625,-0.160035863518715
0.00596058368682861,26.6490493377773,-0.160035863518715
-0.0477891564369202,29.7408915579785,-0.0315121524035931
-0.0144185423851013,31.9191129440735,-0.0315121524035931
-0.00866109132766724,33.0319082003962,-0.0315121524035931
-0.0482941269874573,33.0200949778904,-0.0396155081689358
-0.0375108122825623,32.5787939867161,-0.0396155081689358
-0.0858826637268066,32.5303115509574,-0.0396155081689358
-0.0319294333457947,32.5816607547078,-0.106776207685471
-0.0119067430496216,32.5547678074765,-0.106776207685471
-0.0589156746864319,32.2928722283314,-0.106776207685471
-0.0934447646141052,31.7827677617248,-0.142612516880035
-0.0275943875312805,31.058590442431,-0.142612516880035
-0.0306852459907532,29.6338007831583,-0.142612516880035
-0.0511038303375244,27.4215907188362,-0.251255363225937
0.0302756428718567,27.0321719735988,-0.251255363225937
0.0795113444328308,28.4102566586563,-0.251255363225937
0.126891314983368,27.5775035728287,-0.315720707178116
0.0948269963264465,26.2094230605233,-0.315720707178116
0.0835124850273132,24.8170436211231,-0.315720707178116
0.127851963043213,23.6104517517214,-0.337798446416855
0.161977767944336,24.585452359217,-0.337798446416855
0.167251527309418,26.3460777319175,-0.337798446416855
0.137199521064758,26.3295323286043,-0.402474761009216
0.162911891937256,28.5728471639313,-0.402474761009216
0.136761426925659,31.351458513319,-0.402474761009216
0.164465487003326,31.7376245200897,-0.458746194839478
0.116963267326355,34.1175225760576,-0.458746194839478
0.0970134139060974,36.9293769759852,-0.458746194839478
0.0733748078346252,37.4385965729345,-0.323885172605515
0.0642209649085999,28.8648145065953,-0.323885172605515
0.0362098217010498,15.8874446458075,-0.323885172605515
0.0241941213607788,13.7207540801357,0.104868374764919
-0.0473634004592896,7.50484812005715,0.104868374764919
-0.134157717227936,15.4703905252367,0.104868374764919
-0.24074125289917,17.9130934767044,0.370183020830154
-0.256493628025055,20.3265480559913,0.370183020830154
-0.196969509124756,23.53118558292,0.370183020830154
-0.202353477478027,24.0891071156524,0.478586107492447
-0.193413317203522,25.1752056700896,0.478586107492447
-0.167466104030609,26.7291709251843,0.478586107492447
-0.0757172107696533,27.157614514548,0.512952268123627
-0.0202046036720276,26.2383968721491,0.512952268123627
-0.0153242349624634,24.920225708257,0.512952268123627
0.00372660160064697,24.5670712494116,0.476454168558121
-0.163464069366455,23.1364016175118,0.476454168558121
-0.269376426935196,21.0742382831034,0.476454168558121
-0.229268670082092,20.429105276352,0.406115084886551
-0.194079101085663,18.5752850441924,0.406115084886551
-0.202090382575989,15.9558320614586,0.406115084886551
-0.243212133646011,15.2003021909645,0.363203942775726
-0.242741465568542,15.6375213267584,0.363203942775726
-0.207086026668549,16.2560361664107,0.363203942775726
-0.19608873128891,16.4658867173387,0.357972234487534
-0.146645784378052,15.9604018302579,0.357972234487534
-0.108229160308838,15.1484039776525,0.357972234487534
-0.171867609024048,14.8269511951844,0.296404480934143
-0.1766397356987,12.3558866530648,0.296404480934143
-0.169948518276215,8.63099146894246,0.296404480934143
-0.14407080411911,7.47369657305435,0.195621684193611
-0.0414925813674927,6.08483550157799,0.195621684193611
-0.0117937326431274,4.39659375592091,0.195621684193611
-0.0258708596229553,4.64457019028146,0.115138374269009
0.014670193195343,5.40351626152857,0.115138374269009
-0.0112498998641968,6.62085847942526,0.115138374269009
-0.090536892414093,8.2693756807137,0.0178345181047916
0.00584667921066284,10.0534413145561,0.0178345181047916
0.0553117990493774,12.186255216196,0.0178345181047916
0.0084795355796814,13.4955479929939,0.0101192127913237
0.0313313007354736,13.3388919859072,0.0101192127913237
0.0235258340835571,13.0249116584008,0.0101192127913237
-0.0480191707611084,13.055824348811,0.141803026199341
-0.0766550898551941,13.4153208753164,0.141803026199341
-0.0417165756225586,15.3222591004226,0.141803026199341
-0.103867590427399,16.3719265401887,0.172096982598305
-0.104617476463318,15.4800481350942,0.172096982598305
-0.0860534310340881,14.3000122358897,0.172096982598305
-0.170685768127441,14.041577077998,0.0536979474127293
-0.0941375494003296,13.6043188569279,0.0536979474127293
-0.0697862505912781,14.0767561740594,0.0536979474127293
-0.0540250539779663,15.4360259895462,-0.0431382916867733
-0.0373286604881287,16.512769638917,-0.0431382916867733
-0.0773642659187317,17.3539481479526,-0.0431382916867733
-0.0240973234176636,17.8637596447569,0.0396534353494644
0.0269852876663208,17.5367095137542,0.0396534353494644
0.00445103645324707,17.8799288699915,0.0396534353494644
-0.0522918701171875,18.0976590960529,0.254235088825226
-0.117258310317993,18.9182462589989,0.254235088825226
-0.180398166179657,22.4532400663716,0.254235088825226
-0.12743467092514,24.3642359644482,0.319979757070541
-0.0759673714637756,22.8201480399309,0.319979757070541
-0.0195207595825195,19.5854588715871,0.319979757070541
0.0178619027137756,17.1479214191486,0.319979757070541
-0.0368454456329346,13.5962176574399,0.209578812122345
0.0443766713142395,7.67308559123592,0.209578812122345
0.0437447726726532,4.01146629864483,0.209578812122345
0.132054150104523,2.10554137929144,0.118217542767525
0.0187971480190754,6.40939690791735,0.0668952092528343
-0.0122829210013151,6.45797022649341,-0.127830326557159
-0.0283197211101651,13.0799505586673,-0.127830326557159
-0.0195801691152155,20.0744571986209,-0.127830326557159
0.0426137894392014,22.0645045421037,-0.258721977472305
-0.0947890877723694,22.6000724327074,-0.258721977472305
-0.00583332777023315,24.2220318177898,-0.258721977472305
-0.0227583050727844,27.7434415005527,-0.160035863518715
-0.0242202877998352,29.3482786998762,-0.160035863518715
-0.0769211649894714,31.3774219825409,-0.160035863518715
-0.0812292695045471,33.4526025795468,-0.0315121524035931
-0.0411718487739563,34.8162578134828,-0.0315121524035931
-0.0489957928657532,34.8935269586775,-0.0315121524035931
-0.0949056148529053,34.0132970571786,-0.0396155081689358
-0.0693684220314026,32.872664676124,-0.0396155081689358
-0.0593183040618896,32.2525061090802,-0.0396155081689358
-0.0161944031715393,31.7990248496553,-0.106776207685471
-0.0132331252098083,31.4311086960562,-0.106776207685471
-0.0389121770858765,31.1322119377584,-0.106776207685471
-0.0376642346382141,30.7186509238565,-0.142612516880035
0.0054466724395752,30.3640032788262,-0.142612516880035
-0.0609607100486755,29.623924315531,-0.142612516880035
-0.0713915824890137,27.9644482782054,-0.251255363225937
0.0205596089363098,28.2334759800503,-0.251255363225937
0.0591447353363037,29.8369483958018,-0.251255363225937
0.129173338413239,29.0240713451996,-0.315720707178116
0.110207736492157,27.7114593042659,-0.315720707178116
0.102263391017914,26.5256548762774,-0.315720707178116
0.13050103187561,25.6359648358863,-0.337798446416855
0.124464333057404,26.6774309706755,-0.337798446416855
0.105452716350555,28.2004654561041,-0.337798446416855
0.138939440250397,27.9567922370276,-0.402474761009216
0.158393085002899,29.8267636233904,-0.402474761009216
0.137956976890564,32.2995128641081,-0.402474761009216
0.136353075504303,32.6852742159506,-0.458746194839478
0.0507714748382568,34.5398980943008,-0.458746194839478
0.0557751059532166,36.743539147923,-0.458746194839478
0.0787848234176636,37.1829973532014,-0.323885172605515
0.0579424500465393,27.8444629684133,-0.323885172605515
0.04108726978302,14.7104206101847,-0.323885172605515
0.0291837453842163,14.3874220768351,0.104868374764919
-0.0042647123336792,13.6085578412419,0.104868374764919
-0.0830042362213135,18.8454288907842,0.104868374764919
-0.25198221206665,20.0664686966174,0.370183020830154
-0.276732504367828,20.993534241364,0.370183020830154
-0.258432984352112,22.4209141297317,0.370183020830154
-0.276708900928497,22.1008030980519,0.478586107492447
-0.284661918878555,23.3224799560161,0.478586107492447
-0.204359352588654,25.4436378824369,0.478586107492447
-0.0935102105140686,26.0183483467934,0.512952268123627
-0.0784682631492615,25.4919714246775,0.512952268123627
-0.0297346711158752,24.723332792991,0.512952268123627
0.0243655443191528,24.5371982857388,0.476454168558121
-0.0448817014694214,23.4146027551692,0.476454168558121
-0.154516398906708,21.7675036869687,0.476454168558121
-0.181338548660278,21.2215402145019,0.406115084886551
-0.223712086677551,19.0813940761081,0.406115084886551
-0.268534183502197,16.0425852089811,0.406115084886551
-0.255276948213577,15.1383497954686,0.363203942775726
-0.201430916786194,15.3477995904601,0.363203942775726
-0.146544933319092,15.6972269934305,0.363203942775726
-0.154816329479218,15.9247844211543,0.357972234487534
-0.18382340669632,15.9154417384612,0.357972234487534
-0.183684408664703,15.7603845724042,0.357972234487534
-0.172843992710114,15.7173241086493,0.296404480934143
-0.152710616588593,13.5654712270417,0.296404480934143
-0.17716771364212,10.1788153567833,0.296404480934143
-0.186744213104248,8.78411310751786,0.195621684193611
-0.0900081992149353,6.97070676074616,0.195621684193611
-0.0918887257575989,4.33798282697041,0.195621684193611
-0.121212124824524,3.70036230436842,0.115138374269009
-0.0363653898239136,4.11835958037814,0.115138374269009
-0.0457866787910461,4.91322863797532,0.115138374269009
-0.0923250317573547,6.18671609195689,0.0178345181047916
-0.0111468434333801,7.38602009501536,0.0178345181047916
0.0668337941169739,9.48477465218537,0.0178345181047916
0.0431264042854309,10.9783155067847,0.0101192127913237
0.071874737739563,11.0726143894762,0.0101192127913237
0.0546585917472839,11.4143298254646,0.0101192127913237
0.00998979806900024,12.3191179719017,0.141803026199341
-0.00427603721618652,13.6002493076505,0.141803026199341
-0.0862267017364502,16.1165852109186,0.141803026199341
-0.119492053985596,17.570582027505,0.172096982598305
-0.137136101722717,17.1077940245805,0.172096982598305
-0.118140041828156,16.1422504745102,0.172096982598305
-0.158206582069397,15.7348571368766,0.0536979474127293
-0.118393182754517,15.2041639423687,0.0536979474127293
-0.0977463722229004,15.4508564240591,0.0536979474127293
-0.0597273707389832,16.6610707364634,-0.0431382916867733
0.0014503002166748,17.7144790484833,-0.0431382916867733
-0.0377518534660339,18.2434394878002,-0.0431382916867733
-0.0126705765724182,18.092030739611,0.0396534353494644
-0.00251060724258423,17.0022642562972,0.0396534353494644
-0.00977450609207153,16.4763821457181,0.0396534353494644
-0.00443786382675171,16.0770746409892,0.254235088825226
-0.044167160987854,16.5744578792345,0.254235088825226
-0.076984703540802,20.159544525589,0.254235088825226
-0.107491374015808,21.9526767382591,0.319979757070541
-0.105388045310974,19.6756858628544,0.319979757070541
-0.0427623391151428,15.5206002744591,0.319979757070541
-0.0529497861862183,12.9911444206542,0.319979757070541
-0.0650442838668823,9.78698743755154,0.209578812122345
-0.00662847235798836,5.96172536018821,0.0658186674118042
-0.0406724670901895,6.19563242948563,-0.0285467784851789
-0.010670916410163,10.7630473589438,-0.0285467784851789
-0.0220170165412128,16.3503850121989,-0.0285467784851789
-0.0373441576957703,19.7082357967711,-0.0700629726052284
-0.0143063962459564,22.1084312393746,-0.258721977472305
0.0269095897674561,25.0952481992516,-0.258721977472305
-0.0164951086044312,28.8930909371559,-0.160035863518715
-0.0627347826957703,31.4050169351583,-0.160035863518715
-0.133914113044739,33.577940908954,-0.160035863518715
-0.115837305784225,35.2096727255751,-0.0315121524035931
-0.0649378895759583,36.1135696293878,-0.0315121524035931
-0.0772110223770142,35.6490543697828,-0.0315121524035931
-0.100710570812225,34.3638854687796,-0.0396155081689358
-0.080495297908783,32.9846580901091,-0.0396155081689358
-0.0166336297988892,32.1547915207082,-0.0396155081689358
-0.00721383094787598,31.4624427341994,-0.106776207685471
-0.0213392376899719,30.9318874868252,-0.106776207685471
-0.0496418476104736,30.6067271657659,-0.106776207685471
-0.0187364220619202,30.2389494535558,-0.142612516880035
-0.0056380033493042,30.1726708277642,-0.142612516880035
-0.0377705097198486,29.9614938893494,-0.142612516880035
-0.0184496641159058,28.613539199991,-0.251255363225937
0.0462287068367004,29.3517930412123,-0.251255363225937
0.0539183020591736,31.2345750584894,-0.251255363225937
0.0978559255599976,30.4997553815713,-0.315720707178116
0.103493213653564,29.0923806390524,-0.315720707178116
0.112143158912659,27.8207087577797,-0.315720707178116
0.078576922416687,27.0621260202601,-0.337798446416855
0.101529598236084,28.5589339290696,-0.337798446416855
0.0918880105018616,30.4797005125887,-0.337798446416855
0.131048560142517,30.2677253659355,-0.402474761009216
0.141632497310638,31.4663258401137,-0.402474761009216
0.157589375972748,33.1834848081199,-0.402474761009216
0.107282519340515,33.4602818186468,-0.458746194839478
0.0584311485290527,34.4674391236128,-0.458746194839478
0.0705884695053101,35.704716395529,-0.458746194839478
0.0450284481048584,36.0304962541609,-0.323885172605515
0.0321841835975647,26.0671343989701,-0.323885172605515
0.0438002347946167,13.5411654215962,-0.323885172605515
0.0154857039451599,14.8818832677886,0.104868374764919
-0.016140878200531,16.7190622800649,0.104868374764919
-0.119171023368835,20.6417564553898,0.104868374764919
-0.233073770999908,21.0970653535194,0.370183020830154
-0.235742509365082,20.8432330899681,0.370183020830154
-0.254846155643463,20.5583917167261,0.370183020830154
-0.271769970655441,19.3071288885293,0.478586107492447
-0.283393710851669,20.8104162233933,0.478586107492447
-0.268249750137329,23.7488059163549,0.478586107492447
-0.177728235721588,24.5228241966428,0.512952268123627
-0.131265103816986,24.4749207239666,0.512952268123627
-0.13255912065506,24.3621220576511,0.512952268123627
-0.0591468811035156,24.359424624347,0.476454168558121
-0.0393235683441162,23.6095065728169,0.476454168558121
-0.0760631561279297,22.4779927984689,0.476454168558121
-0.0583441853523254,22.0703333596722,0.406115084886551
-0.128752648830414,19.7217390025016,0.406115084886551
-0.139393270015717,16.3718227012495,0.406115084886551
-0.121669471263885,15.3676251521619,0.363203942775726
-0.121629178524017,15.0551730000001,0.363203942775726
-0.12770402431488,14.6761676413168,0.363203942775726
-0.132058620452881,14.7597061403843,0.357972234487534
-0.181524693965912,15.2057383201669,0.357972234487534
-0.204720556735992,15.6648109114737,0.357972234487534
-0.20739358663559,15.935361659511,0.296404480934143
-0.234114229679108,14.4056392939395,0.296404480934143
-0.239349901676178,11.8202200228266,0.296404480934143
-0.236411035060883,10.5841711023257,0.195621684193611
-0.203931331634521,8.93735786192613,0.195621684193611
-0.218988180160522,6.51650569674213,0.195621684193611
-0.200290262699127,5.43618431420561,0.115138374269009
-0.106315851211548,4.94836076974245,0.115138374269009
-0.114801406860352,4.79259024799077,0.115138374269009
-0.0940676331520081,5.58257570007389,0.0178345181047916
-0.0107893347740173,6.05445908703212,0.0178345181047916
0.029526948928833,7.81824378753888,0.0178345181047916
0.0382586717605591,9.3718644826187,0.0101192127913237
0.0713115930557251,9.66818995758237,0.0101192127913237
0.0673826932907104,10.5770850299745,0.0101192127913237
0.0648788809776306,12.0398499110135,0.141803026199341
-0.0292109847068787,13.9419724017803,0.141803026199341
-0.114611923694611,16.8539707462601,0.141803026199341
-0.123543322086334,18.5153903720514,0.172096982598305
-0.170131504535675,18.1435018117103,0.172096982598305
-0.169236421585083,17.1112524258355,0.172096982598305
-0.0900002717971802,16.574023869458,0.0536979474127293
-0.0202573537826538,16.0601202736835,0.0536979474127293
-0.0627291798591614,16.2189502390167,0.0536979474127293
-0.0556303858757019,17.3240137810748,-0.0431382916867733
-0.0151932835578918,18.3561466387017,-0.0431382916867733
-0.0236334800720215,18.810105262879,-0.0431382916867733
0.00518351793289185,18.3955775982208,0.0396534353494644
-0.0437471270561218,16.8065125103507,0.0396534353494644
-0.0445209145545959,15.5381069778372,0.0396534353494644
-0.0560006499290466,14.6119035981952,0.254235088825226
-0.134276509284973,14.6741161560988,0.254235088825226
-0.079414427280426,18.0275790672711,0.254235088825226
-0.0907257199287415,19.7245645983388,0.319979757070541
-0.101218044757843,17.2368597649879,0.319979757070541
-0.0706231594085693,12.8923663597243,0.319979757070541
-0.109268069267273,10.494371535022,0.209578812122345
0.0138455033302307,7.79346305282508,0.209578812122345
-0.0262489290907979,5.04549706780827,0.0658186674118042
0.0128110144287348,5.37926476524909,-0.0285467784851789
0.0227572256699204,8.05421429414619,-0.0285467784851789
-0.0422495361417532,11.9416489281866,-0.0285467784851789
-0.00442676246166229,15.4658155405043,-0.0700629726052284
0.0131730139255524,18.2423777269182,-0.0700629726052284
-0.00659990310668945,21.2298463429405,-0.0700629726052284
-0.0623655319213867,24.5184845600297,-0.00570725975558162
-0.0909914970397949,26.9560450096186,-0.00570725975558162
-0.113231718540192,28.820525784813,-0.00570725975558162
-0.098236471414566,29.8656996014217,0.0423610396683216
-0.0665512681007385,30.2267081343374,0.0423610396683216
-0.0516371726989746,29.5545093682962,0.0423610396683216
-0.0268162488937378,28.3519804224786,0.00283240340650082
-0.0471479892730713,27.2321630452937,0.00283240340650082
-0.0270031094551086,26.8123960283876,0.00283240340650082
-0.058422327041626,26.5107651577498,-0.0544657520949841
-0.0554050207138062,26.4015936794921,-0.0544657520949841
-0.0526978373527527,26.4947184316781,-0.0544657520949841
-0.0975260138511658,26.5188132030878,-0.143294662237167
-0.0710628628730774,27.2232283000585,-0.143294662237167
-0.0619861483573914,28.0951419631517,-0.143294662237167
-0.0605287551879883,27.463487600759,-0.314919888973236
0.00387156009674072,29.2382404522453,-0.314919888973236
0.0628176331520081,31.8886622851084,-0.314919888973236
0.0851479768753052,31.4187255176696,-0.397155165672302
0.0950976610183716,29.9916485140383,-0.397155165672302
0.0902344584465027,28.5237307664206,-0.397155165672302
0.0765315294265747,27.6734660130603,-0.413667351007462
0.0865312218666077,29.6819851438226,-0.413667351007462
0.0861762166023254,32.2926243636618,-0.413667351007462
0.115340113639832,32.3841658674262,-0.441563457250595
0.138800442218781,32.9552077362792,-0.441563457250595
0.152142822742462,33.8245522992637,-0.441563457250595
0.10901665687561,33.9662362776428,-0.451306223869324
0.0835375785827637,34.0985799803692,-0.451306223869324
0.0672222375869751,34.3284510507939,-0.451306223869324
0.0352595448493958,34.5598013727008,-0.253337979316711
0.0253210663795471,24.1944120938386,-0.253337979316711
0.0470545887947083,12.9612395682698,-0.253337979316711
-0.00716096162796021,15.0861727973291,0.114025436341763
-0.0970409512519836,17.7194238087271,0.114025436341763
-0.122437477111816,20.7690084425604,0.114025436341763
-0.124154567718506,20.896408487791,0.245866775512695
-0.158357441425323,20.1008614138274,0.245866775512695
-0.202377617359161,18.9363275552186,0.245866775512695
-0.197569847106934,17.2640378680917,0.346275478601456
-0.204598784446716,18.8077265788114,0.346275478601456
-0.291122823953629,22.1301249422552,0.346275478601456
-0.221342146396637,22.8476392995204,0.436264395713806
-0.111807286739349,23.111161761468,0.436264395713806
-0.176625788211823,23.5699674614371,0.436264395713806
-0.174013197422028,23.7243489526516,0.452615886926651
-0.158608853816986,23.3380766065655,0.452615886926651
-0.109855055809021,22.7556440960499,0.452615886926651
-0.091211199760437,22.5727289375116,0.408537238836288
-0.0797547698020935,20.1883809722667,0.408537238836288
-0.0555608868598938,16.7285603280289,0.408537238836288
-0.0775690674781799,15.6917528581789,0.349174231290817
-0.0890691876411438,14.8175183955952,0.349174231290817
-0.160101234912872,13.6487282260797,0.349174231290817
-0.211344301700592,13.5275989195342,0.343295693397522
-0.231952011585236,14.2558228563007,0.343295693397522
-0.245049834251404,15.1114871232262,0.343295693397522
-0.251124024391174,15.5529469307694,0.334244698286057
-0.326960027217865,14.5683417958293,0.334244698286057
-0.2750383913517,12.724645883387,0.334244698286057
-0.152067482471466,11.7257688066906,0.286834955215454
-0.141602993011475,10.4068653412621,0.286834955215454
-0.16696834564209,8.52979697841066,0.286834955215454
-0.0968340635299683,7.62252041535111,0.216521605849266
-0.048254132270813,6.6200774383585,0.216521605849266
-0.0751639604568481,5.63570457447958,0.216521605849266
-0.0905500650405884,6.05133161551454,0.100654400885105
-0.0491955280303955,5.99567042911876,0.100654400885105
-0.00654870271682739,7.24933958279633,0.100654400885105
-0.000925958156585693,8.84330867418114,0.0648793205618858
0.0266832709312439,9.4549522727008,0.0648793205618858
0.0635193586349487,10.6495572309464,0.0648793205618858
0.0633562207221985,11.9893288527271,0.171802937984467
-0.122159481048584,13.8310987399283,0.171802937984467
-0.186258792877197,16.7564736785993,0.171802937984467
-0.0760539770126343,18.35730659821,0.187927380204201
-0.0804088115692139,17.7440702143636,0.187927380204201
-0.101414263248444,16.5187485059454,0.187927380204201
-0.00558644533157349,16.1140863483781,0.082997240126133
0.0305077433586121,15.8725723057638,0.082997240126133
-0.0444815158843994,16.0346883392173,0.082997240126133
-0.0434383749961853,16.9252116577844,-0.0251507721841335
-0.0493378639221191,17.7798674835762,-0.0251507721841335
-0.0556058287620544,18.3914633347794,-0.0251507721841335
-0.0748764872550964,18.2513345206354,0.00035586190642789
-0.1312295794487,16.6973246451197,0.00035586190642789
-0.0724713802337646,15.129645653153,0.00035586190642789
-0.0581967830657959,13.9540514441222,0.198869436979294
-0.183277428150177,13.6207406481953,0.198869436979294
-0.121698796749115,16.4570893142896,0.198869436979294
-0.103939175605774,17.9578715172294,0.268843472003937
-0.103107452392578,15.4734279288778,0.268843472003937
-0.0860069990158081,11.2717211244518,0.268843472003937
-0.0638603866100311,8.94754473765811,0.165295049548149
0.141711801290512,6.59794478692583,0.165295049548149
0.0039423294365406,3.99278630571623,0.0658186674118042
0.0519171850755811,4.61995988126244,-0.0285467784851789
-0.00465774722397327,6.23979113113796,-0.0285467784851789
-0.054692629724741,8.54434468303366,-0.0285467784851789
-0.0118708163499832,10.9243796506257,-0.0700629726052284
-0.042394682765007,12.5603358175133,-0.0700629726052284
-0.0375518798828125,14.0113423939459,-0.0700629726052284
-0.112478196620941,15.4595432055401,-0.00570725975558162
-0.109029144048691,16.3768363463337,-0.00570725975558162
-0.108670711517334,16.7187689575783,-0.00570725975558162
-0.0896036028862,15.9708246426702,0.0423610396683216
-0.0358272790908813,14.7174703876493,0.0423610396683216
0.0183570086956024,13.6487454318926,0.0423610396683216
0.00105929374694824,12.8741298167641,0.00283240340650082
-0.0111083686351776,12.4529676690886,0.00283240340650082
0.00282630324363708,13.1874108806566,0.00283240340650082
-0.0537629425525665,13.9821422293688,-0.0544657520949841
-0.0363893210887909,15.0363017696654,-0.0544657520949841
-0.12841871380806,16.2592412187237,-0.0544657520949841
-0.18518391251564,17.2952796644439,-0.143294662237167
-0.105348289012909,19.788849969477,-0.143294662237167
-0.160196900367737,22.8502865249872,-0.143294662237167
-0.164104700088501,23.6784930011563,-0.314919888973236
-0.114856779575348,27.5542517939748,-0.314919888973236
0.00700616836547852,31.7364578899792,-0.314919888973236
0.0601350069046021,31.6999144807582,-0.397155165672302
0.0890318751335144,30.580994706059,-0.397155165672302
0.0988008379936218,29.2478679457978,-0.397155165672302
0.0877983570098877,28.3670701203708,-0.413667351007462
0.106157004833221,30.5137650003985,-0.413667351007462
0.110199153423309,33.342230769447,-0.413667351007462
0.145892024040222,33.6914645219235,-0.441563457250595
0.164428472518921,33.6746144049513,-0.441563457250595
0.160825252532959,33.725394810997,-0.441563457250595
0.0891944766044617,33.7903191222324,-0.451306223869324
0.0794243216514587,33.3521396354525,-0.451306223869324
0.0597915649414062,32.9497568091373,-0.451306223869324
0.0463333129882812,33.3295703191081,-0.253337979316711
0.038840115070343,23.7584613483056,-0.253337979316711
0.058294951915741,15.7309212747107,-0.253337979316711
-0.016186535358429,17.5655184721475,0.114025436341763
-0.119576334953308,19.6041519348355,0.114025436341763
-0.0950917601585388,21.670546185635,0.114025436341763
-0.111633777618408,21.6667939683659,0.245866775512695
-0.104943335056305,20.9545533990211,0.245866775512695
-0.129699289798737,20.0774099387479,0.245866775512695
-0.114319086074829,19.0639634831652,0.346275478601456
-0.219659864902496,20.1754868903838,0.346275478601456
-0.341909617185593,22.4414069027747,0.346275478601456
-0.241381168365479,22.3973415068478,0.436264395713806
-0.123764991760254,22.3723249286617,0.436264395713806
-0.159875631332397,22.8656592139862,0.436264395713806
-0.211896181106567,22.8647545678644,0.452615886926651
-0.21198707818985,22.485520098695,0.452615886926651
-0.171303451061249,22.0979270867595,0.452615886926651
-0.187797367572784,22.0339204770428,0.408537238836288
-0.145418047904968,19.9336689122854,0.408537238836288
-0.0855088829994202,16.8650918870632,0.408537238836288
-0.100068747997284,15.9744774717642,0.349174231290817
-0.102657735347748,14.7564187149648,0.349174231290817
-0.179202198982239,13.0938292489096,0.349174231290817
-0.189189732074738,12.8274543671557,0.343295693397522
-0.20124351978302,13.6225868302285,0.343295693397522
-0.285164594650269,14.6545610532123,0.343295693397522
-0.279749572277069,15.2871708212122,0.334244698286057
-0.25519135594368,15.0130150647433,0.334244698286057
-0.23084545135498,14.0394483426587,0.334244698286057
-0.0848811268806458,13.2782751802028,0.286834955215454
-0.0821545124053955,12.232992493595,0.286834955215454
-0.124172925949097,10.8118385193336,0.286834955215454
-0.0869146585464478,9.94463811487723,0.216521605849266
-0.0823818445205688,8.41270359302942,0.216521605849266
-0.0572986602783203,6.59207161020137,0.216521605849266
-0.0958696007728577,6.53739466570772,0.100654400885105
-0.0565295815467834,5.89734881736947,0.100654400885105
0.00757557153701782,6.522881820688,0.100654400885105
0.000209033489227295,8.28860062845475,0.0648793205618858
-0.0142816305160522,9.41820073714197,0.0648793205618858
0.0109098553657532,10.658145589621,0.0648793205618858
0.0223652720451355,11.4520786899177,0.171802937984467
-0.115886330604553,12.9030332712316,0.171802937984467
-0.163273692131042,15.8167362415411,0.171802937984467
-0.0740265846252441,17.3546044858117,0.187927380204201
-0.0165837407112122,16.4739093132682,0.187927380204201
-0.044317901134491,15.1466784171094,0.187927380204201
-0.0258711576461792,15.1647285524812,0.082997240126133
-0.00145137310028076,15.375385011487,0.082997240126133
-0.0589742064476013,15.5099130555164,0.082997240126133
-0.0139091014862061,15.9797815174371,-0.0251507721841335
-0.00628459453582764,16.3957037296501,-0.0251507721841335
-0.0208607912063599,17.1350618208248,-0.0251507721841335
-0.077114462852478,17.4244016196385,0.00035586190642789
-0.113280117511749,16.1293068070341,0.00035586190642789
-0.0564635396003723,14.5232404869209,0.00035586190642789
-0.0656178593635559,13.2738260359022,0.198869436979294
-0.143231689929962,12.6097524164692,0.198869436979294
-0.111527621746063,14.7967559171998,0.198869436979294
-0.154472589492798,15.9974416440439,0.268843472003937
-0.166807293891907,13.546754760333,0.268843472003937
-0.115608751773834,9.61498387398583,0.268843472003937
-0.00989231467247009,7.47512353429909,0.165295049548149
0.197380661964417,5.48953680887835,0.165295049548149
0.040625742636621,2.79290480773057,0.0658186674118042
0.0450741885579191,3.79716105661517,-0.0285467784851789
-0.0219921232201159,5.21758374358367,-0.0285467784851789
-0.0295419842004776,6.83772310096255,-0.0285467784851789
0.128252709284425,8.47273138669927,-0.0700629726052284
0.0983642786741257,9.51977650380493,-0.0700629726052284
0.0427683889865875,10.0336716492532,-0.0700629726052284
-0.0654815435409546,10.2928358663526,-0.00570725975558162
-0.104006052017212,10.0734650302422,-0.00570725975558162
-0.0766334235668182,9.14470760003732,-0.00570725975558162
-0.0517280101776123,7.28786990742939,0.0423610396683216
-0.0128253698348999,5.1404828138289,0.0423610396683216
0.00603318214416504,3.85178011868427,0.0423610396683216
-0.00365972518920898,3.43097648331654,0.00283240340650082
0.0123321861028671,3.51976740813655,0.00283240340650082
0.0126599445939064,4.96000536863378,0.00283240340650082
0.00992919504642487,6.33671610427758,-0.0544657520949841
-0.0150179415941238,8.04748621816527,-0.0544657520949841
-0.102220088243484,9.89114073497664,-0.0544657520949841
-0.0947015285491943,11.5164913184055,-0.143294662237167
-0.0177237093448639,15.009313498792,-0.143294662237167
-0.150560259819031,19.225917646459,-0.143294662237167
-0.0908012986183167,20.8240339362043,-0.314919888973236
-0.119785130023956,26.3831184173827,-0.314919888973236
0.00503313541412354,32.0362072012506,-0.314919888973236
0.0854328870773315,32.2991002669203,-0.397155165672302
0.0424913167953491,31.7537897673024,-0.397155165672302
0.121578574180603,31.0529819148743,-0.397155165672302
0.0940237641334534,30.3602663102472,-0.413667351007462
0.111851274967194,31.9509706590027,-0.413667351007462
0.136528968811035,34.0949664087246,-0.413667351007462
0.158679902553558,34.4022615675345,-0.441563457250595
0.147716522216797,33.6602417083366,-0.441563457250595
0.115508198738098,32.8031353940531,-0.441563457250595
0.0657505989074707,32.7827266685017,-0.451306223869324
0.0873705744743347,31.9939389108676,-0.451306223869324
0.0593526363372803,31.2072836630104,-0.451306223869324
0.0572181344032288,31.7566706760498,-0.253337979316711
0.0379738211631775,23.2589270818901,-0.253337979316711
0.0706396698951721,17.5932300170065,-0.253337979316711
7.55190849304199e-05,19.1417773936853,0.114025436341763
-0.0704514384269714,20.6815879717336,0.114025436341763
-0.13292008638382,22.1493973998817,0.114025436341763
-0.119595587253571,22.0798010515249,0.245866775512695
-0.0962750315666199,21.593929998421,0.245866775512695
-0.0956664681434631,21.214635966083,0.245866775512695
-0.0681166052818298,20.9066553252922,0.346275478601456
-0.148360252380371,21.7727596363306,0.346275478601456
-0.21190744638443,22.9093149348119,0.346275478601456
-0.205597758293152,22.1839087038894,0.436264395713806
-0.188387393951416,21.8080202542441,0.436264395713806
-0.237607955932617,22.1024000433556,0.436264395713806
-0.270065099000931,21.8145661806474,0.452615886926651
-0.222814917564392,21.1448782992449,0.452615886926651
-0.205521643161774,20.5421548264033,0.452615886926651
-0.254046201705933,20.3924238319419,0.408537238836288
-0.181849658489227,18.8442452344298,0.408537238836288
-0.116991221904755,16.6227942765643,0.408537238836288
-0.14484167098999,16.0177435530212,0.349174231290817
-0.126093924045563,14.6478378123948,0.349174231290817
-0.0975148677825928,12.7448378981127,0.349174231290817
-0.127465426921844,12.3812220481179,0.343295693397522
-0.204743325710297,13.0529646359569,0.343295693397522
-0.273176491260529,13.9958464748657,0.343295693397522
-0.240963518619537,14.7131705336627,0.334244698286057
-0.159757137298584,15.1366907239017,0.334244698286057
-0.252454459667206,15.0474030753673,0.334244698286057
-0.118935227394104,14.5656518400486,0.286834955215454
-0.0594856739044189,13.8200696305406,0.286834955215454
-0.147807836532593,12.8974781572049,0.286834955215454
-0.114138126373291,12.1981712946992,0.216521605849266
-0.0890508890151978,10.3924372703942,0.216521605849266
-0.0858275294303894,8.06744453208338,0.216521605849266
-0.0983128547668457,7.65946404779668,0.100654400885105
-0.0899537801742554,6.56733885036931,0.100654400885105
-0.0392412543296814,6.30130964401156,0.100654400885105
-0.0471100807189941,7.97566556853081,0.0648793205618858
-0.0461430549621582,9.50833308301216,0.0648793205618858
-0.0218305587768555,10.6769617903017,0.0648793205618858
-0.0737627148628235,11.0574010448165,0.171802937984467
-0.100145637989044,12.3146958288989,0.171802937984467
-0.159116804599762,15.3629704687219,0.171802937984467
-0.141260862350464,16.9291520776384,0.187927380204201
-0.0791480541229248,15.9756411712374,0.187927380204201
-0.106994271278381,14.6488115063927,0.187927380204201
-0.161915957927704,14.8922364105522,0.082997240126133
-0.052408754825592,15.2348000381967,0.082997240126133
-0.00405973196029663,15.2209378945051,0.082997240126133
-0.032410204410553,15.4116714577627,-0.0251507721841335
-0.0697555541992188,15.5441631057645,-0.0251507721841335
-0.0125967264175415,16.3641991008442,-0.0251507721841335
0.000890910625457764,16.9188654694822,0.00035586190642789
-0.0388335585594177,15.8413068160634,0.00035586190642789
-0.0517675876617432,14.2427610391914,0.00035586190642789
-0.000185489654541016,12.918067342033,0.198869436979294
0.0187233090400696,11.8812716327484,0.198869436979294
-0.0160149335861206,13.2159992666495,0.198869436979294
-0.08066326379776,13.9890109149965,0.268843472003937
-0.0560751557350159,11.6254080761416,0.268843472003937
-0.0258517265319824,8.09566014988275,0.268843472003937
0.0312968790531158,6.18183345596189,0.165295049548149
0.181258859112859,4.50683701676091,0.165295049548149
0.0615233381977305,1.57623393633731,0.0923393964767456
0.0393595490604639,2.59427906002819,0.072287306189537
-0.0403143912553787,3.80477320014458,0.072287306189537
-0.017364714294672,5.15381815691768,0.072287306189537
0.132261227816343,6.54976458660175,0.070600837469101
0.14951054751873,7.59596005369787,0.070600837469101
-0.0412379503250122,8.09498610842231,0.070600837469101
-0.0629959404468536,8.31117800381539,0.0957378298044205
-0.0397903323173523,8.0846640455143,0.0957378298044205
-0.0215781331062317,7.03230891305531,0.0957378298044205
-0.00921899080276489,5.39455943376659,0.107895083725452
-0.0445079803466797,3.88561988945234,0.107895083725452
-0.0311816483736038,3.07198064843998,0.107895083725452
0.0430863248184323,2.74016642214166,0.0868378579616547
0.0375890303403139,2.79452958308552,0.0868378579616547
0.0574630638584495,3.69471849821011,0.0868378579616547
0.0492802048102021,4.86045098269701,0.0568982735276222
0.0384346591308713,6.251849429293,0.0568982735276222
0.0230357572436333,7.79678323189347,0.0568982735276222
-0.00642958283424377,9.24154249715569,-0.0551673285663128
-0.000863954424858093,12.3700671088984,-0.0551673285663128
-0.0688522905111313,16.4158849356639,-0.0551673285663128
-0.0106475055217743,17.6830748051148,-0.288262605667114
-0.0922009348869324,24.4333515953385,-0.288262605667114
0.0497782230377197,31.6827674890552,-0.288262605667114
0.114125311374664,32.3702103252026,-0.428299814462662
0.0553012490272522,32.7134490006123,-0.428299814462662
0.0927156805992126,33.0018239679582,-0.428299814462662
0.114972770214081,32.6398185623135,-0.45855712890625
0.103738069534302,33.477906173467,-0.45855712890625
0.128320932388306,34.676251736448,-0.45855712890625
0.139687478542328,34.8444230973818,-0.452243447303772
0.129095494747162,33.4434388304106,-0.452243447303772
0.119080126285553,31.7536539698279,-0.452243447303772
0.0692852735519409,31.578390879748,-0.400922030210495
0.0794410109519958,30.2669013855546,-0.400922030210495
0.0633397698402405,28.8664848287692,-0.400922030210495
0.0207685828208923,29.38225600271,-0.145137459039688
0.0350856184959412,21.4036973712106,-0.145137459039688
0.0628112554550171,17.2659468910791,-0.145137459039688
-0.02507483959198,19.0836643000868,0.14390917122364
-0.0516191124916077,20.6730210056901,0.14390917122364
-0.136816740036011,22.0319096862704,0.14390917122364
-0.143893539905548,22.1079916133469,0.18398879468441
-0.110681593418121,21.8921498969845,0.18398879468441
-0.0754404664039612,21.7468086767102,0.18398879468441
-0.0519126057624817,21.5995777718812,0.220499530434608
-0.105144321918488,22.0878173374585,0.220499530434608
-0.167048573493958,22.4688394705366,0.220499530434608
-0.169038951396942,21.4836763697332,0.292299687862396
-0.213653385639191,21.0113229595122,0.292299687862396
-0.294331520795822,21.1717394258845,0.292299687862396
-0.285439074039459,20.6683834696226,0.332373380661011
-0.21255624294281,19.6447789999247,0.332373380661011
-0.203742623329163,18.6274161636796,0.332373380661011
-0.241256594657898,18.203547323665,0.329260647296906
-0.15026068687439,17.0963125610109,0.329260647296906
-0.102959752082825,15.7034714223515,0.329260647296906
-0.214114189147949,15.4688858778238,0.315120667219162
-0.204761683940887,14.259057166977,0.315120667219162
-0.101332783699036,12.4904669025019,0.315120667219162
-0.0404691696166992,12.15481544336,0.327433854341507
-0.146692633628845,12.6707308665262,0.327433854341507
-0.193032145500183,13.3302955699433,0.327433854341507
-0.162532567977905,13.7781149320341,0.343659937381744
-0.0998867750167847,14.4914405414807,0.343659937381744
-0.216463387012482,15.1227206862127,0.343659937381744
-0.157241821289062,15.0308853712557,0.3468297123909
-0.0468156933784485,14.7648069715325,0.3468297123909
-0.166111528873444,14.5160176432707,0.3468297123909
-0.0997820496559143,14.1520987809253,0.31003212928772
-0.0921767354011536,12.295618996502,0.31003212928772
-0.146335244178772,9.74055024669179,0.31003212928772
-0.0831367969512939,9.1542677212877,0.188468173146248
-0.0412383675575256,7.8125867367576,0.188468173146248
-0.0846472978591919,6.70109592290277,0.188468173146248
-0.0997073650360107,7.89164826555023,0.117217168211937
-0.104473233222961,9.42114081303117,0.117217168211937
-0.133123517036438,10.4794654519619,0.117217168211937
-0.188970267772675,10.7966128973965,0.197017893195152
-0.12613183259964,12.1288657439462,0.197017893195152
-0.139381408691406,15.2449509028006,0.197017893195152
-0.142081260681152,16.7056273546741,0.22817674279213
-0.118031442165375,15.626364283909,0.22817674279213
-0.1626096367836,14.1260618184346,0.22817674279213
-0.208858907222748,14.1380063603781,0.137441262602806
-0.0750879049301147,14.0526500069672,0.137441262602806
0.0730632841587067,13.5740603402352,0.137441262602806
-0.0184122323989868,13.5560445919949,0.0202247593551874
-0.102045655250549,13.5947187428986,0.0202247593551874
0.0225054621696472,14.6864674295296,0.0202247593551874
0.0354552268981934,15.657653670041,-0.000590010080486536
0.00562846660614014,14.9939994964933,-0.000590010080486536
-0.0195213556289673,13.7008958098305,-0.000590010080486536
-0.0188232660293579,12.5948570619643,0.119560897350311
0.0619632601737976,11.4569647338532,0.119560897350311
0.0617381930351257,11.9233904142418,0.119560897350311
0.0210863351821899,12.1219768987306,0.179344117641449
0.00593501329421997,9.83572064256724,0.179344117641449
0.00667250156402588,6.7405054587074,0.179344117641449
0.042741060256958,5.01484815954278,0.131814077496529
0.162358153611422,3.58743414497674,0.131814077496529
0.065904013812542,3.30467040370758,0.0568982735276222
0.0184750072658062,4.08620753620643,-0.0551673285663128
0.104896366596222,32.394332808738,-0.428299814462662
0.074614405632019,33.9368658177501,-0.428299814462662
0.100800812244415,34.0081120424824,-0.45855712890625
0.137361407279968,34.3837844047417,-0.45855712890625
0.0992502570152283,34.9208160186264,-0.45855712890625
0.101585507392883,35.0312328914455,-0.452243447303772
0.115699052810669,33.4336059481906,-0.452243447303772
0.100763559341431,31.4231452267714,-0.452243447303772
0.0637847185134888,31.0912174976672,-0.400922030210495
0.0950866937637329,28.895475901776,-0.400922030210495
0.102330982685089,26.4299330914442,-0.400922030210495
0.0324543118476868,26.7826970237907,-0.145137459039688
0.0257044434547424,19.1863056333175,-0.145137459039688
0.0199531316757202,16.518407775806,-0.145137459039688
-0.0229628086090088,18.6525145104174,0.14390917122364
-0.076030433177948,20.4476641675764,0.14390917122364
-0.139102339744568,22.1537808107528,0.14390917122364
-0.137141942977905,22.8658351068816,0.18398879468441
-0.0549079775810242,23.3107464691254,0.18398879468441
-0.0238681435585022,23.6833822373368,0.18398879468441
-0.0354043245315552,23.9668667658107,0.220499530434608
-0.128260731697083,24.4590709245761,0.220499530434608
-0.1861851811409,24.5944143383915,0.220499530434608
-0.160515308380127,23.8232845707615,0.292299687862396
-0.191540002822876,23.290629841463,0.292299687862396
-0.244546800851822,22.9002045796438,0.292299687862396
-0.219520509243011,21.8473501588663,0.332373380661011
-0.187507390975952,20.0424600702958,0.332373380661011
-0.171347677707672,17.9072999111573,0.332373380661011
-0.239111959934235,16.4147230948308,0.329260647296906
-0.192169487476349,14.8189407441439,0.329260647296906
-0.19482284784317,13.4713781205765,0.329260647296906
-0.24542373418808,13.6026600519011,0.315120667219162
-0.210852444171906,13.5545056057391,0.315120667219162
-0.147953033447266,12.9866759533763,0.315120667219162
-0.0508715510368347,12.8597268215528,0.327433854341507
-0.0789216756820679,13.2032211167674,0.327433854341507
-0.149445652961731,13.4832038965005,0.327433854341507
-0.185074508190155,13.2625263325184,0.343659937381744
-0.131347894668579,13.5859593387791,0.343659937381744
-0.162247478961945,14.4125165652098,0.343659937381744
-0.144249856472015,14.6699431664736,0.3468297123909
-0.0965641736984253,15.0302191011259,0.3468297123909
-0.112424671649933,15.5469735206177,0.3468297123909
-0.0949369668960571,15.5774729701837,0.31003212928772
-0.0952064394950867,13.9765417459151,0.31003212928772
-0.134847104549408,11.5907656126255,0.31003212928772
-0.0786086320877075,10.9236962067948,0.188468173146248
-0.0816550254821777,9.22058946400126,0.188468173146248
-0.140901565551758,7.21239471264889,0.188468173146248
-0.0826320052146912,7.69943629299369,0.117217168211937
-0.105742573738098,8.87946489676213,0.117217168211937
-0.188814401626587,9.72232958135418,0.117217168211937
-0.215577363967896,10.0697680668312,0.197017893195152
-0.163511872291565,11.4138347413548,0.197017893195152
-0.120416104793549,14.1697076078026,0.197017893195152
-0.106379508972168,15.123767799162,0.22817674279213
-0.0894709229469299,13.6410277261247,0.22817674279213
-0.102354049682617,11.6686149891665,0.22817674279213
-0.180270463228226,11.1114104600441,0.137441262602806
-0.130809009075165,9.96876554624057,0.137441262602806
-0.0102443397045135,8.17355618834402,0.137441262602806
-0.00548651814460754,7.48054873699294,0.0202247593551874
-0.101735681295395,7.2441501186665,0.0202247593551874
-0.0353148877620697,9.1689352365045,0.0202247593551874
0.0225988626480103,11.2662912865392,-0.000590010080486536
0.066208690404892,11.7451536629752,-0.000590010080486536
0.0213070511817932,11.6046995252466,-0.000590010080486536
-0.0731040835380554,11.5322882043686,0.119560897350311
0.00117737054824829,11.0889534264017,0.119560897350311
0.0463482141494751,11.0216311606878,0.119560897350311
0.0322479605674744,10.434221875288,0.179344117641449
0.00791466236114502,8.12591838983768,0.179344117641449
-0.0454996228218079,5.44577153713408,0.179344117641449
-0.0322628319263458,3.88873168812627,0.131814077496529
0.152783699333668,2.68211430411592,0.131814077496529
0.010446609929204,0.712630763194587,0.0568982735276222
-0.0800987966358662,0.976328798844028,-0.0551673285663128
0.052836537361145,31.5125832524734,-0.428299814462662
0.0273402333259583,34.1846768883379,-0.428299814462662
0.115617036819458,34.5108042289709,-0.45855712890625
0.141888678073883,34.5555285914366,-0.45855712890625
0.124338984489441,34.6634532069731,-0.45855712890625
0.1031693816185,34.7634754835794,-0.452243447303772
0.112330198287964,33.4680012668462,-0.452243447303772
0.0766933560371399,31.7521289867512,-0.452243447303772
0.0473147630691528,31.3718077495931,-0.400922030210495
0.0914608836174011,28.0300826195592,-0.400922030210495
0.0967532396316528,24.1117725729522,-0.400922030210495
0.0622538924217224,24.2634613484945,-0.145137459039688
-0.0387879014015198,17.2554038393347,-0.145137459039688
-0.0416940450668335,16.2868255586102,-0.145137459039688
-0.0951963663101196,18.6593373187295,0.14390917122364
-0.0843684077262878,20.5902462091572,0.14390917122364
-0.0823121070861816,22.5587301047579,0.14390917122364
-0.112679660320282,23.6749565952097,0.18398879468441
-0.0678327083587646,24.4760179381876,0.18398879468441
-0.0582273602485657,25.1078378247065,0.18398879468441
-0.067407488822937,25.6464119135183,0.220499530434608
-0.151389420032501,26.1563213979358,0.220499530434608
-0.174709856510162,26.225219675745,0.220499530434608
-0.16684627532959,25.7124872934468,0.292299687862396
-0.182141840457916,25.1569214075168,0.292299687862396
-0.213340520858765,24.3239989483833,0.292299687862396
-0.20312774181366,22.9170994036389,0.332373380661011
-0.149872899055481,20.5287368381186,0.332373380661011
-0.0994448661804199,17.413223959127,0.332373380661011
-0.211405992507935,14.8302588931129,0.329260647296906
-0.176754295825958,12.1666231010227,0.329260647296906
-0.230650782585144,9.92143758018846,0.329260647296906
-0.224672675132751,10.1495686099313,0.315120667219162
-0.140918791294098,12.0381698143559,0.315120667219162
-0.149061918258667,13.3307794488234,0.315120667219162
-0.103924691677094,13.5696854239908,0.327433854341507
-0.138022661209106,14.02933579473,0.327433854341507
-0.166524589061737,14.4906003871279,0.327433854341507
-0.192750692367554,14.0879403295493,0.343659937381744
-0.201673865318298,13.8243581293596,0.343659937381744
-0.193251490592957,14.0487297444798,0.343659937381744
-0.170631945133209,14.2080672176121,0.3468297123909
-0.163172602653503,14.9580866630965,0.3468297123909
-0.15622466802597,15.9932324916005,0.3468297123909
-0.141087651252747,16.2799752381455,0.31003212928772
-0.0780639052391052,15.2735740156238,0.31003212928772
-0.0844544768333435,13.6899001590383,0.31003212928772
-0.0465611219406128,13.2095285370512,0.188468173146248
-0.109112739562988,10.9834068534614,0.188468173146248
-0.185790657997131,7.98418299750229,0.188468173146248
-0.0820279121398926,7.85718159760891,0.117217168211937
-0.0566831231117249,8.70835992951675,0.117217168211937
-0.124753594398499,9.31910553294619,0.117217168211937
-0.146930873394012,9.6646964211718,0.197017893195152
-0.142348825931549,10.8200206331638,0.197017893195152
-0.133856117725372,12.8246071343377,0.197017893195152
-0.177776157855988,13.2318745449569,0.22817674279213
-0.111190021038055,11.8531632110267,0.22817674279213
-0.0586530566215515,10.2281496854374,0.22817674279213
-0.16791695356369,9.62973009496473,0.137441262602806
-0.159244060516357,7.69423583735686,0.137441262602806
-0.0282154828310013,4.54872152091433,0.137441262602806
0.00380311906337738,3.20242149641734,0.0202247593551874
-9.63956117630005e-05,2.78504774611719,0.0202247593551874
0.0214363783597946,4.97073561402494,0.0202247593551874
-0.0260886922478676,7.44400673078146,-0.000590010080486536
-0.0495031327009201,8.96703281287377,-0.000590010080486536
-0.0139987468719482,9.96701559702241,-0.000590010080486536
-0.0524805188179016,10.7210016895361,0.119560897350311
0.0173493027687073,10.8980119513238,0.119560897350311
0.0919843912124634,10.4061434317694,0.119560897350311
0.0025172233581543,8.96285918155297,0.179344117641449
0.0339601635932922,6.58445501449804,0.179344117641449
-0.0148815512657166,4.29333712465927,0.179344117641449
0.020687460899353,2.8610371016333,0.131814077496529
0.257103838957846,1.81099134124912,0.131814077496529
-0.0904315896332264,0.411752672391073,0.10139100253582
-0.0578015260398388,0.684686409907213,0.00632162904366851
0.108047902584076,34.7259200515745,-0.471995234489441
0.141192018985748,34.4517648418154,-0.471995234489441
0.153527557849884,34.1792728472077,-0.471995234489441
0.12480217218399,34.2251656117651,-0.456984043121338
0.104516923427582,33.3753125432459,-0.456984043121338
0.0540858507156372,32.2186773004539,-0.456984043121338
0.0328073501586914,31.9300317769558,-0.35022234916687
0.0692961812019348,27.4367974452755,-0.35022234916687
0.0672330856323242,21.9820424046969,-0.35022234916687
0.0522811412811279,21.9631691947274,-0.0390564911067486
-0.01771080493927,15.8250920919581,-0.0390564911067486
-0.0739555954933167,16.3559595108422,-0.0390564911067486
-0.13037383556366,18.5847697589417,0.203845322132111
-0.0805744528770447,20.3443251389008,0.203845322132111
-0.085382342338562,22.2786012775987,0.203845322132111
-0.201790511608124,23.3859286107355,0.223912999033928
-0.148324906826019,24.1061253994346,0.223912999033928
-0.103489398956299,24.6550680727978,0.223912999033928
-0.111312687397003,25.2010856938318,0.203789129853249
-0.145758926868439,25.5669719635068,0.203789129853249
-0.107037961483002,25.4750556003152,0.203789129853249
-0.114514827728271,25.0459214684639,0.204258531332016
-0.200133204460144,24.437667577323,0.204258531332016
-0.213864624500275,23.4398063430377,0.204258531332016
-0.192700147628784,22.0776311480294,0.179584607481956
-0.0910758376121521,19.5627347034225,0.179584607481956
-0.0441761016845703,16.1317349558349,0.179584607481956
-0.177430152893066,13.1424821697076,0.143959537148476
-0.105465948581696,9.8133135197385,0.143959537148476
-0.213811933994293,6.35669501934519,0.143959537148476
-0.219962418079376,5.49567525250555,0.201752051711082
-0.120125710964203,8.52695466608577,0.201752051711082
-0.105087339878082,11.474602206629,0.201752051711082
-0.0645997524261475,12.2865581092478,0.303769528865814
-0.188403129577637,13.4585705121137,0.303769528865814
-0.234536945819855,14.9976443218605,0.303769528865814
-0.155553877353668,15.1563763056573,0.33248707652092
-0.168912827968597,14.493331470762,0.33248707652092
-0.192864716053009,13.8539328598214,0.33248707652092
-0.188580513000488,13.6988415782155,0.337773382663727
-0.214027225971222,14.6285875058736,0.337773382663727
-0.20320188999176,15.973288236084,0.337773382663727
-0.114891409873962,16.4099188646435,0.358835816383362
-0.0663978457450867,16.1329815945683,0.358835816383362
-0.115154504776001,15.6728738123483,0.358835816383362
-0.103773891925812,15.5707591576163,0.281413316726685
-0.126661598682404,12.8289903495128,0.281413316726685
-0.0347363948822021,8.9048039023469,0.281413316726685
-0.0434545874595642,8.44911153845437,0.163217276334763
-0.112097442150116,9.20479392018829,0.163217276334763
-0.0481107234954834,9.58353756027107,0.163217276334763
-0.0557319521903992,9.76957187992612,0.180010467767715
-0.0893005728721619,10.5552345214016,0.180010467767715
-0.161426782608032,11.7889035788719,0.180010467767715
-0.249406814575195,11.8056986397787,0.221775129437447
-0.17291122674942,10.8059381449058,0.221775129437447
-0.0859882235527039,9.88729250559666,0.221775129437447
-0.159143328666687,9.53341675538977,0.161615952849388
-0.10151618719101,7.34636078357256,0.161615952849388
-0.0134391486644745,3.91390479463592,0.161615952849388
0.0262905806303024,2.67025399967993,0.0819257572293282
-0.000968784093856812,2.4278248453881,0.0819257572293282
0.0598290599882603,3.6521595061813,0.0819257572293282
0.118464047089219,5.64804937259167,0.0639674887061119
0.188147129490972,7.44158286701468,0.0639674887061119
0.103590965270996,8.67057602500543,0.0639674887061119
0.054342657327652,9.420777617188,0.0951521098613739
0.0903430581092834,9.62092950882406,0.0951521098613739
0.146992385387421,8.86141266017474,0.0951521098613739
0.0243110060691833,7.10244460165475,0.118150822818279
0.0657647252082825,4.96020167125905,0.118150822818279
0.0356029570102692,3.15964996371951,0.118150822818279
0.0978937596082687,1.9268232494926,0.110251285135746
0.273030960932374,1.02470076670295,0.110251285135746
0.086976945400238,34.8828967428007,-0.471995234489441
0.11346447467804,34.4007186306987,-0.471995234489441
0.142637193202972,33.861038087744,-0.471995234489441
0.140225112438202,33.8680999017288,-0.456984043121338
0.0667511820793152,33.4693096392441,-0.456984043121338
0.0447885394096375,32.8556886868446,-0.456984043121338
0.0469987988471985,32.6321077682141,-0.35022234916687
0.0710692405700684,27.0429648654084,-0.35022234916687
0.022459089756012,20.0832251770724,-0.35022234916687
0.0277267098426819,19.8082033216361,-0.0390564911067486
-0.0104389786720276,14.3638084868428,-0.0390564911067486
-0.0968967080116272,15.3627817473251,-0.0390564911067486
-0.175786077976227,16.8054920905749,0.203845322132111
-0.144393503665924,18.1418732356781,0.203845322132111
-0.212185323238373,20.1925710893724,0.203845322132111
-0.268907874822617,21.3463552671535,0.223912999033928
-0.189622223377228,21.9775366329982,0.223912999033928
-0.116630554199219,22.4576104905656,0.223912999033928
-0.130121827125549,23.076837869807,0.203789129853249
-0.170468628406525,23.4644700871438,0.203789129853249
-0.113457500934601,23.5720149264299,0.203789129853249
-0.124991774559021,23.6776388113312,0.204258531332016
-0.123988270759583,23.5695767832727,0.204258531332016
-0.12712961435318,23.12552413643,0.204258531332016
-0.185449957847595,22.5628464283621,0.179584607481956
-0.0999122262001038,20.7859589817587,0.179584607481956
-0.0294140577316284,18.1457589465314,0.179584607481956
-0.13738739490509,15.7494013697955,0.143959537148476
-0.118732631206512,12.9551368400734,0.143959537148476
-0.150828957557678,9.76897393286503,0.143959537148476
-0.142960011959076,6.69468046345822,0.201752051711082
-0.0743374228477478,5.91063219816275,0.201752051711082
-0.108459293842316,8.83604307823743,0.201752051711082
-0.109552323818207,9.8408803063551,0.303769528865814
-0.100265502929688,11.8138937404349,0.303769528865814
-0.171477973461151,14.6844902272592,0.303769528865814
-0.0680344700813293,15.578694941505,0.33248707652092
-0.143916726112366,14.8324971566269,0.33248707652092
-0.128553509712219,13.6894205868557,0.33248707652092
-0.0904160737991333,13.302644052097,0.337773382663727
-0.182335257530212,14.1237825309153,0.337773382663727
-0.235536873340607,15.3649044836056,0.337773382663727
-0.127906262874603,15.793369465529,0.358835816383362
-0.0440437197685242,16.3204357004991,0.358835816383362
-0.0847760438919067,17.0757590648561,0.358835816383362
-0.0870333909988403,17.3551541993419,0.281413316726685
-0.0218200087547302,14.343657246085,0.281413316726685
0.101331889629364,9.85912826137632,0.281413316726685
-0.0819247961044312,9.30882268806196,0.163217276334763
-0.168973982334137,10.0257115667766,0.163217276334763
-0.0581304430961609,9.98461530903151,0.163217276334763
-0.0150668621063232,9.73632050896948,0.180010467767715
-0.0293346047401428,10.0273321321749,0.180010467767715
-0.180600345134735,10.742338180009,0.180010467767715
-0.211186826229095,10.6349597371141,0.221775129437447
-0.179121553897858,9.8865223750735,0.221775129437447
-0.131044745445251,9.20034016143614,0.221775129437447
-0.108745753765106,8.74449346585603,0.161615952849388
-0.0224632173776627,6.28098316151123,0.161615952849388
0.131316781044006,34.8295688444081,-0.471995234489441
0.141831994056702,34.2491286199158,-0.471995234489441
0.13396942615509,33.5729417925719,-0.471995234489441
0.124884009361267,33.557995625308,-0.456984043121338
0.0730539560317993,33.6143377077211,-0.456984043121338
0.0689662098884583,33.5432567227948,-0.456984043121338
0.0402935147285461,33.3921537612326,-0.35022234916687
0.0545008778572083,26.7930951828209,-0.35022234916687
0.0718039870262146,18.4267977812562,-0.35022234916687
0.0190128087997437,17.9459265827434,-0.0390564911067486
-0.0295082330703735,13.406990165487,-0.0390564911067486
-0.108547627925873,14.4380665058342,-0.0390564911067486
-0.18587452173233,15.2188711295345,0.203845322132111
-0.21315985918045,16.6147172708617,0.203845322132111
-0.255636215209961,19.2210058997163,0.203845322132111
-0.272278428077698,20.451601741037,0.223912999033928
-0.135124742984772,20.9124834451135,0.223912999033928
-0.0830203294754028,21.2392634027143,0.223912999033928
-0.147092282772064,21.8647319723306,0.203789129853249
-0.195246398448944,22.2432545939127,0.203789129853249
-0.1609126329422,22.4883679874887,0.203789129853249
-0.18212753534317,22.9757333735735,0.204258531332016
-0.0763137936592102,23.2183647242829,0.204258531332016
-0.127887606620789,23.2019112340892,0.204258531332016
-0.181947886943817,23.2660949906374,0.179584607481956
-0.126818954944611,22.0230136639275,0.179584607481956
-0.0884145498275757,20.0823163334822,0.179584607481956
-0.0884432792663574,18.3802149489614,0.143959537148476
-0.129351437091827,16.4264474038508,0.143959537148476
-0.110085606575012,14.3244221707395,0.143959537148476
-0.0252299308776855,12.1234520521004,0.201752051711082
-0.0539111495018005,10.2319388331318,0.201752051711082
-0.140463531017303,10.9822671337915,0.201752051711082
-0.127676963806152,11.0982718226082,0.303769528865814
-0.0749571323394775,12.5535158247501,0.303769528865814
-0.161935091018677,15.4620800342194,0.303769528865814
-0.0947790145874023,16.3628425063373,0.33248707652092
-0.131061971187592,15.4919671078853,0.33248707652092
-0.152201414108276,14.2395514607289,0.33248707652092
-0.0893617868423462,13.82341636293,0.337773382663727
-0.05336594581604,14.1597399068861,0.337773382663727
-0.0719876885414124,14.5809444249561,0.337773382663727
-0.0839608311653137,14.5804216850707,0.358835816383362
-0.011069655418396,15.7955372064351,0.358835816383362
-0.0261110663414001,17.7401642617778,0.358835816383362
-0.0349934101104736,18.4193291713534,0.281413316726685
0.0193038582801819,15.6858015495438,0.281413316726685
-0.0096735954284668,11.5318752139718,0.281413316726685
-0.164419114589691,10.9781552297223,0.163217276334763
-0.166244626045227,11.0947142654278,0.163217276334763
-0.0992606282234192,10.2295070912051,0.163217276334763
-0.109007298946381,9.53677188119622,0.180010467767715
-0.0758705735206604,9.4805745046379,0.180010467767715
-0.183168530464172,9.91312148809055,0.180010467767715
-0.22767049074173,9.78691880457263,0.221775129437447
-0.175535678863525,9.01784273149406,0.221775129437447
-0.130044639110565,8.06869482096011,0.221775129437447
-0.141754381358624,7.3311539608326,0.161615952849388
-0.0844305120408535,5.05646750985463,0.161615952849388
0.114995360374451,34.6490076556327,-0.467674672603607
0.142022728919983,33.9651530456223,-0.467674672603607
0.159549176692963,33.1696385803191,-0.467674672603607
0.092984139919281,33.1297027163608,-0.461169570684433
0.0879898071289062,33.6287890347717,-0.461169570684433
0.0723944306373596,34.098933061732,-0.461169570684433
0.0447672605514526,34.0572396201581,-0.324096620082855
0.0457916259765625,26.5422257533232,-0.324096620082855
0.0353361368179321,16.8464965479147,-0.324096620082855
0.0233487486839294,16.1738862526111,0.0283304397016764
-0.0188400745391846,12.6004926052009,0.0283304397016764
-0.144469797611237,13.8801395666894,0.0283304397016764
-0.209527909755707,14.5896052279209,0.261400461196899
-0.180329859256744,16.5243667560053,0.261400461196899
-0.177864849567413,19.8275131343554,0.261400461196899
-0.148909866809845,21.0965807465844,0.304411321878433
-0.0525158047676086,21.3457809914506,0.304411321878433
-0.0553258657455444,21.4843488055689,0.304411321878433
-0.160568058490753,22.0531108811319,0.265723139047623
-0.148398399353027,22.3369294331074,0.265723139047623
-0.167053520679474,22.4824577381513,0.265723139047623
-0.162381231784821,22.9518724002122,0.222114786505699
-0.118379831314087,23.0959289256182,0.222114786505699
-0.165428400039673,22.9885883129382,0.222114786505699
-0.173675417900085,23.0929727146336,0.124966382980347
-0.149228155612946,21.7286628824561,0.124966382980347
-0.128381967544556,19.958501193583,0.124966382980347
-0.073309600353241,18.6201166454601,-0.00229694624431431
-0.0827233195304871,17.1021632655652,-0.00229694624431431
-0.121248722076416,15.5120957053887,-0.00229694624431431
-0.0224173069000244,13.6193216658849,0.0355113334953785
-0.0218393206596375,11.191283535744,0.0355113334953785
-0.0882235765457153,11.0398076631589,0.0355113334953785
-0.101355135440826,10.7816016545712,0.215676009654999
-0.161506414413452,12.1307979560156,0.215676009654999
-0.189025700092316,15.3066699816129,0.215676009654999
-0.123680889606476,16.2927547468767,0.295062869787216
-0.116481840610504,15.4737481830496,0.295062869787216
-0.0969980359077454,14.3340604291105,0.295062869787216
-0.0553426146507263,13.9658358486825,0.284753769636154
0.00901788473129272,13.8149327613879,0.284753769636154
-0.0222093462944031,13.4505759139996,0.284753769636154
-0.0658383369445801,13.1045043560213,0.333725988864899
-0.0730169415473938,14.997541218636,0.333725988864899
-0.0350784063339233,18.0609875755658,0.333725988864899
-0.074309766292572,19.1423289499254,0.327524542808533
-0.0591679215431213,16.9670432493377,0.327524542808533
-0.114209055900574,13.6670873647344,0.327524542808533
-0.220670759677887,13.1819559556134,0.19904337823391
-0.196562826633453,12.204574582257,0.19904337823391
-0.163545787334442,10.2181127837178,0.19904337823391
-0.241765737533569,9.34477489727261,0.141955688595772
-0.21279564499855,9.21946466899627,0.141955688595772
-0.167214632034302,9.39337197544277,0.141955688595772
-0.252908110618591,9.07556440808515,0.161116063594818
-0.209026515483856,8.07187268432871,0.161116063594818
-0.134364187717438,6.7779509987676,0.161116063594818
-0.226377610117197,5.81146210952443,0.134710669517517
-0.274715229868889,3.92089647466769,0.134710669517517
0.0936903357505798,34.6956481572652,-0.467674672603607
0.112558424472809,33.8213735444492,-0.467674672603607
0.128410458564758,32.8153189108887,-0.467674672603607
0.114196002483368,32.7048192233852,-0.461169570684433
0.118528008460999,33.5088835766569,-0.461169570684433
0.0847969651222229,34.3974965084619,-0.461169570684433
0.0666352510452271,34.4891728784725,-0.324096620082855
0.0422004461288452,26.3529624389281,-0.324096620082855
0.0372025966644287,15.5091080069864,-0.324096620082855
0.0426415801048279,14.1438879633213,0.0283304397016764
-0.0150283575057983,10.2466833241373,0.0283304397016764
-0.116530895233154,11.9466409685888,0.0283304397016764
-0.215067446231842,13.0707526784673,0.261400461196899
-0.234133362770081,15.7534581935721,0.261400461196899
-0.176340460777283,19.5991971918839,0.261400461196899
-0.0692185759544373,20.665310440581,0.304411321878433
-0.102566838264465,20.5588287487476,0.304411321878433
-0.164962828159332,20.4669653237322,0.304411321878433
-0.178257822990417,20.9562530326098,0.265723139047623
-0.0591371655464172,21.0984464259379,0.265723139047623
-0.0785815119743347,21.1118466835705,0.265723139047623
-0.106388807296753,21.5899988937909,0.222114786505699
-0.153087556362152,21.7091699069976,0.222114786505699
-0.168375372886658,21.6886388354969,0.222114786505699
-0.178315162658691,22.1010231221685,0.124966382980347
-0.163200497627258,21.0618459492967,0.124966382980347
-0.169972121715546,20.3583661217124,0.124966382980347
-0.0707447528839111,20.6518275776062,-0.00229694624431431
-0.0629831552505493,20.7316638184175,-0.00229694624431431
-0.0952582955360413,20.416216981782,-0.00229694624431431
0.0128464698791504,19.3726351514083,0.0355113334953785
-0.0128474831581116,17.2327276271666,0.0355113334953785
-0.0716657042503357,15.6727398852852,0.0355113334953785
-0.100732445716858,14.0025237778115,0.215676009654999
-0.131979405879974,13.8650241409373,0.215676009654999
-0.151715099811554,16.2921715642267,0.215676009654999
-0.115939259529114,17.0099283972595,0.295062869787216
-0.10304069519043,16.2294042339886,0.295062869787216
-0.0819841027259827,15.3917742893025,0.295062869787216
0.00388723611831665,15.2078886158258,0.284753769636154
0.0528127551078796,14.8253776270379,0.284753769636154
0.000352084636688232,14.0390497792658,0.284753769636154
-0.0613811016082764,13.4898335540342,0.333725988864899
-0.0622929334640503,15.4381710614808,0.333725988864899
-0.0157725811004639,18.8242899979616,0.333725988864899
-0.115573704242706,20.0013372744027,0.327524542808533
-0.159422278404236,18.2763442218061,0.327524542808533
-0.146827578544617,15.7031370747426,0.327524542808533
-0.229571223258972,15.1271156161565,0.19904337823391
-0.25208705663681,13.0904996046857,0.19904337823391
-0.148744642734528,10.1196329033667,0.19904337823391
-0.174836993217468,9.40260068853243,0.141955688595772
-0.291135162115097,9.4480207413274,0.141955688595772
-0.166261076927185,9.19126280698175,0.141955688595772
-0.171062618494034,8.32699670895739,0.161116063594818
-0.181253552436829,6.93614879558295,0.161116063594818
-0.155987590551376,5.40185579517841,0.161116063594818
-0.233634561533108,4.33739077604543,0.134710669517517
-0.182668656110764,2.84581684260009,0.134710669517517
0.0340799689292908,35.0257847924919,-0.467674672603607
0.0985346436500549,33.9221174892099,-0.467674672603607
0.111757516860962,32.6523426212746,-0.467674672603607
0.108278393745422,32.4751911034175,-0.461169570684433
0.112205386161804,33.39864735278,-0.461169570684433
0.0977412462234497,34.4658757915572,-0.461169570684433
0.0676531195640564,34.630379122203,-0.324096620082855
0.0534381866455078,26.2645767015725,-0.324096620082855
0.0435442328453064,14.8828752557889,-0.324096620082855
0.0646337270736694,13.0053786061896,0.0283304397016764
0.00387191772460938,8.44234464929689,0.0283304397016764
-0.0505838990211487,10.6979912067905,0.0283304397016764
-0.122584998607635,12.2078035789482,0.261400461196899
-0.219629406929016,15.3170419891561,0.261400461196899
-0.210274517536163,19.3352905742324,0.261400461196899
-0.141648888587952,20.2353520995785,0.304411321878433
-0.189849257469177,20.0929926297517,0.304411321878433
-0.166574835777283,20.0698082908557,0.304411321878433
-0.159505784511566,20.5201053411579,0.265723139047623
-0.00348043441772461,20.5074833783684,0.265723139047623
0.00800669193267822,20.3682798785964,0.265723139047623
-0.0508174896240234,20.8196642635012,0.222114786505699
-0.110945105552673,20.9243225003831,0.222114786505699
-0.153953194618225,20.9789612053336,0.222114786505699
-0.169806778430939,21.6142972299997,0.124966382980347
-0.174219965934753,20.8568613016208,0.124966382980347
-0.208088397979736,20.8493441633967,0.124966382980347
-0.148890733718872,22.3231496783734,-0.00229694624431431
-0.06879061460495,23.4679534263452,-0.00229694624431431
-0.0258893370628357,24.0559786837639,-0.00229694624431431
0.0208697319030762,23.6495055082475,0.0355113334953785
0.0171143412590027,21.9201678577665,0.0355113334953785
-0.00543743371963501,19.6883923078867,0.0355113334953785
-0.0527004599571228,17.0608924210042,0.215676009654999
-0.048089325428009,15.5643489554858,0.215676009654999
-0.13321989774704,17.1290989442354,0.215676009654999
-0.0950772762298584,17.5382710723922,0.295062869787216
-0.0862249135971069,16.8969121196913,0.295062869787216
-0.134106934070587,16.5488727922633,0.295062869787216
-0.00729995965957642,16.6177508970817,0.284753769636154
0.0487484931945801,16.2382135950658,0.284753769636154
-0.0199200510978699,15.4932334030057,0.284753769636154
-0.0963244438171387,15.1777214913693,0.333725988864899
-0.129904747009277,16.9334967289952,0.333725988864899
-0.0264493227005005,19.7985105909443,0.333725988864899
-0.167864084243774,20.6257802641381,0.327524542808533
-0.229684770107269,19.0331825950937,0.327524542808533
-0.0881789922714233,16.7842592085757,0.327524542808533
-0.0656743049621582,16.029122360316,0.19904337823391
-0.130750417709351,13.508387702391,0.19904337823391
-0.137255251407623,10.1522202415297,0.19904337823391
-0.199256181716919,9.61137240468669,0.141955688595772
-0.287429243326187,9.71451982581027,0.141955688595772
-0.19975471496582,8.95223183772052,0.141955688595772
-0.0703065395355225,7.47817393119506,0.161116063594818
-0.130402952432632,5.77343724812828,0.161116063594818
-0.191802978515625,4.18205547794172,0.161116063594818
-0.128621347248554,3.0741852721421,0.134710669517517
-0.153436429798603,1.89956015283395,0.134710669517517
-0.0788521729409695,1.4625615846927,0.0944478809833527
-0.0238190889358521,35.3709078781168,-0.453525274991989
0.0745458602905273,34.081135836617,-0.453525274991989
0.109906911849976,32.5764510311219,-0.453525274991989
0.126920402050018,32.3826368780883,-0.451520949602127
0.0985684394836426,33.3661568385833,-0.451520949602127
0.0971169471740723,34.496399971799,-0.451520949602127
0.111038267612457,34.6866456134725,-0.324250638484955
0.0342962741851807,26.3541644549033,-0.324250638484955
0.0387627482414246,15.0829615643791,-0.324250638484955
0.0546931028366089,13.190977537608,0.0328440144658089
0.00692272186279297,8.67483835530357,0.0328440144658089
-0.0300536155700684,11.1613645759716,0.0328440144658089
-0.122986316680908,12.6779453448546,0.278774380683899
-0.166131675243378,15.7179627424994,0.278774380683899
-0.192907512187958,19.6287133883585,0.278774380683899
-0.177040874958038,20.5052934105546,0.345187842845917
-0.223322063684464,20.6503620636633,0.345187842845917
-0.181078493595123,20.977460190523,0.345187842845917
-0.143214702606201,21.4818848019154,0.318007677793503
0.00650185346603394,21.4038901925551,0.318007677793503
0.0751368999481201,21.1923671715571,0.318007677793503
0.0130236148834229,21.6180168878513,0.261411041021347
-0.0902577042579651,21.7047873970211,0.261411041021347
-0.133929014205933,21.7062387729936,0.261411041021347
-0.0794644355773926,22.2605804138486,0.149551838636398
-0.0626676082611084,21.4112257293318,0.149551838636398
-0.133997857570648,21.0899988787437,0.149551838636398
-0.143640100955963,22.3431441600391,-0.018453873693943
-0.0543414354324341,23.192064145991,-0.018453873693943
-0.00582760572433472,23.9493531280716,-0.018453873693943
0.0091407299041748,23.7889715644359,-0.0676741003990173
-0.00396585464477539,22.2436153102261,-0.0676741003990173
0.00143378973007202,19.8632596499265,-0.0676741003990173
-0.0558739304542542,17.1141401752595,0.094476044178009
-0.0690149068832397,15.0058871134597,0.094476044178009
-0.102939248085022,16.3684401625108,0.094476044178009
-0.0875418782234192,16.8126084839016,0.25195774435997
-0.0819388031959534,16.5059227372102,0.25195774435997
-0.158906161785126,16.7451618103743,0.25195774435997
-0.0706953406333923,17.0187637117622,0.260865300893784
0.00254499912261963,16.5561406982278,0.260865300893784
-0.0791001915931702,15.711015173191,0.260865300893784
-0.160891354084015,15.4208325710573,0.272750556468964
-0.139675736427307,16.9933607608098,0.272750556468964
-0.0331723690032959,19.4709989365896,0.272750556468964
-0.0979840755462646,20.117793543788,0.280888259410858
-0.155113816261292,18.7112830838731,0.280888259410858
-0.0660131573677063,16.7857028445546,0.280888259410858
-0.102919518947601,16.0893532914638,0.192981585860252
-0.182967782020569,13.5610384132468,0.192981585860252
-0.242193222045898,10.136672933817,0.192981585860252
-0.321538150310516,9.44319572586521,0.120658539235592
-0.266367167234421,9.21274013981349,0.120658539235592
-0.197509661316872,8.08288684386081,0.120658539235592
-0.105579882860184,6.45817517670459,0.114675968885422
-0.11064624786377,4.78657069494092,0.114675968885422
-0.0821035504341125,3.30440626857631,0.114675968885422
0.0483448058366776,2.11889094506074,0.110541343688965
0.0720397494733334,1.10058818171766,0.110541343688965
0.0471681952476501,35.214005987676,-0.453525274991989
0.102263748645782,33.7964208316719,-0.453525274991989
0.0740351676940918,32.1321645744865,-0.453525274991989
0.0881774425506592,32.0407021489485,-0.451520949602127
0.11379075050354,33.2033854992046,-0.451520949602127
0.137605488300323,34.5197393671525,-0.451520949602127
0.110677540302277,34.9008636340443,-0.324250638484955
0.0267109870910645,27.3983803117841,-0.324250638484955
0.0461022257804871,17.5051786695292,-0.324250638484955
0.0182763338088989,15.4033171586783,0.0328440144658089
-0.0702292323112488,10.8136054303637,0.0328440144658089
-0.0485190749168396,12.748470797264,0.0328440144658089
-0.175435245037079,14.0971842702982,0.278774380683899
-0.171886086463928,16.8783382551273,0.278774380683899
-0.165545344352722,20.5587300865899,0.278774380683899
-0.124589204788208,21.4213955104007,0.345187842845917
-0.160874515771866,21.8639341923104,0.345187842845917
-0.179765284061432,22.5470837358988,0.345187842845917
-0.108447670936584,23.1352313112884,0.318007677793503
-0.0329148173332214,23.0862286525512,0.318007677793503
0.067381739616394,22.9351667422494,0.318007677793503
0.0206044912338257,23.4327270586336,0.261411041021347
-0.0735111832618713,23.4559413660953,0.261411041021347
-0.131034731864929,23.1628769234476,0.261411041021347
-0.0649825930595398,23.3018534628763,0.149551838636398
-0.0203777551651001,21.991981438272,0.149551838636398
-0.0510324239730835,20.8226163576204,0.149551838636398
-0.0802043080329895,21.1172232195885,-0.018453873693943
-0.0232004523277283,21.1795109522416,-0.018453873693943
-0.0348663330078125,22.3570143036966,-0.018453873693943
-0.0125761032104492,23.2610545921397,-0.0676741003990173
0.0181283950805664,22.9164422116182,-0.0676741003990173
0.0121347904205322,21.3671729564242,-0.0676741003990173
-0.0344125628471375,19.1613309394086,0.094476044178009
-0.0802318453788757,16.6857828602045,0.094476044178009
-0.141800999641418,17.0985667045596,0.094476044178009
-0.13677567243576,17.0389863819793,0.25195774435997
-0.15158998966217,16.851950036406,0.25195774435997
-0.149406731128693,17.7386839824467,0.25195774435997
-0.0926169157028198,18.3753596698312,0.260865300893784
-0.0374955534934998,18.2114616667838,0.260865300893784
-0.106071770191193,17.931463893808,0.260865300893784
-0.184313237667084,18.3680738530568,0.272750556468964
-0.10412460565567,19.8475444703368,0.272750556468964
-0.0844189524650574,21.2987545603956,0.272750556468964
-0.0732003450393677,21.2089488912713,0.280888259410858
-0.0977342128753662,19.4621467860299,0.280888259410858
-0.0439785122871399,17.0897440086282,0.280888259410858
-0.171083450317383,15.6079715334079,0.192981585860252
-0.192776381969452,12.442577475135,0.192981585860252
-0.238883048295975,8.17175085886271,0.192981585860252
-0.194339483976364,6.47366187018161,0.120658539235592
-0.08639957010746,5.34000429198822,0.120658539235592
0.0957766771316528,31.1100232890535,-0.453525274991989
0.0657403469085693,31.1216635451938,-0.451520949602127
0.0929872393608093,32.4697848894006,-0.451520949602127
0.152802109718323,33.9941400490773,-0.451520949602127
0.0977041125297546,34.6260012732589,-0.324250638484955
0.047610342502594,28.446106825692,-0.324250638484955
0.0675112009048462,20.2580835872217,-0.324250638484955
-0.0867495536804199,17.9590248605958,0.0328440144658089
-0.146476984024048,12.7590448225469,0.0328440144658089
-0.0905522108078003,14.0609234239346,0.0328440144658089
-0.16556853055954,15.3025672762806,0.278774380683899
-0.195184946060181,17.9093061685616,0.278774380683899
-0.155767917633057,21.4535475491445,0.278774380683899
-0.11520117521286,22.3177081927886,0.345187842845917
-0.0730310082435608,23.0123347429913,0.345187842845917
-0.13147109746933,23.9917686397209,0.345187842845917
-0.139217138290405,24.6426242869952,0.318007677793503
-0.0909282565116882,24.6378346658584,0.318007677793503
0.0475963950157166,24.5626918196793,0.318007677793503
0.0289551019668579,25.1195050220964,0.261411041021347
-0.071153998374939,24.9297236104314,0.261411041021347
-0.156564056873322,24.2022366468443,0.261411041021347
-0.173389673233032,23.9479151833683,0.149551838636398
-0.103360414505005,22.2383393546196,0.149551838636398
-0.0376660227775574,20.4112819342465,0.149551838636398
-0.0175714492797852,19.906366479889,-0.018453873693943
0.0675795674324036,19.4012526037096,-0.018453873693943
0.0938783288002014,20.7363490083862,-0.018453873693943
0.0555946230888367,22.4761540896915,-0.0676741003990173
0.0448833107948303,23.327191785048,-0.0676741003990173
0.0292400121688843,22.7515688577674,-0.0676741003990173
0.0298245549201965,21.1216996632341,0.094476044178009
-0.0393978357315063,18.4405391567431,0.094476044178009
-0.0812650918960571,17.8348717567114,0.094476044178009
-0.108001351356506,17.1506456628529,0.25195774435997
-0.162519872188568,17.0941289751748,0.25195774435997
-0.0833577513694763,18.7727844910497,0.25195774435997
-0.0606535673141479,19.8160476495988,0.260865300893784
-0.0252766013145447,20.0614779543712,0.260865300893784
-0.0684008598327637,20.4643322022971,0.260865300893784
-0.153028130531311,21.5845673353052,0.272750556468964
-0.11804211139679,22.8706165859032,0.272750556468964
-0.1528400182724,23.1985396112901,0.272750556468964
-0.189530968666077,22.2790752468757,0.280888259410858
-0.18102765083313,19.9018685048014,0.280888259410858
-0.10080498456955,16.573851635276,0.280888259410858
-0.155541241168976,13.9245631295236,0.192981585860252
-0.200541645288467,10.2502388906943,0.192981585860252
-0.19191238284111,5.76745604217247,0.192981585860252
-0.0304647013545036,3.57215258916478,0.120658539235592
-0.0695702694356441,2.1843369290305,0.120658539235592
0.0895208120346069,29.933208091868,-0.445954889059067
0.0849912166595459,29.9061566835533,-0.431352168321609
0.0720251202583313,31.2236422757718,-0.431352168321609
0.104783833026886,32.7328893059078,-0.431352168321609
0.0718648433685303,33.3943451847132,-0.317608535289764
0.0686103105545044,28.1462620342079,-0.317608535289764
0.0767643451690674,21.1314622391926,-0.317608535289764
-0.0840747356414795,19.1110065295872,0.00307180965319276
-0.170236170291901,13.2609338022954,0.00307180965319276
-0.111936271190643,14.35955601117,0.00307180965319276
-0.0966011881828308,15.6933579712037,0.252812057733536
-0.101333320140839,18.3026354249125,0.252812057733536
-0.0945480465888977,21.8284449242323,0.252812057733536
-0.139043927192688,22.6623242812847,0.337589174509048
-0.114030957221985,23.5539223546013,0.337589174509048
-0.150976598262787,24.789133555412,0.337589174509048
-0.190591812133789,25.4684863575722,0.340328574180603
-0.169249951839447,25.4541930102063,0.340328574180603
-0.0767762660980225,25.3678244297066,0.340328574180603
-0.0444729924201965,25.8890248936464,0.272348761558533
-0.122333824634552,25.3639272799719,0.272348761558533
-0.161616623401642,24.2586141342922,0.272348761558533
-0.197582483291626,23.9152050667174,0.158945918083191
-0.147475600242615,22.1961930336333,0.158945918083191
-0.0735155344009399,20.3854724462917,0.158945918083191
-0.046000599861145,19.8973355011303,0.00729168299585581
-0.0256853103637695,19.4714449263817,0.00729168299585581
0.0250298380851746,20.4932165750034,0.00729168299585581
0.0614862442016602,22.0606794205216,-0.102103352546692
0.0582413077354431,23.1522427066863,-0.102103352546692
0.0476082563400269,23.0449588414305,-0.102103352546692
0.0294139385223389,21.6604252020863,0.0024144786875695
-0.0102018713951111,18.5799919058894,0.0024144786875695
0.0253015160560608,17.1945382767615,0.0024144786875695
-0.0480267405509949,16.242408449445,0.210480630397797
-0.149331092834473,16.5411125805527,0.210480630397797
-0.112226009368896,19.1345832120951,0.210480630397797
-0.117342233657837,20.47300360505,0.273451238870621
-0.0849757790565491,20.8711761992017,0.273451238870621
-0.0726214647293091,21.466935002926,0.273451238870621
-0.123162567615509,22.5433299489762,0.24613219499588
-0.109153747558594,23.0644049244286,0.24613219499588
-0.167737364768982,22.3299557728606,0.24613219499588
-0.188326358795166,20.9595713046462,0.20055128633976
-0.126380264759064,18.3057884390556,0.20055128633976
-0.0511929988861084,14.596173928399,0.20055128633976
-0.103676229715347,11.5682592825869,0.145876571536064
-0.150779187679291,8.14652174351659,0.145876571536064
-0.16755835711956,4.47932456552709,0.145876571536064
-0.0162462145090103,2.48862814179791,0.111414983868599
-0.11622067913413,1.27951609461884,0.111414983868599
0.0635797381401062,30.4315176504161,-0.445954889059067
0.0842397212982178,30.0114213433389,-0.431352168321609
0.0618806481361389,30.5121524054457,-0.431352168321609
0.0994464159011841,31.4038722167468,-0.431352168321609
0.0829396843910217,32.0250008062331,-0.317608535289764
0.086700439453125,27.6386349850251,-0.317608535289764
0.0841251015663147,22.1821594085659,-0.317608535289764
-0.0196632146835327,21.2802086875087,0.00307180965319276
-0.093446671962738,16.7937853272952,0.00307180965319276
-0.0172958970069885,18.1456014510384,0.00307180965319276
0.0410423278808594,19.5018643245434,0.252812057733536
-0.00234413146972656,21.5585297103813,0.252812057733536
-0.101553916931152,24.1282180354116,0.252812057733536
-0.189021050930023,24.4284988011994,0.337589174509048
-0.21299284696579,25.1799264365978,0.337589174509048
-0.195793807506561,26.5081708059154,0.337589174509048
-0.162477910518646,27.128139054492,0.340328574180603
-0.0971562266349792,27.042838289048,0.340328574180603
-0.121261119842529,26.8730019775611,0.340328574180603
-0.135177791118622,27.2445597475063,0.272348761558533
-0.149685382843018,26.3205715704514,0.272348761558533
-0.120112955570221,24.7943630426299,0.272348761558533
-0.166507959365845,24.2750990103456,0.158945918083191
-0.145669281482697,22.5636928978729,0.158945918083191
-0.0570938587188721,20.8959097642041,0.158945918083191
-0.056057333946228,20.5825312735165,0.00729168299585581
-0.104246258735657,20.1556123141501,0.00729168299585581
-0.0364084839820862,20.3776921693513,0.00729168299585581
0.044970691204071,20.8037605992173,-0.102103352546692
0.0684369206428528,21.2804258466382,-0.102103352546692
0.0451929569244385,21.681649418037,-0.102103352546692
0.0265774726867676,21.1400662287997,0.0024144786875695
0.0696729421615601,18.4587731474151,0.0024144786875695
0.097147524356842,17.2605336044507,0.0024144786875695
0.0296021699905396,16.8346711824051,0.210480630397797
-0.0527966022491455,17.5457150106431,0.210480630397797
-0.0595769286155701,20.2818243302556,0.210480630397797
-0.156322836875916,21.3065356275785,0.273451238870621
-0.160947322845459,21.2505622375814,0.273451238870621
-0.185787677764893,21.271210593272,0.273451238870621
-0.228258371353149,21.4476205847427,0.24613219499588
-0.142308712005615,20.3821612255305,0.24613219499588
-0.180987954139709,18.1203378676998,0.24613219499588
-0.120834052562714,16.2583347840273,0.20055128633976
-0.00823515653610229,13.3896446713477,0.20055128633976
0.00769832730293274,9.64484589344497,0.20055128633976
-0.0204192996025085,7.13908411087878,0.145876571536064
-0.0753220915794373,4.70591682717729,0.145876571536064
0.058457612991333,32.457249402518,-0.445954889059067
0.0687053799629211,31.6216121129389,-0.431352168321609
0.0561811327934265,30.6317820586228,-0.431352168321609
0.0744315981864929,30.1045147638769,-0.431352168321609
0.0942357182502747,30.5669050144834,-0.317608535289764
0.0778308510780334,26.6961899706617,-0.317608535289764
0.0794531106948853,22.3959762013084,-0.317608535289764
0.0635752081871033,22.5387755988148,0.00307180965319276
0.0287524461746216,19.7959218541368,0.00307180965319276
0.0496513843536377,21.7587247550203,0.00307180965319276
-0.00977504253387451,23.1640930699146,0.252812057733536
-0.0955057144165039,24.6651990980744,0.252812057733536
-0.123317122459412,26.1309190255105,0.252812057733536
-0.226635694503784,25.8012094509629,0.337589174509048
-0.235516011714935,26.436962279772,0.337589174509048
-0.181063830852509,27.960346565418,0.337589174509048
-0.123003363609314,28.5466536719469,0.340328574180603
-0.0913006663322449,28.3865245086742,0.340328574180603
-0.0992481708526611,28.1352478110144,0.340328574180603
-0.113492429256439,28.3720397834474,0.272348761558533
-0.113738179206848,27.1047483048959,0.272348761558533
-0.103830099105835,25.2202824426563,0.272348761558533
-0.123272359371185,24.5443363778243,0.158945918083191
-0.128975093364716,22.8999454735252,0.158945918083191
-0.045642614364624,21.4115466697518,0.158945918083191
-0.0234444141387939,21.2635643519041,0.00729168299585581
-0.0611053109169006,20.7673382545694,0.00729168299585581
0.00447672605514526,20.391391296804,0.00729168299585581
0.0580788254737854,19.8034442939215,-0.102103352546692
0.0439820885658264,19.6172007961466,-0.102103352546692
0.0601651668548584,20.3011706486222,-0.102103352546692
0.0373484492301941,20.4324931981098,0.0024144786875695
0.0962553024291992,18.2558075479562,0.0024144786875695
0.0851441621780396,17.5574134197812,0.0024144786875695
0.0168166160583496,17.7817245789418,0.210480630397797
-0.0627056956291199,18.7357597557515,0.210480630397797
-0.0862516760826111,21.0322537842984,0.210480630397797
-0.2023885846138,21.5096669033237,0.273451238870621
-0.190055727958679,20.8959997139137,0.273451238870621
-0.188283503055573,20.2655013430439,0.273451238870621
-0.1856449842453,19.6670348505033,0.24613219499588
-0.0828041434288025,17.3456611181255,0.24613219499588
-0.0978665947914124,13.8225881446907,0.24613219499588
-0.089295506477356,11.6261087004173,0.20055128633976
0.0057947039604187,8.81681432305645,0.20055128633976
0.0108264982700348,5.27280644153533,0.20055128633976
-0.0172728598117828,3.46832829842223,0.145876571536064
-0.0232821851968765,2.11374244001188,0.145876571536064
0.0564782619476318,33.9035544191489,-0.445537060499191
0.0588778257369995,33.3425780361901,-0.40914523601532
0.0443633794784546,31.0532895423495,-0.40914523601532
0.0719271302223206,28.8761149483076,-0.40914523601532
0.0803306102752686,29.1294599298454,-0.252715498209
0.0746263861656189,25.5053562961865,-0.252715498209
0.0865870714187622,21.6123728581396,-0.252715498209
0.086418092250824,21.8761334220766,0.0214945822954178
0.11232715845108,19.6361461055946,0.0214945822954178
0.0554096698760986,22.0221495464915,0.0214945822954178
-0.0814887285232544,23.4391315847092,0.226870954036713
-0.213011860847473,24.6198047105865,0.226870954036713
-0.22629326581955,25.5607185389848,0.226870954036713
-0.261294305324554,25.0821384251824,0.32969605922699
-0.213738143444061,26.1073630989212,0.32969605922699
-0.200790584087372,28.2038836464706,0.32969605922699
-0.156031966209412,28.9092904183772,0.358485996723175
-0.153272151947021,28.7582315667892,0.358485996723175
-0.0921388268470764,28.5188603415701,0.358485996723175
-0.125831663608551,28.7518984104543,0.269863694906235
-0.122040569782257,27.2390016090932,0.269863694906235
-0.105801224708557,25.0814132583099,0.269863694906235
-0.0930643081665039,24.3490878831745,0.148108199238777
-0.120272040367126,22.8194018604802,0.148108199238777
-0.0531408190727234,21.435591207952,0.148108199238777
-0.0704763531684875,21.3010355490461,0.0220732912421227
-0.117793321609497,20.7502803854933,0.0220732912421227
-0.0343132615089417,20.4928043869245,0.0220732912421227
0.0288570523262024,19.9817633709328,-0.115363501012325
0.0502546429634094,19.8254575699615,-0.115363501012325
0.0797189474105835,20.4642749960016,-0.115363501012325
0.0539922118186951,20.5673344143108,-0.0472825728356838
0.0347827672958374,18.3285981195619,-0.0472825728356838
0.0173106789588928,17.5185280242956,-0.0472825728356838
-0.0397976636886597,17.7085136274974,0.183618158102036
-0.176109910011292,18.5221087032109,0.183618158102036
-0.185471177101135,20.5363438576908,0.183618158102036
-0.141126036643982,20.8982891413355,0.269961148500443
-0.162186503410339,20.2429340329488,0.269961148500443
-0.168224573135376,19.5590901332944,0.269961148500443
-0.0879589915275574,18.922296198163,0.217484980821609
-0.128745317459106,16.3273174447714,0.217484980821609
-0.0957561731338501,12.4538609336915,0.217484980821609
-0.0853005945682526,10.0187978894014,0.142667979001999
-0.15435579419136,7.33042620355868,0.142667979001999
0.0251943916082382,4.21200499429624,0.142667979001999
0.0842038616538048,2.43003451554258,0.111086823046207
0.169059958308935,1.25261420809381,0.111086823046207
0.0671229958534241,34.0136617176842,-0.445537060499191
0.0279310345649719,33.9972678181669,-0.40914523601532
0.0361762046813965,30.7840655611522,-0.40914523601532
0.0679948329925537,27.1088662468511,-0.40914523601532
0.0956863760948181,27.0107759323046,-0.252715498209
0.0806221961975098,23.1161437510765,-0.252715498209
0.0744543075561523,19.4084498226266,-0.252715498209
0.0999404788017273,20.4123167655835,0.0214945822954178
0.141521096229553,19.3035950213501,0.0214945822954178
0.0734962224960327,21.7740917912131,0.0214945822954178
-0.0499109625816345,22.5638766044355,0.226870954036713
-0.183985888957977,23.200274919535,0.226870954036713
-0.251664042472839,24.0597872185654,0.226870954036713
-0.251782178878784,23.9721775734165,0.32969605922699
-0.215907335281372,25.7876838051795,0.32969605922699
-0.227680504322052,28.6076620654747,0.32969605922699
-0.272254168987274,29.5333038268542,0.358485996723175
-0.236898243427277,29.400882995022,0.358485996723175
-0.131236374378204,29.054892594735,0.358485996723175
-0.150009274482727,29.1303386554996,0.269863694906235
-0.137721717357635,27.1584208368703,0.269863694906235
-0.131006062030792,24.3925941646657,0.269863694906235
-0.0992608666419983,23.225119191949,0.148108199238777
-0.052875816822052,21.4224806686818,0.148108199238777
-0.010652482509613,19.8013738356598,0.148108199238777
-0.0204233527183533,19.4634935424719,0.0220732912421227
-0.145416259765625,18.8646067775591,0.0220732912421227
-0.0974739193916321,19.2787274033022,0.0220732912421227
-0.0225216746330261,19.8022252499187,-0.115363501012325
0.0232934355735779,20.4613973961075,-0.115363501012325
0.0447958111763,21.2138130156205,-0.115363501012325
0.0300201773643494,20.8931904064863,-0.0472825728356838
0.0604378581047058,17.8994142979004,-0.0472825728356838
-0.000554144382476807,16.2149779171395,-0.0472825728356838
-0.018011212348938,15.8353876490864,0.183618158102036
-0.134262025356293,16.3352721563131,0.183618158102036
-0.166345715522766,18.5344834895235,0.183618158102036
-0.0487304925918579,19.1846577643071,0.269961148500443
-0.0616644620895386,18.5675614222678,0.269961148500443
-0.105333805084229,17.5956924930169,0.269961148500443
-0.0909551978111267,16.6302149739434,0.217484980821609
-0.212358713150024,13.5111354589275,0.217484980821609
-0.204446136951447,9.17052723360348,0.217484980821609
-0.0968986451625824,6.81598244336169,0.142667979001999
-0.0630110502243042,4.61165516460908,0.142667979001999
0.0611030571162701,2.18926741378194,0.142667979001999
0.142979269847274,1.07373945895681,0.111086823046207
0.107493003830314,0.469361407575924,0.111086823046207
0.0718408823013306,33.7887463663777,-0.445537060499191
0.0571625828742981,34.0434302335313,-0.40914523601532
0.0417547821998596,30.2027552459082,-0.40914523601532
0.0400025248527527,25.4842920743744,-0.40914523601532
0.0523061156272888,25.099079049982,-0.252715498209
0.0887433886528015,20.5069031996243,-0.252715498209
0.0643216371536255,16.6979279938348,-0.252715498209
0.107119917869568,18.5840661696336,0.0214945822954178
0.0973418354988098,19.0280072035944,0.0214945822954178
0.0559619069099426,21.2580943252266,0.0214945822954178
-0.0578747391700745,21.2978034697615,0.226870954036713
-0.142069101333618,21.6644101404471,0.226870954036713
-0.206442475318909,22.8772167507833,0.226870954036713
-0.211943507194519,23.2859411620744,0.32969605922699
-0.165457487106323,25.8071143030676,0.32969605922699
-0.149730265140533,29.1855393060897,0.32969605922699
-0.2322678565979,30.2858098416583,0.358485996723175
-0.230346441268921,30.050154047387,0.358485996723175
-0.192521870136261,29.4512897813824,0.358485996723175
-0.180272698402405,29.3403987168467,0.269863694906235
-0.175372660160065,26.8731444966465,0.269863694906235
-0.136397540569305,23.463214907833,0.269863694906235
-0.0371468067169189,21.8333708133757,0.148108199238777
-0.000369131565093994,19.8199500573269,0.148108199238777
0.0403156280517578,18.0500966553937,0.148108199238777
0.0415703654289246,17.5197383890306,0.0220732912421227
-0.0567262768745422,16.938804802387,0.0220732912421227
-0.110330700874329,17.8610788016868,0.0220732912421227
-0.0520588755607605,19.3553689077941,-0.115363501012325
0.0212719440460205,20.9395749535459,-0.115363501012325
0.0468961000442505,22.1692834684235,-0.115363501012325
0.0668734312057495,21.6019272330404,-0.0472825728356838
0.127330720424652,17.7364981107234,-0.0472825728356838
0.0529887080192566,14.8380668353151,-0.0472825728356838
0.00705242156982422,13.7511330309543,0.183618158102036
-0.0611972808837891,13.9611863220268,0.183618158102036
-0.131010472774506,16.6892441229597,0.183618158102036
-0.122561275959015,17.7564612414747,0.269961148500443
-0.0713040232658386,16.921189457139,0.269961148500443
-0.0706229209899902,15.2783801483274,0.269961148500443
-0.128297507762909,13.8580934812026,0.217484980821609
-0.151226371526718,10.4755367849146,0.217484980821609
-0.145100995898247,5.96593746819651,0.217484980821609
-0.0817630738019943,3.84484788768509,0.142667979001999
0.0347907692193985,2.335498362835,0.142667979001999
0.0518631935119629,33.9166369825082,-0.432139664888382
0.085665762424469,34.1512967255214,-0.377069592475891
0.0557333827018738,29.8063920881859,-0.377069592475891
0.0580589175224304,24.4187104565473,-0.377069592475891
0.0606436133384705,23.9591657571981,-0.144727379083633
0.0938526391983032,18.8685969202012,-0.144727379083633
0.0974149107933044,15.2641086855377,-0.144727379083633
0.123515069484711,17.5304868212353,0.109282962977886
0.0687427520751953,19.0614058197254,0.109282962977886
0.0318562984466553,21.0081069744812,0.109282962977886
-0.0557591915130615,20.8292050548482,0.262530863285065
-0.122137129306793,21.3898319345656,0.262530863285065
-0.163159310817719,22.9545373960885,0.262530863285065
-0.163359820842743,23.4381352855645,0.354392945766449
-0.100187063217163,26.1589022155015,0.354392945766449
-0.0576238632202148,29.7821886832335,0.354392945766449
-0.116242110729218,30.9143505947327,0.370717734098434
-0.0906787514686584,30.4423126206367,0.370717734098434
-0.106834590435028,29.5591455642825,0.370717734098434
-0.176635324954987,29.3860140191835,0.260513007640839
-0.133118212223053,26.6006995573578,0.260513007640839
-0.120072841644287,22.8863453190235,0.260513007640839
-0.0791427493095398,21.1824493906378,0.143276289105415
-0.0242201089859009,19.4009925035625,0.143276289105415
0.0277929306030273,17.9081741112165,0.143276289105415
0.0410756468772888,17.4275220438074,0.0644102171063423
-0.00907087326049805,16.95707305461,0.0644102171063423
-0.126314759254456,17.6920850292019,0.0644102171063423
-0.0630519390106201,19.1075658247528,-0.0798020958900452
-0.00901144742965698,20.8470093557493,-0.0798020958900452
0.0636880993843079,22.7862998238221,-0.0798020958900452
0.096524715423584,22.5479416577705,-0.0643730759620667
0.17068213224411,18.4013541274283,-0.0643730759620667
0.174346625804901,14.8125641396925,-0.0643730759620667
0.0940903425216675,13.4655103716135,0.163522943854332
0.0221701264381409,13.4777015775843,0.163522943854332
-0.0831589698791504,16.4470252760859,0.163522943854332
-0.133397221565247,17.6578102620492,0.235152766108513
-0.166683912277222,16.3195189039652,0.235152766108513
-0.11695384979248,13.9046938479825,0.235152766108513
-0.0933870673179626,12.0915109128757,0.156685769557953
-0.099757969379425,8.82765589837403,0.156685769557953
-0.0435634851455688,4.73317479194736,0.156685769557953
-0.0665829526260495,2.655921070657,0.111577697098255
0.0529198851436377,1.38182937597769,0.111577697098255
0.0665899515151978,29.0768610016612,-0.377069592475891
0.0572087168693542,22.6917496944574,-0.377069592475891
0.0807708501815796,21.9430542720211,-0.144727379083633
0.0930539965629578,15.6486820592618,-0.144727379083633
0.116771459579468,10.5049377301746,-0.144727379083633
0.129882872104645,11.9142528235658,0.109282962977886
0.0552107095718384,13.5776058867058,0.109282962977886
-0.00895494222640991,16.5786418790357,0.109282962977886
-0.0383678078651428,17.5615016299641,0.262530863285065
-0.109072387218475,19.6444226410292,0.262530863285065
-0.162282347679138,22.4918039757171,0.262530863285065
-0.135639190673828,23.6805789391612,0.354392945766449
-0.0813469886779785,26.7898658021004,0.354392945766449
-0.0087009072303772,30.3169375684311,0.354392945766449
0.0269811153411865,31.1557803409763,0.370717734098434
0.0601802468299866,30.0294568788295,0.370717734098434
0.00408393144607544,28.2852725110221,0.370717734098434
-0.0827986598014832,27.486398661035,0.260513007640839
-0.130006730556488,23.6740036732739,0.260513007640839
-0.153352797031403,18.9619083215515,0.260513007640839
-0.14987975358963,17.059013839989,0.143276289105415
-0.0582675933837891,15.2224032954653,0.143276289105415
0.00234431028366089,13.4164257655948,0.143276289105415
0.0324860215187073,12.4305374053306,0.0644102171063423
-0.0831937193870544,11.3693778163368,0.0644102171063423
-0.132981538772583,11.4360496005959,0.0644102171063423
-0.095693051815033,12.3476324891342,-0.0798020958900452
-0.0606731772422791,14.5440715643429,-0.0798020958900452
0.0605646371841431,18.8127731359448,-0.0798020958900452
0.0997543334960938,20.3191241642286,-0.0643730759620667
0.209120333194733,16.9826780178236,-0.0643730759620667
0.168757081031799,13.4918745446067,-0.0643730759620667
0.0832399725914001,12.1244964757492,0.163522943854332
0.00609683990478516,11.964661901912,0.163522943854332
-0.061076283454895,15.2973702888562,0.163522943854332
-0.0580036640167236,16.5996659278315,0.235152766108513
-0.0932573080062866,14.5759215807368,0.235152766108513
-0.127959728240967,11.2812632305305,0.235152766108513
-0.00885957479476929,9.16643643136424,0.156685769557953
0.0567958503961563,6.18482765039741,0.156685769557953
0.0680093392729759,2.67281836722154,0.156685769557953
0.0179363302886486,1.23752839536549,0.111577697098255
0.0308771915733814,0.547682198387454,0.111577697098255
0.038115918636322,28.6539472074888,-0.377069592475891
0.0780439376831055,21.2776240687392,-0.377069592475891
0.152990758419037,20.2141415752619,-0.144727379083633
0.103269040584564,13.0502513179874,-0.144727379083633
0.0987918376922607,5.78795740932109,-0.144727379083633
0.115268468856812,5.97947280757876,0.109282962977886
0.0397063493728638,7.97786447649612,0.109282962977886
-0.0659139156341553,13.1175159157444,0.109282962977886
-0.0976336598396301,15.2408229366652,0.262530863285065
-0.101701200008392,18.7948791158521,0.262530863285065
-0.116359829902649,22.7644057367616,0.262530863285065
-0.112900495529175,24.5643916198295,0.354392945766449
-0.0248440504074097,27.6306336525431,0.354392945766449
0.0118924379348755,30.5176211222091,0.354392945766449
0.0123010277748108,30.940662931524,0.370717734098434
-0.0195413827896118,29.0464805246058,0.370717734098434
-0.0755177736282349,26.26163750108,0.370717734098434
-0.0617846846580505,24.7718651746135,0.260513007640839
-0.113953351974487,20.132078165656,0.260513007640839
-0.138597548007965,14.5746624142136,0.260513007640839
-0.138718545436859,12.5162629990282,0.143276289105415
-0.0652993321418762,10.5166381249709,0.143276289105415
-0.0508838593959808,8.23192710955471,0.143276289105415
0.0465629696846008,6.68859480969516,0.0644102171063423
-0.122750699520111,5.01062032273502,0.0644102171063423
-0.156407117843628,4.3195807357524,0.0644102171063423
-0.0682996511459351,4.62382926886789,-0.0798020958900452
-0.046224057674408,7.68302782433062,-0.0798020958900452
0.00443384051322937,13.9383433482578,-0.0798020958900452
0.0353735685348511,16.6719940219306,-0.0643730759620667
0.0938528180122375,14.7232144628215,-0.0643730759620667
0.156123280525208,12.0821522747336,-0.0643730759620667
0.0641794204711914,10.7935651151467,0.163522943854332
-0.0669652223587036,10.3196294292165,0.163522943854332
-0.0841121673583984,13.9314602280294,0.163522943854332
-0.0641652941703796,15.3124487732079,0.235152766108513
-0.100432693958282,12.5983791534114,0.235152766108513
-0.109678536653519,8.41697142959962,0.235152766108513
-0.00423154234886169,6.04447603230874,0.156685769557953
0.0911886133253574,3.67088362478728,0.156685769557953
0.0589234232902527,28.5137517432604,-0.34095287322998
0.140965819358826,20.3177687561659,-0.34095287322998
0.134630143642426,19.1220283669817,-0.0886955559253693
0.117525577545166,12.0767607750823,-0.0886955559253693
0.102437496185303,5.2104429871888,-0.0886955559253693
0.0724066495895386,5.50851113617769,0.15209273993969
0.038447380065918,8.36283563521887,0.15209273993969
-0.0806841254234314,14.4908165481582,0.15209273993969
-0.0948024392127991,16.6476309056128,0.297479778528214
-0.0322489738464355,20.2796367607121,0.297479778528214
-0.0303142070770264,24.307175357868,0.297479778528214
-0.0784472823143005,26.0448453051162,0.362855285406113
0.00275236368179321,28.4085816603167,0.362855285406113
-0.0562378168106079,30.4275405515532,0.362855285406113
-0.145710945129395,30.6445352421719,0.327852368354797
-0.0785065889358521,28.2975536946261,0.327852368354797
-0.172575414180756,24.9011976237436,0.327852368354797
-0.173892498016357,23.162934055148,0.206451639533043
-0.163990557193756,18.6413417621456,0.206451639533043
-0.0943290591239929,13.4300201699984,0.206451639533043
-0.0746506452560425,11.4338926426774,0.12967386841774
-0.032558262348175,9.43701114513888,0.12967386841774
-0.0705984532833099,7.23338692987913,0.12967386841774
-0.0258876532316208,5.60614700020915,0.101224035024643
-0.134008705615997,4.22037747136453,0.101224035024643
-0.0562395453453064,3.6977399938481,0.101224035024643
0.045014251023531,3.90610089473335,0.0139956017956138
0.0404450334608555,6.35475970182134,0.0139956017956138
-0.00308778136968613,11.6814443324526,0.0139956017956138
-0.0140212923288345,14.3810609929333,-0.0236504673957825
0.0198532342910767,13.7754834197199,-0.0236504673957825
0.135690331459045,12.1245488447827,-0.0236504673957825
0.10153865814209,10.8691994777081,0.128155454993248
0.00458449125289917,9.85575849933672,0.128155454993248
-0.0406063199043274,13.2991815499764,0.128155454993248
-0.0935801267623901,14.7142747825958,0.183678328990936
-0.140946984291077,11.5377462207595,0.183678328990936
-0.0909552276134491,6.84789591110076,0.183678328990936
-0.0503012537956238,4.14192426595889,0.11532898247242
0.115380007773638,2.17311196810806,0.11532898247242
0.102747738361359,28.278447650029,-0.34095287322998
0.105274856090546,20.2624412255252,-0.34095287322998
0.0889250636100769,19.6719561576719,-0.0886955559253693
0.105799973011017,14.89968463039,-0.0886955559253693
0.122878670692444,12.0197132681139,-0.0886955559253693
0.0838679075241089,12.5881386093142,0.15209273993969
0.00701355934143066,14.7297024908232,0.15209273993969
-0.0951728224754333,19.6262439401457,0.15209273993969
-0.0568321347236633,21.3745354677355,0.297479778528214
-0.0109711885452271,24.2283665374288,0.297479778528214
-0.00156694650650024,27.4317285276994,0.297479778528214
-0.064203679561615,28.5688960683023,0.362855285406113
-0.0626400709152222,29.7999974968231,0.362855285406113
-0.109469592571259,30.7709454807807,0.362855285406113
-0.16817706823349,30.6907290500256,0.327852368354797
-0.0963091850280762,27.6158695688362,0.327852368354797
-0.146895051002502,22.9864021820692,0.327852368354797
-0.152778685092926,20.2476973912868,0.206451639533043
-0.0862961411476135,15.2999833398002,0.206451639533043
-0.11498087644577,9.92580946633312,0.206451639533043
-0.0966300815343857,7.899889793754,0.12967386841774
0.0278534218668938,5.96980757991947,0.12967386841774
-0.0203730240464211,4.1483275245802,0.12967386841774
-0.0212807767093182,3.12617945057511,0.101224035024643
-0.00966962426900864,2.39369008148317,0.101224035024643
-0.0477904882282019,2.14173325563608,0.101224035024643
-0.113072276115417,2.2580735884724,0.0139956017956138
-0.098837535828352,4.29769356098522,0.0139956017956138
-0.0659275781363249,8.70021620668637,0.0139956017956138
-0.0436798697337508,11.1211876375558,-0.0236504673957825
0.0094897598028183,11.4592047696633,-0.0236504673957825
0.0478367805480957,10.8826885377491,-0.0236504673957825
0.0391199588775635,10.3391970629681,0.128155454993248
0.0209637880325317,9.24748180848186,0.128155454993248
0.000148534774780273,12.0471452465532,0.128155454993248
-0.114073574542999,13.0089795033735,0.183678328990936
-0.171403706073761,9.19102792744614,0.183678328990936
-0.0568465292453766,4.13574229501897,0.183678328990936
0.0417403429746628,2.02567545204155,0.11532898247242
0.13055504579097,0.905463083596904,0.11532898247242
0.0991705656051636,27.7594639517106,-0.34095287322998
0.086823582649231,21.6469493844813,-0.34095287322998
0.13782274723053,22.2416695074822,-0.0886955559253693
0.101049363613129,20.3839585488002,-0.0886955559253693
0.0571911931037903,19.7682965012524,-0.0886955559253693
0.103602409362793,20.3609043706659,0.15209273993969
-0.0146741271018982,21.8774694595044,0.15209273993969
-0.119942545890808,25.2352708476831,0.15209273993969
-0.0765770077705383,26.2484827442,0.297479778528214
-0.0730820298194885,28.0486647612049,0.297479778528214
-0.0671085119247437,30.1562876721447,0.297479778528214
-0.107716798782349,30.5656288666099,0.362855285406113
-0.129961848258972,30.8589960879422,0.362855285406113
-0.093333899974823,31.0444053862899,0.362855285406113
-0.0405262112617493,30.6962219129452,0.327852368354797
-0.0843088030815125,26.5998736975693,0.327852368354797
-0.0772455334663391,20.2797881380085,0.327852368354797
-0.0518689155578613,16.0425521241213,0.206451639533043
-0.0846439898014069,10.888239662465,0.206451639533043
-0.0514364540576935,5.86119304845717,0.206451639533043
0.0258718617260456,4.01398662426338,0.12967386841774
0.00036858394742012,2.37087709795004,0.12967386841774
-0.0766277816146612,5.61264450719911,0.0139956017956138
-0.0760612227022648,7.62985147733703,-0.0236504673957825
0.00758543238043785,8.68772091639861,-0.0236504673957825
-0.0102006494998932,9.1608308137357,-0.0236504673957825
0.0409804582595825,9.47325707673634,0.128155454993248
-0.00471687316894531,8.66340288785465,0.128155454993248
-0.03812175989151,10.1078957416663,0.128155454993248
-0.074718713760376,10.2209907740601,0.183678328990936
-0.0995236933231354,6.4867700273882,0.183678328990936
0.145381450653076,25.5940572363325,-0.262226909399033
0.127933382987976,20.4728551271241,-0.262226909399033
0.122070908546448,21.5030693955014,-0.102388687431812
0.053521454334259,20.7267596151683,-0.102388687431812
-0.0120400786399841,20.7952510710972,-0.102388687431812
0.0262872576713562,21.4154611202032,0.0741707161068916
0.00563293695449829,22.963886113406,0.0741707161068916
-0.1302570104599,26.1879991124052,0.0741707161068916
-0.104289472103119,27.0949684437258,0.239370793104172
-0.0827615261077881,28.6603016679665,0.239370793104172
-0.0803025364875793,30.4822865300155,0.239370793104172
-0.155844032764435,30.7570237254749,0.306772708892822
-0.182527661323547,30.7664522718683,0.306772708892822
-0.14330267906189,30.6391803345793,0.306772708892822
-0.0418017506599426,30.1965466849071,0.231218621134758
-0.0424776077270508,25.1356701986043,0.231218621134758
0.0308612585067749,17.7965705237868,0.231218621134758
0.0590445399284363,12.6710801975246,0.130849733948708
0.0154793113470078,7.91872552111719,0.130849733948708
-0.0165091902017593,4.185151635579,0.130849733948708
-0.0759526025503874,2.52370432957916,0.11121491342783
-0.0666903331875801,1.27192933742928,0.11121491342783
-0.102041057310998,3.48442500316609,0.0829287767410278
-0.110176682472229,5.56447112579401,0.0526209585368633
-0.0720318211242557,7.45885708693208,0.0526209585368633
-0.0179776847362518,8.62315416318598,0.0526209585368633
-0.00754106044769287,9.19088025316491,0.10259884595871
0.0139847993850708,8.53727947952708,0.10259884595871
-0.00673884153366089,8.42338912139046,0.10259884595871
-0.0260846316814423,7.50200465548007,0.132923468947411
-0.042883574962616,4.44468084509913,0.132923468947411
0.185910046100616,27.2972459237433,-0.262226909399033
0.0798930525779724,25.67674435011,-0.262226909399033
0.0584331154823303,27.2388952309845,-0.102388687431812
0.0169241428375244,27.6587074163922,-0.102388687431812
-0.0260930061340332,27.9863823058868,-0.102388687431812
-0.0552688837051392,28.1691277491488,0.0741707161068916
-0.0224903225898743,28.7609610701771,0.0741707161068916
-0.0345775485038757,30.1993711080547,0.0741707161068916
-0.0804070830345154,29.8801810172149,0.239370793104172
-0.0855380892753601,30.2529055473393,0.239370793104172
-0.0733509659767151,31.1798821648273,0.239370793104172
-0.123553931713104,30.90842799567,0.306772708892822
-0.143458843231201,29.8870767339832,0.306772708892822
-0.159517765045166,28.2127295062907,0.306772708892822
-0.0507650375366211,26.3911124454562,0.231218621134758
-0.0228985249996185,19.2253484181064,0.231218621134758
0.0293095409870148,10.8973337723883,0.231218621134758
0.0679356828331947,7.07782159868491,0.130849733948708
-0.020576648414135,4.21908022418521,0.130849733948708
-0.0998472832143307,2.2714659327567,0.130849733948708
-0.0864359699189663,1.2575865719795,0.11121491342783
-0.0946978740394115,0.539748002181931,0.11121491342783
-0.110419943928719,1.6068053325242,0.0829287767410278
-0.0899504376575351,3.01278059353882,0.0526209585368633
-0.0758871398866177,4.53560142714188,0.0526209585368633
-0.0276372730731964,5.72830001863072,0.0526209585368633
0.00262364745140076,6.42435692108955,0.10259884595871
-0.00665611028671265,6.03533264168449,0.10259884595871
-0.00143468379974365,5.63359087773119,0.10259884595871
-0.0114874839782715,4.68943086799488,0.132923468947411
-0.0170449614524841,2.65322012870353,0.132923468947411
0.13809609413147,32.1090711151254,-0.262226909399033
-0.00350910425186157,33.3432073288667,-0.262226909399033
0.0233142375946045,34.9406354323177,-0.102388687431812
0.0177960395812988,35.7052324009969,-0.102388687431812
0.00690436363220215,35.8731143302294,-0.102388687431812
-0.0553457736968994,35.6270848896932,0.0741707161068916
-0.0676243305206299,35.253626177167,0.0741707161068916
-0.0458117723464966,34.7419768725602,0.0741707161068916
-0.0780553817749023,32.9103012375401,0.239370793104172
-0.0548238158226013,31.8391860453008,0.239370793104172
-0.0621262192726135,31.7245518595513,0.239370793104172
-0.129203855991364,30.7275480332544,0.306772708892822
-0.153820335865021,28.0034821884691,0.306772708892822
-0.09376460313797,23.6139618991936,0.306772708892822
-0.0159394443035126,19.6671010952517,0.231218621134758
-0.028117299079895,11.6808322184076,0.231218621134758
-0.0594015270471573,2.2010588984636,0.0526209585368633
0.000863485038280487,2.90926660014748,0.10259884595871
-0.00780872255563736,2.74669485149627,0.10259884595871
-0.0777323842048645,2.75611194929011,0.10259884595871
-0.036781370639801,2.45991995395029,0.132923468947411
-0.0258342921733856,1.42547357385587,0.132923468947411
0.111205637454987,32.2119450806244,-0.107019975781441
0.0139252543449402,34.6010815551089,-0.107019975781441
0.0122538805007935,36.2586293421195,-0.0649080276489258
0.0662755370140076,37.1896164697836,-0.0649080276489258
0.0486853122711182,37.3584805059197,-0.0649080276489258
0.0204053521156311,37.0396170973933,0.0272149592638016
0.0185254216194153,36.3888588865271,0.0272149592638016
-0.0732945203781128,35.1712838833582,0.0272149592638016
-0.091252863407135,32.8715518467085,0.166301846504211
-0.0399880409240723,31.3629469005407,0.166301846504211
-0.0402045249938965,30.9942385387504,0.166301846504211
-0.118365883827209,29.7775446991316,0.209557458758354
-0.127575933933258,25.8031588708795,0.209557458758354
-0.026197612285614,19.3832148464344,0.209557458758354
-0.0177561640739441,13.4968680209123,0.140107780694962
0.00870797038078308,6.85040126431194,0.140107780694962
-0.0795144131407142,1.10329646691031,0.0979053005576134
-0.0958063248544931,1.74060932997838,0.101653069257736
0.0279500111937523,1.93644102289352,0.101653069257736
0.036136694252491,1.89965897241469,0.101653069257736
-0.017089456319809,1.50274351785115,0.108276039361954
-0.0168223977088928,0.802994737407811,0.108276039361954
-0.0185582637786865,27.2319352842367,-0.107019975781441
-0.0539255142211914,29.4510370120528,-0.107019975781441
-0.00576776266098022,30.9149384975911,-0.0649080276489258
-0.0128456354141235,31.7801501680876,-0.0649080276489258
-0.030271589756012,31.8678565324165,-0.0649080276489258
-0.0187077522277832,31.4714916287352,0.0272149592638016
-0.00744986534118652,30.7654001983672,0.0272149592638016
-0.0693580508232117,29.5678552344338,0.0272149592638016
-0.0772205591201782,27.565835207453,0.166301846504211
-0.0395929217338562,26.2290000334717,0.166301846504211
-0.0482596755027771,25.6873080168012,0.166301846504211
-0.0943829417228699,23.8596523640655,0.209557458758354
-0.112774342298508,18.5119320622793,0.209557458758354
-0.0891249179840088,11.8822028231453,0.209557458758354
-0.056694507598877,7.0489502701096,0.140107780694962
0.0579215586185455,3.02108861225378,0.140107780694962
-0.0895207421854138,0.530855575525753,0.0979053005576134
-0.0635584825649858,0.984842946006346,0.101653069257736
-0.034176024608314,1.25547364307123,0.101653069257736
-0.0107862576842308,1.1781120545673,0.101653069257736
-0.0253681056201458,0.799579275567313,0.108276039361954
0.0159086436033249,0.365054666794806,0.108276039361954
-0.0428927540779114,20.4223460263665,-0.107019975781441
-0.0730995535850525,21.57308957303,-0.107019975781441
-0.107105821371078,22.5391390388241,-0.0649080276489258
-0.106099784374237,23.1054197878305,-0.0649080276489258
-0.0863928198814392,22.9935058628027,-0.0649080276489258
-0.0436758995056152,22.4688373462853,0.0272149592638016
-0.00389838218688965,21.7866300379275,0.0272149592638016
-0.0409191846847534,21.0179830832568,0.0272149592638016
-0.0592047572135925,19.7819906175255,0.166301846504211
-0.0430664420127869,18.7384321233512,0.166301846504211
-0.0661357045173645,17.5905428194089,0.166301846504211
-0.0594567656517029,15.0238553726447,0.209557458758354
-0.0822442173957825,9.08825560462355,0.209557458758354
-0.0601291656494141,18.3998478884058,0.0481383539736271
-0.131737142801285,19.1584029278754,0.0481383539736271
-0.159860253334045,19.9399985113961,0.0409348420798779
-0.0710023939609528,20.4195830153346,0.0409348420798779
-0.0189758241176605,20.2538124898114,0.0409348420798779
-0.0407401919364929,19.6852030471864,0.0682592764496803
0.0389559268951416,18.9580794683067,0.0682592764496803
0.00254279375076294,18.2428261216856,0.0682592764496803
-0.0585418939590454,17.2385183465577,0.125979974865913
-0.0847816467285156,15.7595843672202,0.125979974865913
-0.0765981674194336,13.1197433445319,0.125979974865913
-0.0215531289577484,9.51291210785372,0.128921985626221
-0.0319605767726898,4.80210386526392,0.128921985626221
-0.0667357733473182,4.36031987887941,0.0587044321000576
0.0364972800016403,7.60946666533407,0.0325676314532757
-0.0306130349636078,10.2057687375375,0.0325676314532757
-0.0422296822071075,11.5488844552309,0.0325676314532757
-0.0792330801486969,12.1345701013724,0.0481383539736271
-0.0581919550895691,12.6452496075408,0.0481383539736271
-0.170226037502289,13.1949101144286,0.0481383539736271
-0.105325251817703,13.7664479868489,0.0409348420798779
-0.0498524904251099,14.1849418301707,0.0409348420798779
-0.0353242158889771,14.2437149284207,0.0409348420798779
-0.0230281054973602,14.035219573895,0.0682592764496803
0.0212274193763733,13.5640130296062,0.0682592764496803
0.0393857359886169,12.9971991975221,0.0682592764496803
-0.0145764946937561,12.1242577394061,0.125979974865913
-0.0751520991325378,10.6949108298666,0.125979974865913
-0.10127380490303,8.19872079256027,0.125979974865913
-0.0311056673526764,5.10579617306315,0.128921985626221
-0.0540947914123535,2.18986508774632,0.128921985626221
-0.00422058627009392,4.39079436247992,0.0409348420798779
0.0309615135192871,4.79665505150323,0.0682592764496803
-0.0090731680393219,4.75365646050275,0.0682592764496803
-0.000625163316726685,4.59791354847148,0.0682592764496803
0.0100673735141754,4.04567229141858,0.125979974865913
-0.0336955189704895,3.16009631285472,0.125979974865913
-0.0516371725825593,1.0042316649463,0.0993423536419868
-0.0662005431950092,1.47728595692086,0.102277711033821
-0.0389921423047781,1.54591944552842,0.102277711033821
-0.0430460870265961,1.52646421975376,0.102277711033821
0.00370290875434875,1.17460996504581,0.107463717460632
0.0879552364349365,0.588980220773342,0.107463717460632
-0.0725545920431614,0.520317847623397,0.0993423536419868
-0.0757466517388821,0.909195821100857,0.102277711033821
-0.0639356346800923,1.10019384757766,0.102277711033821
-0.0432705455459654,0.995298621949658,0.102277711033821
0.0213407501578331,0.645837782870159,0.107463717460632
0.125047329813242,0.276623896486369,0.107463717460632
